8131 
1 6 10 12 17 20 28 39 
2 8 8 16 40 49 1213 1320 7550 7551 
3 9 44 3153 3174 3195 3208 7477 7508 7548 7567 
4 3 8 1481 7518 
5 4 11 35 1260 1342 
6 5 14 17 44 45 3208 
7 7 37 39 42 47 3165 3199 4690 
8 10 2 4 27 31 1320 1481 1544 7518 7550 7551 
9 8 18 38 43 4050 4095 4174 4185 4197 
10 10 1 17 20 37 39 45 3153 3174 3199 3208 
11 5 5 35 48 1260 1342 
12 14 1 13 15 17 20 22 23 28 45 1260 4680 4733 4758 4779 
13 10 12 28 42 4625 4660 4733 4756 4799 4846 4881 
14 6 6 44 45 49 7500 7564 
15 6 12 19 23 24 46 4758 
16 8 2 34 40 41 45 49 50 1213 
17 7 1 6 10 12 20 45 3208 
18 6 9 23 30 43 4095 4113 
19 3 15 23 24 
20 8 1 10 12 17 28 37 39 45 
21 8 33 48 1342 4082 4083 4117 4120 4185 
22 6 12 23 33 38 1260 4050 
23 14 12 15 18 19 22 24 25 26 30 32 38 4113 4137 4758 
24 7 15 19 23 32 46 4137 4758 
25 2 23 4113 
26 4 23 30 38 43 
27 5 8 31 7481 7485 7551 
28 7 1 12 13 20 37 39 42 
29 2 32 4867 
30 4 18 23 26 43 
31 6 8 27 7485 7518 7521 7585 
32 9 23 24 29 46 4137 4625 4758 4779 4867 
33 7 21 22 38 48 1260 4050 4185 
34 8 16 35 36 41 50 51 1260 1387 
35 6 5 11 34 51 1260 1342 
36 3 34 41 51 
37 6 7 10 20 28 39 42 
38 7 9 22 23 26 33 43 4050 
39 10 1 7 10 20 28 37 42 47 3165 3199 
40 4 2 16 49 7550 
41 12 16 34 36 51 1213 1216 1320 1322 1336 1435 1483 1544 
42 8 7 13 28 37 39 4756 4760 4876 
43 5 9 18 26 30 38 
44 6 3 6 14 3208 7548 7564 
45 11 6 10 12 14 16 17 20 49 50 1260 1387 
46 4 15 24 32 4758 
47 3 7 39 3165 
48 5 11 21 33 1260 1342 
49 7 2 14 16 40 45 7500 7551 
50 5 16 34 45 1260 1387 
51 8 34 35 36 41 1216 1342 1435 1483 
52 4 58 85 92 117 
53 7 58 61 71 90 92 115 117 
54 16 66 80 86 88 89 96 97 103 111 114 116 120 124 125 126 138 
55 4 88 107 125 4594 
56 5 58 74 75 133 7198 
57 6 62 73 95 110 111 114 
58 8 52 53 56 71 74 75 85 117 
59 23 63 65 67 68 70 73 94 98 100 109 110 113 118 119 121 127 131 135 136 1951 2004 2039 3602 
60 9 61 69 76 102 275 4615 7029 7103 7113 
61 6 53 60 69 71 90 7029 
62 6 57 68 81 95 100 110 
63 6 59 73 89 94 116 122 
64 5 74 128 7082 7127 7198 
65 4 59 70 119 136 
66 5 54 89 94 99 120 
67 7 59 121 131 135 2004 3586 3602 
68 7 59 62 100 109 110 118 127 
69 5 60 61 80 90 102 
70 10 59 65 94 104 108 119 132 136 2036 2039 
71 7 53 58 61 74 128 7029 7129 
72 6 80 90 92 115 126 134 
73 7 57 59 63 98 110 111 122 
74 7 56 58 64 71 128 133 7198 
75 6 56 58 85 130 7198 7239 
76 3 60 275 4615 
77 6 85 87 97 105 130 2324 
78 4 80 84 102 112 
79 3 118 127 135 
80 12 54 69 72 78 84 90 91 102 112 125 126 138 
81 6 62 82 93 95 100 137 
82 5 81 88 93 95 123 
83 3 120 124 2274 
84 7 78 80 102 107 112 125 4594 
85 9 52 58 75 77 87 92 97 126 130 
86 4 54 101 120 124 
87 3 77 85 97 
88 11 54 55 82 95 114 123 125 4585 4591 4594 4600 
89 5 54 63 66 94 116 
90 7 53 61 69 72 80 91 115 
91 2 80 90 
92 8 52 53 72 85 115 117 126 134 
93 6 81 82 106 123 137 4600 
94 7 59 63 66 70 89 104 120 
95 6 57 62 81 82 88 114 
96 6 54 97 103 105 124 2420 
97 8 54 77 85 87 96 103 105 126 
98 4 59 73 110 119 
99 5 66 120 132 2278 2279 
100 7 59 62 68 81 109 118 137 
101 3 86 120 124 
102 7 60 69 78 80 84 4594 4615 
103 3 54 96 97 
104 4 70 94 120 132 
105 5 77 96 97 2324 2420 
106 6 93 137 2759 2812 3606 4600 
107 4 55 84 125 4594 
108 5 70 132 1957 2036 2047 
109 4 59 68 100 110 
110 8 57 59 62 68 73 98 109 119 
111 6 54 57 73 114 116 122 
112 3 78 80 84 
113 2 59 2039 
114 6 54 57 88 95 111 125 
115 5 53 72 90 92 134 
116 5 54 63 89 111 122 
117 5 52 53 58 92 134 
118 8 59 68 79 100 127 135 137 3586 
119 6 59 65 70 98 110 136 
120 13 54 66 83 86 94 99 101 104 124 132 2274 2278 2366 
121 4 59 67 127 131 
122 4 63 73 111 116 
123 4 82 88 93 4600 
124 10 54 83 86 96 101 120 129 2274 2374 2420 
125 7 54 55 80 84 88 107 114 
126 6 54 72 80 85 92 97 
127 9 59 68 79 118 121 131 135 137 3586 
128 5 64 71 74 7127 7129 
129 6 124 2222 2274 2280 2374 2391 
130 7 75 77 85 2306 2320 2324 7239 
131 4 59 67 121 127 
132 12 70 99 104 108 120 1957 2025 2279 2329 2355 2370 2383 
133 3 56 74 7198 
134 4 72 92 115 117 
135 6 59 67 79 118 127 3586 
136 4 59 65 70 119 
137 9 81 93 100 106 118 127 3585 3586 3606 
138 2 54 80 
139 5 239 270 271 7166 7240 
140 5 152 191 225 241 264 
141 7 148 194 229 6989 6991 7053 7057 
142 5 184 188 235 248 274 
143 7 196 197 212 215 216 236 279 
144 8 168 219 223 228 234 237 238 262 
145 4 176 210 229 243 
146 4 160 195 240 260 
147 9 159 170 194 217 221 233 240 267 7057 
148 4 141 6989 7057 7169 
149 3 156 169 231 
150 5 153 162 236 249 278 
151 5 215 236 242 250 4573 
152 8 140 188 203 225 227 255 258 264 
153 9 150 162 193 199 202 236 249 256 278 
154 5 158 174 176 224 243 
155 3 176 194 229 
156 6 149 179 185 186 219 231 
157 6 197 203 215 225 230 250 
158 6 154 177 198 211 224 243 
159 7 147 161 181 233 7057 7109 7169 
160 5 146 195 198 211 240 
161 4 159 181 189 7109 
162 4 150 153 218 236 
163 4 212 236 247 4573 
164 6 168 178 232 238 253 273 
165 5 171 175 192 195 206 
166 5 210 222 243 7041 7206 
167 5 192 228 237 262 272 
168 8 144 164 178 234 238 246 253 266 
169 5 149 175 207 231 244 
170 3 147 240 267 
171 4 165 175 195 260 
172 2 208 249 
173 3 194 211 240 
174 4 154 176 194 224 
175 8 165 169 171 192 207 213 244 260 
176 7 145 154 155 174 194 229 243 
177 6 158 198 205 243 265 269 
178 8 164 168 201 232 246 253 266 273 
179 7 156 185 209 219 223 261 263 
180 2 220 263 
181 8 159 161 189 190 191 233 259 275 
182 2 218 236 
183 4 186 192 213 262 
184 4 142 188 221 248 
185 2 156 179 
186 7 156 183 213 219 231 244 262 
187 7 193 196 197 212 236 247 279 
188 7 142 152 184 227 235 255 274 
189 5 161 181 190 275 7109 
190 3 181 189 275 
191 8 140 181 217 221 233 241 259 264 
192 10 165 167 175 183 206 213 262 265 270 272 
193 6 153 187 197 202 236 279 
194 11 141 147 155 173 174 176 211 224 229 240 7057 
195 8 146 160 165 171 198 205 206 260 
196 5 143 187 212 236 247 
197 8 143 157 187 193 202 203 215 279 
198 6 158 160 177 195 205 211 
199 5 153 200 202 208 249 
200 4 199 202 208 254 
201 11 178 209 220 232 238 239 246 263 273 276 7166 
202 7 153 193 197 199 200 203 254 
203 8 152 157 197 202 214 225 254 257 
204 5 226 230 241 252 259 
205 5 177 195 198 206 265 
206 5 165 192 195 205 265 
207 6 169 175 235 244 260 274 
208 5 172 199 200 249 254 
209 6 179 201 223 238 261 263 
210 6 145 166 229 243 7041 7170 
211 7 158 160 173 194 198 224 240 
212 7 143 163 187 196 236 247 279 
213 5 175 183 186 192 244 
214 4 203 249 254 268 
215 7 143 151 157 197 216 236 250 
216 3 143 215 236 
217 4 147 191 221 233 
218 3 162 182 236 
219 7 144 156 179 186 223 238 262 
220 3 180 201 263 
221 8 147 184 191 217 248 258 264 267 
222 9 166 243 271 7028 7075 7160 7206 7225 7240 
223 6 144 179 209 219 238 261 
224 5 154 158 174 194 211 
225 6 140 152 157 203 230 241 
226 6 204 230 242 250 252 275 
227 4 152 188 255 258 
228 5 144 167 234 237 272 
229 12 141 145 155 176 194 210 6988 6991 7032 7060 7170 7174 
230 6 157 204 225 226 241 250 
231 5 149 156 169 186 244 
232 5 164 178 201 238 273 
233 5 147 159 181 191 217 
234 7 144 168 228 239 266 270 272 
235 6 142 188 207 248 260 274 
236 25 143 150 151 153 162 163 182 187 193 196 212 215 216 218 245 247 250 256 268 277 4573 4582 4592 4602 4616 
237 4 144 167 228 262 
238 8 144 164 168 201 209 219 223 232 
239 8 139 201 234 246 251 266 270 7166 
240 10 146 147 160 170 173 194 211 248 260 267 
241 6 140 191 204 225 230 259 
242 7 151 226 250 275 4573 4594 4615 
243 10 145 154 158 166 176 177 210 222 269 271 
244 6 169 175 186 207 213 231 
245 1 236 
246 6 168 178 201 239 251 266 
247 5 163 187 196 212 236 
248 7 142 184 221 235 240 260 267 
249 9 150 153 172 199 208 214 254 268 278 
250 7 151 157 215 226 230 236 242 
251 3 239 246 266 
252 4 204 226 259 275 
253 4 164 168 178 266 
254 6 200 202 203 208 214 249 
255 3 152 188 227 
256 4 153 236 268 278 
257 1 203 
258 4 152 221 227 264 
259 6 181 191 204 241 252 275 
260 8 146 171 175 195 207 235 240 248 
261 3 179 209 223 
262 8 144 167 183 186 192 219 237 272 
263 5 179 180 201 209 220 
264 5 140 152 191 221 258 
265 6 177 192 205 206 269 270 
266 7 168 178 234 239 246 251 253 
267 5 147 170 221 240 248 
268 5 214 236 249 256 278 
269 5 177 243 265 270 271 
270 8 139 192 234 239 265 269 271 272 
271 6 139 222 243 269 270 7240 
272 6 167 192 228 234 262 270 
273 5 164 178 201 232 276 
274 4 142 188 207 235 
275 12 60 76 181 189 190 226 242 252 259 4615 7109 7113 
276 2 201 273 
277 4 236 4602 4607 4608 
278 5 150 153 249 256 268 
279 5 143 187 193 197 212 
280 5 281 320 342 379 2698 
281 6 280 302 320 321 332 342 
282 4 307 382 2684 2826 
283 5 296 309 312 333 334 
284 9 294 308 325 329 330 340 352 355 379 
285 7 296 309 315 345 347 364 374 
286 8 299 307 332 348 2793 2826 2827 2839 
287 4 325 358 2698 2712 
288 6 304 305 312 314 333 365 
289 4 290 294 356 366 
290 6 289 291 317 326 356 366 
291 3 290 326 366 
292 9 303 317 322 327 341 349 363 369 376 
293 4 302 316 321 346 
294 9 284 289 306 308 330 352 355 356 366 
295 7 301 313 323 328 334 375 378 
296 6 283 285 309 334 364 378 
297 6 300 336 351 359 362 367 
298 7 300 311 325 343 358 359 372 
299 6 286 348 2737 2741 2758 2839 
300 5 297 298 358 359 367 
301 5 295 323 334 361 368 
302 6 281 293 308 321 342 346 
303 5 292 322 327 349 353 
304 3 288 305 312 
305 7 288 304 312 334 361 365 370 
306 8 294 317 318 326 329 330 355 366 
307 7 282 286 316 321 332 382 2826 
308 10 284 294 302 316 318 330 342 346 352 379 
309 8 283 285 296 319 333 334 337 347 
310 5 335 339 341 361 368 
311 5 298 325 343 363 372 
312 8 283 288 304 305 333 334 361 370 
313 4 295 328 350 375 
314 4 288 333 337 365 
315 6 285 338 345 374 2726 2797 
316 9 293 307 308 318 321 346 377 380 382 
317 10 290 292 306 318 322 330 354 356 366 377 
318 7 306 308 316 317 330 366 377 
319 6 309 333 337 344 345 347 
320 7 280 281 332 348 2698 2737 2758 
321 7 281 293 302 307 316 332 348 
322 8 292 303 317 325 327 353 356 363 
323 4 295 301 368 375 
324 2 339 375 
325 12 284 287 298 311 322 340 343 355 356 358 363 2698 
326 5 290 291 306 329 366 
327 5 292 303 322 349 376 
328 8 295 313 350 364 374 378 4596 4605 
329 5 284 306 326 330 355 
330 9 284 294 306 308 317 318 329 352 366 
331 6 337 351 357 359 362 365 
332 7 281 286 307 320 321 348 2758 
333 7 283 288 309 312 314 319 337 
334 10 283 295 296 301 305 309 312 361 370 378 
335 7 310 341 361 363 365 369 370 
336 6 297 345 351 360 367 2726 
337 8 309 314 319 331 333 344 351 365 
338 5 315 373 374 2797 2812 
339 4 310 324 368 375 
340 4 284 325 379 2698 
341 4 292 310 335 369 
342 5 280 281 302 308 379 
343 3 298 311 325 
344 5 319 337 345 351 371 
345 9 285 315 319 336 344 347 351 360 2726 
346 4 293 302 308 316 
347 4 285 309 319 345 
348 6 286 299 320 321 332 2758 
349 6 292 303 327 353 363 376 
350 4 313 328 4575 4596 
351 9 297 331 336 337 344 345 360 362 371 
352 4 284 294 308 330 
353 4 303 322 349 363 
354 4 317 377 380 381 
355 6 284 294 306 325 329 356 
356 7 289 290 294 317 322 325 355 
357 5 331 359 363 365 372 
358 7 287 298 300 325 367 2712 2726 
359 7 297 298 300 331 357 362 372 
360 4 336 345 351 371 
361 8 301 305 310 312 334 335 368 370 
362 4 297 331 351 359 
363 11 292 311 322 325 335 349 353 357 365 369 372 
364 5 285 296 328 374 378 
365 9 288 305 314 331 335 337 357 363 370 
366 9 289 290 291 294 306 317 318 326 330 
367 5 297 300 336 358 2726 
368 6 301 310 323 339 361 375 
369 4 292 335 341 363 
370 6 305 312 334 335 361 365 
371 3 344 351 360 
372 5 298 311 357 359 363 
373 5 338 374 2812 4587 4596 
374 8 285 315 328 338 364 373 4596 4605 
375 6 295 313 323 324 339 368 
376 3 292 327 349 
377 6 316 317 318 354 380 381 
378 5 295 296 328 334 364 
379 6 280 284 308 340 342 2698 
380 5 316 354 377 381 382 
381 3 354 377 380 
382 4 282 307 316 380 
383 6 460 541 566 5967 5980 6024 
384 7 398 445 464 527 551 601 6859 
385 7 505 506 514 543 572 582 622 
386 4 388 395 587 629 
387 7 393 441 477 516 542 596 617 
388 7 386 395 466 471 550 587 589 
389 5 502 509 552 555 610 
390 6 391 438 468 499 529 578 
391 15 390 420 459 468 473 478 499 553 583 626 6885 6890 6905 6910 6960 
392 7 401 435 489 496 510 624 5493 
393 9 387 442 516 538 542 603 5915 5923 5966 
394 5 413 500 572 582 614 
395 4 386 388 589 629 
396 19 405 413 422 433 446 453 462 487 488 490 495 500 525 537 559 568 604 606 627 
397 5 423 479 480 534 576 
398 11 384 427 429 527 559 565 573 584 601 602 606 
399 6 402 416 428 448 481 617 
400 8 423 454 476 491 535 563 597 5494 
401 7 392 411 435 483 493 607 624 
402 4 399 416 481 484 
403 6 457 500 539 549 558 572 
404 6 416 419 421 432 436 447 
405 3 396 490 604 
406 6 456 463 485 512 571 5510 
407 5 481 501 7271 7300 7318 
408 6 461 541 566 612 613 616 
409 5 418 541 547 581 603 
410 8 420 480 523 605 625 629 1654 1755 
411 9 401 417 424 493 545 579 607 615 618 
412 6 439 449 458 591 595 614 
413 8 394 396 449 487 488 500 567 614 
414 10 426 494 522 527 530 531 533 551 574 630 
415 5 418 436 440 547 592 
416 7 399 402 404 419 432 448 484 
417 12 411 450 475 485 545 571 580 610 618 5352 5509 5604 
418 8 409 415 436 539 543 547 558 581 
419 5 404 416 447 448 477 
420 9 391 410 526 625 626 1654 6811 6862 6905 
421 4 404 432 436 444 
422 4 396 495 500 549 
423 7 397 400 476 479 534 597 609 
424 5 411 515 615 618 621 
425 6 433 488 507 540 567 593 
426 4 414 494 551 6859 
427 5 398 588 601 602 4413 
428 6 399 481 501 570 596 617 
429 8 398 470 565 602 4386 4410 4418 4442 
430 9 451 469 492 518 521 578 600 615 621 
431 5 439 503 511 598 611 
432 7 404 416 421 443 444 484 508 
433 5 396 425 446 488 593 
434 6 436 437 444 506 514 622 
435 4 392 401 483 496 
436 11 404 415 418 421 434 440 444 447 506 514 543 
437 6 434 444 505 560 622 623 
438 4 390 499 578 620 
439 6 412 431 449 458 511 598 
440 5 415 436 447 477 592 
441 4 387 542 596 7350 
442 3 393 538 5915 
443 9 432 456 484 508 557 562 5421 5560 5593 
444 7 421 432 434 436 437 508 560 
445 5 384 464 601 6859 6924 
446 5 396 433 453 561 593 
447 5 404 419 436 440 477 
448 5 399 416 419 477 617 
449 6 412 413 439 511 567 614 
450 6 417 475 486 498 503 571 
451 5 430 515 518 577 615 
452 6 494 546 594 6792 6894 6939 
453 6 396 446 497 559 561 600 
454 3 400 476 491 
455 4 517 556 597 609 
456 6 406 443 512 562 5421 5510 
457 4 403 461 539 549 
458 5 412 439 544 595 598 
459 3 391 468 473 
460 5 383 538 541 603 5967 
461 7 408 457 539 549 581 612 616 
462 5 396 525 565 584 606 
463 6 406 512 544 571 598 623 
464 6 384 445 601 4327 6911 6924 
465 5 492 513 599 600 608 
466 8 388 471 479 576 587 619 5548 5645 
467 6 481 557 5419 5556 5593 5707 
468 5 390 391 459 473 529 
469 6 430 521 524 528 578 620 
470 3 429 565 4442 
471 7 388 466 550 564 586 589 619 
472 3 473 577 626 
473 7 391 459 468 472 529 577 626 
474 3 518 529 578 
475 5 417 450 486 575 610 
476 7 400 423 454 479 491 597 5645 
477 8 387 419 440 447 448 516 592 617 
478 5 391 499 546 583 6803 
479 6 397 423 466 476 576 5645 
480 7 397 410 534 576 587 605 629 
481 12 399 402 407 428 467 484 501 557 5419 7271 7286 7316 
482 8 566 590 604 613 627 5956 5980 6060 
483 7 401 435 493 496 550 564 586 
484 6 402 416 432 443 481 557 
485 5 406 417 571 5510 5604 
486 5 450 475 503 575 611 
487 4 396 413 488 567 
488 6 396 413 425 433 487 567 
489 5 392 624 628 5446 5493 
490 4 396 405 537 604 
491 8 400 454 476 535 5589 5624 5638 5645 
492 6 430 465 509 513 600 621 
493 7 401 411 483 550 579 607 624 
494 9 414 426 452 531 594 630 6859 6894 6939 
495 7 396 422 549 554 568 590 604 
496 6 392 435 483 510 586 5478 
497 4 453 536 559 600 
498 4 450 503 571 598 
499 11 390 391 438 478 546 569 583 620 6803 6885 6894 
500 7 394 396 403 413 422 549 572 
501 6 407 428 481 570 7318 7328 
502 5 389 509 575 608 610 
503 6 431 450 486 498 598 611 
504 4 540 585 599 608 
505 8 385 437 544 582 591 595 622 623 
506 6 385 434 436 514 543 622 
507 4 425 540 561 593 
508 5 432 443 444 560 562 
509 7 389 492 502 513 555 608 621 
510 8 392 496 5380 5437 5478 5493 5589 5641 
511 6 431 439 449 567 608 611 
512 6 406 456 463 560 562 623 
513 4 465 492 509 608 
514 5 385 434 436 506 543 
515 4 424 451 577 615 
516 5 387 393 477 592 603 
517 6 455 523 534 556 605 609 
518 6 430 451 474 529 577 578 
519 6 550 577 579 589 615 626 
520 4 602 4321 4413 4418 
521 7 430 469 528 530 533 574 600 
522 5 414 527 573 574 600 
523 9 410 517 556 605 1653 1722 1747 1749 1755 
524 8 469 528 531 533 569 594 620 630 
525 6 396 462 532 565 627 6060 
526 5 420 589 625 626 629 
527 6 384 398 414 522 551 573 
528 5 469 521 524 530 533 
529 7 390 468 473 474 518 577 578 
530 5 414 521 528 533 574 
531 5 414 494 524 594 630 
532 9 525 548 565 627 4420 4442 5930 5990 6060 
533 6 414 521 524 528 530 630 
534 6 397 423 480 517 605 609 
535 4 400 491 563 5638 
536 4 497 540 561 600 
537 4 396 490 604 627 
538 6 393 442 460 603 5915 5967 
539 6 403 418 457 461 558 581 
540 9 425 504 507 536 561 567 599 600 608 
541 8 383 408 409 460 566 581 603 616 
542 7 387 393 441 5923 5975 7350 7393 
543 7 385 418 436 506 514 558 572 
544 6 458 463 505 595 598 623 
545 6 411 417 580 607 624 628 
546 8 452 478 499 569 594 6792 6803 6894 
547 5 409 415 418 592 603 
548 5 532 4358 4416 4420 5930 
549 8 403 422 457 461 495 500 554 612 
550 8 388 471 483 493 519 564 579 589 
551 5 384 414 426 527 6859 
552 4 389 555 610 621 
553 1 391 
554 4 495 549 590 612 
555 4 389 509 552 621 
556 6 455 517 523 597 1653 1726 
557 5 443 467 481 484 5593 
558 5 403 418 539 543 572 
559 7 396 398 453 497 573 600 606 
560 6 437 444 508 512 562 623 
561 7 446 453 507 536 540 593 600 
562 5 443 456 508 512 560 
563 5 400 535 597 5494 5638 
564 4 471 483 550 586 
565 8 398 429 462 470 525 532 584 4442 
566 6 383 408 482 541 613 5980 
567 8 413 425 449 487 488 511 540 608 
568 3 396 495 604 
569 6 499 524 546 583 594 620 
570 5 428 501 596 7328 7387 
571 7 406 417 450 463 485 498 598 
572 7 385 394 403 500 543 558 582 
573 5 398 522 527 559 600 
574 5 414 521 522 530 600 
575 6 475 486 502 608 610 611 
576 5 397 466 479 480 587 
577 9 451 472 473 515 518 519 529 615 626 
578 8 390 430 438 469 474 518 529 620 
579 5 411 493 519 550 615 
580 4 417 545 628 5352 
581 6 409 418 461 539 541 616 
582 6 385 394 505 572 591 614 
583 4 391 478 499 569 
584 4 398 462 565 606 
585 3 504 599 608 
586 7 471 483 496 564 619 5478 5548 
587 6 386 388 466 480 576 629 
588 3 427 601 4413 
589 8 388 395 471 519 526 550 626 629 
590 6 482 495 554 604 612 613 
591 5 412 505 582 595 614 
592 6 415 440 477 516 547 603 
593 5 425 433 446 507 561 
594 6 452 494 524 531 546 569 
595 5 412 458 505 544 591 
596 7 387 428 441 570 617 7350 7387 
597 12 400 423 455 476 556 563 609 1726 5390 5416 5494 5542 
598 8 431 439 458 463 498 503 544 571 
599 6 465 504 540 585 600 608 
600 14 430 453 465 492 497 521 522 536 540 559 561 573 574 599 
601 8 384 398 427 445 464 588 4327 4413 
602 6 398 427 429 520 4413 4418 
603 8 393 409 460 516 538 541 547 592 
604 9 396 405 482 490 495 537 568 590 627 
605 5 410 480 517 523 534 
606 5 396 398 462 559 584 
607 5 401 411 493 545 624 
608 12 465 502 504 509 511 513 540 567 575 585 599 611 
609 5 423 455 517 534 597 
610 8 389 417 475 502 552 575 618 621 
611 6 431 486 503 511 575 608 
612 7 408 461 549 554 590 613 616 
613 5 408 482 566 590 612 
614 6 394 412 413 449 582 591 
615 9 411 424 430 451 515 519 577 579 621 
616 5 408 461 541 581 612 
617 6 387 399 428 448 477 596 
618 5 411 417 424 610 621 
619 4 466 471 586 5548 
620 6 438 469 499 524 569 578 
621 9 424 430 492 509 552 555 610 615 618 
622 5 385 434 437 505 506 
623 6 437 463 505 512 544 560 
624 7 392 401 489 493 545 607 628 
625 4 410 420 526 629 
626 8 391 420 472 473 519 526 577 589 
627 7 396 482 525 532 537 604 6060 
628 6 489 545 580 624 5352 5446 
629 8 386 395 410 480 526 587 589 625 
630 5 414 494 524 531 533 
631 4 674 721 727 1655 
632 5 641 684 713 756 782 
633 2 649 664 
634 9 641 713 724 728 743 763 779 781 792 
635 1 645 
636 7 645 667 753 785 1581 1638 1746 
637 5 672 696 725 759 784 
638 5 643 652 701 711 788 
639 3 662 713 714 
640 5 645 646 722 746 761 
641 8 632 634 684 713 756 763 779 792 
642 1 713 
643 5 638 652 711 771 772 
644 11 649 659 689 706 707 731 774 2078 2085 6074 6120 
645 23 635 636 640 646 670 675 702 713 718 722 725 733 737 745 756 758 761 773 785 793 794 795 1581 
646 6 640 645 696 700 725 746 
647 6 687 755 760 1949 1985 2033 
648 4 653 666 717 790 
649 7 633 644 664 695 706 740 774 
650 5 657 682 704 766 780 
651 3 680 685 754 
652 9 638 643 679 680 700 701 747 771 772 
653 10 648 666 678 717 730 744 748 791 2057 2123 
654 5 656 682 685 754 3237 
655 1 713 
656 5 654 682 715 3237 3244 
657 5 650 682 711 738 766 
658 8 666 669 678 691 705 726 727 739 
659 8 644 699 706 731 742 769 776 790 
660 7 687 730 744 791 1985 1993 2123 
661 6 668 713 1554 1581 1596 1669 
662 3 639 713 714 
663 6 732 755 757 767 1588 1652 
664 10 633 649 683 695 704 715 716 735 740 764 
665 3 693 767 1561 
666 9 648 653 658 677 678 708 717 739 790 
667 3 636 753 1746 
668 3 661 713 1581 
669 5 658 674 705 727 783 
670 5 645 675 751 756 782 
671 2 690 724 
672 1 637 
673 3 713 775 792 
674 19 631 669 690 691 709 710 712 724 727 739 741 750 776 783 786 1564 1587 1655 1664 
675 4 645 670 722 751 
676 2 688 713 
677 3 666 708 790 
678 9 653 658 666 717 721 726 732 748 755 
679 7 652 684 701 729 747 782 788 
680 8 651 652 685 697 700 754 771 3257 
681 6 686 693 732 787 1949 2015 
682 10 650 654 656 657 704 711 715 716 754 771 
683 8 664 715 735 740 764 6104 6120 6152 
684 7 632 641 679 752 779 782 788 
685 8 651 654 680 754 3237 3248 3257 3267 
686 5 681 732 755 760 1949 
687 5 647 660 744 755 1985 
688 4 676 713 718 762 
689 3 644 731 2078 
690 12 671 674 709 710 712 713 724 749 750 768 775 781 
691 6 658 674 705 739 776 783 
692 8 693 787 1561 1964 1996 2006 6893 6942 
693 8 665 681 692 732 757 767 787 1561 
694 4 724 742 776 790 
695 6 649 664 704 706 769 780 
696 6 637 646 700 725 784 789 
697 6 680 700 3255 3256 3257 3259 
698 5 699 703 743 752 766 
699 9 659 698 703 724 734 736 742 743 769 
700 12 646 652 680 696 697 723 746 747 777 778 789 3259 
701 4 638 652 679 788 
702 6 645 713 718 733 758 793 
703 4 698 699 766 769 
704 7 650 664 682 695 716 764 780 
705 5 658 669 691 739 783 
706 5 644 649 659 695 769 
707 3 644 6074 6120 
708 4 666 677 739 790 
709 3 674 690 724 
710 5 674 690 712 750 768 
711 8 638 643 657 682 738 766 771 788 
712 3 674 690 710 
713 33 632 634 639 641 642 645 655 661 662 668 673 676 688 690 702 714 718 720 737 745 749 750 756 762 763 765 775 781 792 1554 1567 1581 1669 
714 3 639 662 713 
715 10 656 664 682 683 716 735 3244 3297 6104 6152 
716 7 664 682 704 715 735 764 6152 
717 10 648 653 666 678 731 790 2057 2060 2084 2113 
718 7 645 688 702 713 733 762 793 
719 3 722 729 751 
720 1 713 
721 7 631 678 726 727 732 1652 1655 
722 9 640 645 675 719 729 746 747 751 761 
723 5 700 770 784 789 3259 
724 13 634 671 674 690 694 699 709 728 734 742 776 781 792 
725 6 637 645 646 696 759 773 
726 4 658 678 721 727 
727 6 631 658 669 674 721 726 
728 4 634 724 734 743 
729 6 679 719 722 747 751 782 
730 5 653 660 744 748 791 
731 7 644 659 689 717 790 2060 2078 
732 10 663 678 681 686 693 721 748 755 757 1652 
733 4 645 702 718 793 
734 5 699 724 728 742 743 
735 6 664 683 715 716 740 764 
736 2 699 743 
737 3 645 713 1581 
738 5 657 711 752 766 788 
739 8 658 666 674 691 705 708 776 790 
740 7 649 664 683 735 764 774 6120 
741 3 674 783 786 
742 7 659 694 699 724 734 776 790 
743 8 634 698 699 728 734 736 752 779 
744 6 653 660 687 730 748 755 
745 2 645 713 
746 5 640 646 700 722 747 
747 6 652 679 700 722 729 746 
748 6 653 678 730 732 744 755 
749 3 690 713 775 
750 7 674 690 710 713 1564 1567 1664 
751 7 670 675 719 722 729 756 782 
752 7 684 698 738 743 766 779 788 
753 5 636 667 1638 1705 1746 
754 6 651 654 680 682 685 771 
755 9 647 663 678 686 687 732 744 748 760 
756 7 632 641 645 670 713 751 782 
757 6 663 693 732 767 1561 1588 
758 4 645 702 793 794 
759 2 637 725 
760 4 647 686 755 1949 
761 3 640 645 722 
762 3 688 713 718 
763 5 634 641 713 781 792 
764 6 664 683 704 716 735 740 
765 1 713 
766 9 650 657 698 703 711 738 752 769 780 
767 6 663 665 693 757 1561 1588 
768 2 690 710 
769 7 659 695 699 703 706 766 780 
770 2 723 784 
771 7 643 652 680 682 711 754 772 
772 3 643 652 771 
773 2 645 725 
774 4 644 649 740 6120 
775 5 673 690 713 749 781 
776 8 659 674 691 694 724 739 742 790 
777 2 700 778 
778 2 700 777 
779 5 634 641 684 743 752 
780 5 650 695 704 766 769 
781 7 634 690 713 724 763 775 792 
782 7 632 670 679 684 729 751 756 
783 5 669 674 691 705 741 
784 5 637 696 723 770 789 
785 2 636 645 
786 5 674 741 1587 1617 1664 
787 7 681 692 693 1968 1996 2006 2015 
788 7 638 679 684 701 711 738 752 
789 4 696 700 723 784 
790 11 648 659 666 677 694 708 717 731 739 742 776 
791 4 653 660 730 2123 
792 7 634 641 673 713 724 763 781 
793 6 645 702 718 733 758 794 
794 3 645 758 793 
795 1 645 
796 7 803 805 811 814 824 829 851 
797 3 827 832 862 
798 3 834 837 839 
799 6 823 826 833 835 842 848 
800 2 806 816 
801 5 809 836 846 850 857 
802 4 815 816 840 858 
803 5 796 811 822 824 842 
804 4 807 822 839 853 
805 8 796 813 814 831 835 851 856 858 
806 4 800 816 835 840 
807 5 804 814 837 839 853 
808 5 817 826 838 852 854 
809 2 801 857 
810 1 818 
811 5 796 803 842 848 851 
812 4 822 823 842 855 
813 3 805 856 858 
814 8 796 805 807 820 829 837 853 856 
815 4 802 835 840 858 
816 4 800 802 806 840 
817 5 808 828 838 852 860 
818 3 810 832 862 
819 1 843 
820 2 814 856 
821 3 841 843 849 
822 9 803 804 812 824 825 839 842 853 855 
823 6 799 812 833 842 844 855 
824 5 796 803 822 829 853 
825 6 822 830 834 839 850 855 
826 5 799 808 833 835 838 
827 4 797 832 847 859 
828 4 817 836 846 860 
829 4 796 814 824 853 
830 5 825 834 850 855 861 
831 3 805 835 851 
832 4 797 818 827 862 
833 5 799 823 826 838 844 
834 5 798 825 830 839 850 
835 10 799 805 806 815 826 831 840 848 851 858 
836 8 801 828 844 846 850 855 860 861 
837 4 798 807 814 839 
838 6 808 817 826 833 844 860 
839 7 798 804 807 822 825 834 837 
840 5 802 806 815 816 835 
841 4 821 843 845 849 
842 7 799 803 811 812 822 823 848 
843 3 819 821 841 
844 6 823 833 836 838 855 860 
845 2 841 849 
846 4 801 828 836 857 
847 2 827 859 
848 5 799 811 835 842 851 
849 3 821 841 845 
850 6 801 825 830 834 836 861 
851 6 796 805 811 831 835 848 
852 3 808 817 854 
853 6 804 807 814 822 824 829 
854 2 808 852 
855 8 812 822 823 825 830 836 844 861 
856 4 805 813 814 820 
857 3 801 809 846 
858 5 802 805 813 815 835 
859 2 827 847 
860 5 817 828 836 838 844 
861 4 830 836 850 855 
862 3 797 818 832 
863 8 916 938 976 1009 1024 1068 1150 1160 
864 7 921 946 1032 1039 1046 1049 1089 
865 6 980 988 1116 1141 1142 1156 
866 5 886 971 1055 1132 2548 
867 6 885 903 948 950 996 1108 
868 4 869 894 902 1124 
869 6 868 902 937 1053 1124 1154 
870 7 965 995 1086 1157 3984 4003 6499 
871 6 891 892 937 983 1015 1042 
872 4 874 896 1002 1051 
873 6 884 907 911 940 992 1006 
874 8 872 896 952 1000 1051 1072 1115 1118 
875 8 882 956 1007 1008 1010 1066 1109 1133 
876 5 888 929 1084 1129 1136 
877 6 987 988 1054 1069 1105 1142 
878 10 914 955 961 1050 2463 2514 2650 3866 3940 4046 
879 6 888 917 929 932 1129 1143 
880 4 924 952 1003 1051 
881 11 939 963 985 987 1031 1054 1065 1071 1081 1105 1126 
882 8 875 951 1008 1010 1064 1130 1149 1155 
883 5 1086 1117 6465 6499 6501 
884 5 873 907 912 1006 1128 
885 6 867 895 996 1070 1099 1108 
886 6 866 919 971 1038 1159 2548 
887 8 921 925 931 960 989 1023 1024 1102 
888 6 876 879 999 1129 1136 2663 
889 4 956 1016 1164 1165 
890 7 906 984 1023 1092 1146 1147 1152 
891 4 871 892 983 1079 
892 5 871 891 1015 1074 1079 
893 5 898 1032 1037 1049 1088 
894 2 868 1124 
895 8 885 949 969 1018 1070 1083 1108 1127 
896 7 872 874 990 1000 1002 1051 1137 
897 3 1025 1063 1095 
898 6 893 922 1037 1049 3937 3963 
899 4 945 1080 1106 1158 
900 5 924 1052 1078 1089 1134 
901 3 943 959 1062 
902 5 868 869 1053 1063 1095 
903 5 867 948 958 969 1108 
904 8 908 948 950 996 999 1058 1094 1136 
905 5 920 1007 1010 1091 1167 
906 3 890 1146 1152 
907 7 873 884 912 940 994 3914 3946 
908 6 904 948 968 1042 1058 1094 
909 8 994 1003 1089 1168 3887 3946 3963 3980 
910 6 966 984 1014 1027 1146 1162 
911 7 873 940 954 992 1006 1036 1168 
912 6 884 907 942 994 1128 3914 
913 5 982 1047 1083 1127 1139 
914 6 878 961 1028 2463 2532 2645 
915 5 989 1040 1102 1122 1151 
916 9 863 934 976 1019 1020 1045 1056 1065 1150 
917 8 879 926 929 932 990 1000 1084 1099 
918 2 951 1130 
919 6 886 1004 1028 1159 1171 2548 
920 12 905 927 936 1007 1111 1167 6377 6381 6385 6398 6412 6497 
921 7 864 887 925 960 1005 1039 1046 
922 6 898 1037 3894 3917 3937 4010 
923 4 960 975 1102 1122 
924 6 880 900 1003 1051 1052 1134 
925 5 887 921 1005 1023 1027 
926 7 917 949 957 990 1000 1070 1099 
927 6 920 1087 1111 6377 6450 6497 
928 5 934 953 976 1056 1068 
929 5 876 879 917 1084 1129 
930 7 934 953 1123 1133 1149 1155 1173 
931 4 887 938 989 1024 
932 5 879 917 991 1000 1143 
933 4 965 1046 1157 3984 
934 7 916 928 930 953 1019 1056 1173 
935 5 939 963 1031 1060 1077 
936 3 920 1167 6412 
937 9 869 871 968 983 1042 1057 1124 1154 1166 
938 6 863 931 989 1009 1024 1151 
939 5 881 935 963 1077 1081 
940 6 873 907 911 992 994 3946 
941 3 991 1000 1118 
942 7 912 994 1050 1128 1153 3906 3914 
943 9 901 959 999 1062 1067 1094 1119 2466 2592 
944 6 1062 1144 2535 2553 2555 2604 
945 6 899 962 1080 1101 1135 1158 
946 5 864 975 1039 1078 1089 
947 11 956 966 984 1026 1035 1087 1096 1109 1147 1148 1164 
948 7 867 903 904 908 950 958 1042 
949 6 895 926 957 1070 1083 1099 
950 4 867 904 948 996 
951 5 882 918 1064 1130 1161 
952 6 874 880 1003 1036 1051 1115 
953 7 928 930 934 1068 1082 1100 1133 
954 3 911 1006 1036 
955 6 878 961 1050 1153 3866 3940 
956 8 875 889 947 1066 1109 1133 1164 1165 
957 5 926 949 990 1001 1083 
958 9 903 948 969 970 997 998 1021 1042 1170 
959 4 901 943 1062 2592 
960 6 887 921 923 975 1039 1102 
961 11 878 914 955 1004 1028 1128 1153 1171 2650 3866 4049 
962 9 945 974 978 979 1044 1059 1103 1135 1158 
963 4 881 935 939 1031 
964 4 965 1005 1110 1162 
965 8 870 933 964 1005 1046 1086 1110 1157 
966 8 910 947 984 1014 1030 1117 1148 6480 
967 4 986 987 1069 1120 
968 8 908 937 1042 1058 1094 1119 1154 1166 
969 7 895 903 958 970 1018 1021 1108 
970 5 958 969 986 1018 1021 
971 9 866 886 1022 1033 1038 1048 1055 1085 1115 
972 3 1017 1121 2479 
973 6 991 1106 1129 1138 1143 1158 
974 5 962 978 979 1114 1145 
975 8 923 946 960 1039 1043 1073 1078 1122 
976 5 863 916 928 1056 1068 
977 5 986 997 998 1069 1116 
978 7 962 974 1044 1114 1135 1140 1163 
979 7 962 974 1012 1075 1103 1131 1145 
980 5 865 988 1034 1090 1141 
981 4 1023 1024 1068 1082 
982 4 913 1001 1083 1139 
983 4 871 891 937 1057 
984 7 890 910 947 966 1092 1096 1146 
985 6 881 1019 1020 1065 1071 1123 
986 9 967 970 977 987 997 1018 1021 1069 1120 
987 11 877 881 967 986 1018 1041 1069 1105 1112 1120 1126 
988 4 865 877 980 1142 
989 7 887 915 931 938 1102 1122 1151 
990 7 896 917 926 957 1000 1001 1137 
991 10 932 941 973 1000 1013 1059 1107 1118 1143 1158 
992 5 873 911 940 994 1168 
993 4 1097 1113 1132 2548 
994 9 907 909 912 940 942 992 1168 3914 3946 
995 4 870 3984 4003 4041 
996 7 867 885 904 950 1084 1099 1136 
997 5 958 977 986 998 1021 
998 6 958 977 997 1116 1156 1170 
999 7 888 904 943 1094 1136 2466 2663 
1000 9 874 896 917 926 932 941 990 991 1118 
1001 10 957 982 990 1040 1043 1083 1122 1137 1139 1151 
1002 5 872 896 1051 1073 1137 
1003 9 880 909 924 952 1036 1089 1134 1168 3963 
1004 5 919 961 1128 1159 1171 
1005 7 921 925 964 965 1027 1046 1162 
1006 8 873 884 911 954 1036 1038 1048 1128 
1007 7 875 905 920 1010 1066 1111 1165 
1008 5 875 882 1010 1133 1155 
1009 4 863 938 1151 1160 
1010 7 875 882 905 1007 1008 1091 1130 
1011 7 1013 1022 1033 1059 1061 1085 1131 
1012 8 979 1061 1093 1097 1125 1131 1132 1145 
1013 7 991 1011 1033 1059 1072 1115 1118 
1014 5 910 966 1110 1117 1162 
1015 5 871 892 1042 1074 1170 
1016 5 889 1087 1111 1164 1165 
1017 4 972 1121 1144 2479 
1018 9 895 969 970 986 987 1021 1029 1120 1127 
1019 6 916 934 985 1020 1123 1173 
1020 4 916 985 1019 1065 
1021 6 958 969 970 986 997 1018 
1022 5 971 1011 1055 1061 1085 
1023 10 887 890 925 981 1024 1027 1082 1100 1147 1152 
1024 7 863 887 931 938 981 1023 1068 
1025 4 897 1063 1121 1144 
1026 5 947 1035 1109 1133 1147 
1027 7 910 925 1005 1023 1146 1152 1162 
1028 7 914 919 961 1076 1171 2532 2548 
1029 4 1018 1047 1120 1127 
1030 5 966 1148 6362 6450 6480 
1031 5 881 935 963 1060 1161 
1032 7 864 893 1037 1046 1049 1088 1157 
1033 6 971 1011 1013 1072 1085 1115 
1034 4 980 1079 1090 1141 
1035 3 947 1026 1133 
1036 8 911 952 954 1003 1006 1048 1115 1168 
1037 8 893 898 922 1032 1088 1157 3894 3984 
1038 6 886 971 1006 1048 1128 1159 
1039 5 864 921 946 960 975 
1040 4 915 1001 1122 1151 
1041 3 987 1112 1126 
1042 8 871 908 937 948 958 968 1015 1170 
1043 5 975 1001 1073 1122 1137 
1044 2 962 978 
1045 5 916 1065 1098 1139 1150 
1046 7 864 921 933 965 1005 1032 1157 
1047 9 913 1029 1098 1112 1120 1126 1127 1139 1172 
1048 5 971 1006 1036 1038 1115 
1049 6 864 893 898 1032 1089 3937 
1050 6 878 942 955 1153 3906 4046 
1051 9 872 874 880 896 924 952 1002 1052 1073 
1052 5 900 924 1051 1073 1078 
1053 5 869 902 1062 1063 1154 
1054 3 877 881 1105 
1055 5 866 971 1022 1061 1132 
1056 4 916 928 934 976 
1057 3 937 983 1124 
1058 4 904 908 968 1094 
1059 9 962 991 1011 1013 1103 1107 1118 1131 1158 
1060 6 935 1031 1064 1077 1104 1161 
1061 6 1011 1012 1022 1055 1131 1132 
1062 11 901 943 944 959 1053 1063 1119 1144 1154 2592 2604 
1063 7 897 902 1025 1053 1062 1095 1144 
1064 6 882 951 1060 1104 1149 1161 
1065 8 881 916 985 1020 1045 1071 1098 1126 
1066 4 875 956 1007 1165 
1067 3 943 1094 1119 
1068 7 863 928 953 976 981 1024 1082 
1069 7 877 967 977 986 987 1116 1142 
1070 5 885 895 926 949 1099 
1071 7 881 985 1065 1077 1081 1104 1123 
1072 5 874 1013 1033 1115 1118 
1073 7 975 1002 1043 1051 1052 1078 1137 
1074 6 892 1015 1079 1090 1156 1170 
1075 1 979 
1076 3 1028 2532 2548 
1077 6 935 939 1060 1071 1081 1104 
1078 6 900 946 975 1052 1073 1089 
1079 5 891 892 1034 1074 1090 
1080 6 899 945 1101 1106 1138 2663 
1081 4 881 939 1071 1077 
1082 5 953 981 1023 1068 1100 
1083 7 895 913 949 957 982 1001 1127 
1084 6 876 917 929 996 1099 1136 
1085 4 971 1011 1022 1033 
1086 6 870 883 965 1110 1117 6499 
1087 7 927 947 1016 1111 1148 1164 6450 
1088 3 893 1032 1037 
1089 10 864 900 909 946 1003 1049 1078 1134 3937 3963 
1090 6 980 1034 1074 1079 1141 1156 
1091 4 905 1010 1130 1167 
1092 4 890 984 1096 1147 
1093 8 1012 1097 1113 1114 1125 1145 2651 2656 
1094 9 904 908 943 968 999 1058 1067 1119 1136 
1095 3 897 902 1063 
1096 4 947 984 1092 1147 
1097 5 993 1012 1093 1113 1132 
1098 5 1045 1047 1065 1126 1139 
1099 7 885 917 926 949 996 1070 1084 
1100 5 953 1023 1082 1133 1147 
1101 6 945 1080 1135 1163 2516 2663 
1102 6 887 915 923 960 989 1122 
1103 4 962 979 1059 1131 
1104 6 1060 1064 1071 1077 1123 1149 
1105 4 877 881 987 1054 
1106 5 899 973 1080 1138 1158 
1107 4 991 1059 1118 1158 
1108 5 867 885 895 903 969 
1109 5 875 947 956 1026 1133 
1110 6 964 965 1014 1086 1117 1162 
1111 7 920 927 1007 1016 1087 1165 6377 
1112 6 987 1041 1047 1120 1126 1172 
1113 6 993 1093 1097 2548 2593 2656 
1114 7 974 978 1093 1140 1145 1169 2651 
1115 8 874 952 971 1013 1033 1036 1048 1072 
1116 6 865 977 998 1069 1142 1156 
1117 7 883 966 1014 1086 1110 6480 6501 
1118 8 874 941 991 1000 1013 1059 1072 1107 
1119 7 943 968 1062 1067 1094 1154 1166 
1120 7 967 986 987 1018 1029 1047 1112 
1121 4 972 1017 1025 1144 
1122 8 915 923 975 989 1001 1040 1043 1102 
1123 7 930 985 1019 1071 1104 1149 1173 
1124 5 868 869 894 937 1057 
1125 3 1012 1093 1145 
1126 8 881 987 1041 1047 1065 1098 1112 1172 
1127 6 895 913 1018 1029 1047 1083 
1128 9 884 912 942 961 1004 1006 1038 1153 1159 
1129 8 876 879 888 929 973 1138 1143 2663 
1130 5 882 918 951 1010 1091 
1131 6 979 1011 1012 1059 1061 1103 
1132 7 866 993 1012 1055 1061 1097 2548 
1133 11 875 930 953 956 1008 1026 1035 1100 1109 1147 1155 
1134 4 900 924 1003 1089 
1135 5 945 962 978 1101 1163 
1136 7 876 888 904 996 999 1084 1094 
1137 6 896 990 1001 1002 1043 1073 
1138 6 973 1080 1106 1129 1143 2663 
1139 9 913 982 1001 1045 1047 1098 1150 1151 1160 
1140 4 978 1114 1163 1169 
1141 5 865 980 1034 1090 1156 
1142 5 865 877 988 1069 1116 
1143 6 879 932 973 991 1129 1138 
1144 9 944 1017 1025 1062 1063 1121 2479 2547 2555 
1145 6 974 979 1012 1093 1114 1125 
1146 6 890 906 910 984 1027 1152 
1147 8 890 947 1023 1026 1092 1096 1100 1133 
1148 6 947 966 1030 1087 6362 6450 
1149 6 882 930 1064 1104 1123 1155 
1150 5 863 916 1045 1139 1160 
1151 8 915 938 989 1001 1009 1040 1139 1160 
1152 5 890 906 1023 1027 1146 
1153 5 942 955 961 1050 1128 
1154 7 869 937 968 1053 1062 1119 1166 
1155 5 882 930 1008 1133 1149 
1156 7 865 998 1074 1090 1116 1141 1170 
1157 7 870 933 965 1032 1037 1046 3984 
1158 8 899 945 962 973 991 1059 1106 1107 
1159 5 886 919 1004 1038 1128 
1160 5 863 1009 1139 1150 1151 
1161 4 951 1031 1060 1064 
1162 6 910 964 1005 1014 1027 1110 
1163 7 978 1101 1135 1140 1169 2516 2609 
1164 5 889 947 956 1016 1087 
1165 6 889 956 1007 1016 1066 1111 
1166 4 937 968 1119 1154 
1167 4 905 920 936 1091 
1168 6 909 911 992 994 1003 1036 
1169 8 1114 1140 1163 2579 2606 2609 2638 2651 
1170 6 958 998 1015 1042 1074 1156 
1171 4 919 961 1004 1028 
1172 3 1047 1112 1126 
1173 4 930 934 1019 1123 
1174 3 1232 1383 1542 
1175 4 1285 1295 1297 1449 
1176 6 1230 1357 1362 1383 1422 1423 
1177 5 1207 1218 1390 1426 1493 
1178 7 1191 1220 1225 1249 1272 1503 1506 
1179 5 1237 1242 1253 1384 1482 
1180 6 1181 1480 1484 1487 1541 5855 
1181 6 1180 1193 1484 5826 5854 5855 
1182 4 1368 1490 4111 4198 
1183 7 1340 1362 1383 1422 1480 1487 1541 
1184 5 1219 1268 1368 1435 4111 
1185 4 1303 1355 1371 1417 
1186 13 1201 1227 1244 1277 1287 1292 1293 1389 1391 1474 1505 1518 1535 
1187 4 1217 1262 1300 1375 
1188 7 1189 1226 1269 1308 1330 1380 1444 
1189 4 1188 1190 1226 1308 
1190 4 1189 1226 1262 1308 
1191 8 1178 1249 1259 1272 1447 1503 1515 1522 
1192 6 1247 1248 1316 1335 1360 1364 
1193 4 1181 1484 5778 5826 
1194 7 1195 1196 1208 1311 1427 1500 1524 
1195 5 1194 1196 1253 1498 1500 
1196 9 1194 1195 1208 1236 1279 1311 1394 1420 1498 
1197 9 1233 1264 1267 1298 1311 1329 1412 1413 1465 
1198 7 1313 1323 1397 1419 1462 1501 5114 
1199 6 1256 1273 1358 1379 1382 1442 
1200 11 1211 1248 1314 1414 1456 1488 1508 1520 1521 1527 1529 
1201 7 1186 1226 1300 1389 1472 1475 1518 
1202 3 1212 1218 1237 
1203 9 1205 1275 1348 1378 1416 1434 1485 4087 4110 
1204 5 1239 1261 1318 1381 1411 
1205 7 1203 1317 1416 1424 1431 1485 1532 
1206 4 1211 1366 1437 1529 
1207 9 1177 1324 1352 1357 1377 1390 1392 1492 1493 
1208 5 1194 1196 1279 1438 1498 
1209 7 1309 1446 1473 1486 1496 1541 5855 
1210 6 1212 1241 1276 1406 1494 4215 
1211 6 1200 1206 1366 1437 1527 1529 
1212 20 1202 1210 1218 1237 1252 1275 1276 1278 1400 1403 1407 1445 1469 1482 1494 1500 1502 1512 4203 4215 
1213 5 2 16 41 1320 1322 
1214 4 1293 1295 1305 1417 
1215 5 1218 1222 1281 1291 1492 
1216 5 41 51 1368 1435 1483 
1217 5 1187 1262 1375 6183 6268 
1218 16 1177 1202 1212 1215 1237 1242 1288 1291 1384 1396 1400 1409 1426 1479 1492 1493 
1219 5 1184 1342 1435 4094 4111 
1220 7 1178 1225 1274 1404 1429 1457 1506 
1221 13 1234 1235 1310 1359 1401 1420 1425 1457 1503 1506 1522 1528 1543 
1222 8 1215 1238 1265 1281 1343 1357 1392 1492 
1223 3 1256 1442 1452 
1224 7 1243 1289 1294 1347 1380 1402 1424 
1225 5 1178 1220 1249 1272 1274 
1226 8 1188 1189 1190 1201 1262 1269 1300 1475 
1227 7 1186 1244 1287 1295 1297 1341 1464 
1228 5 1304 1321 1329 1499 1531 
1229 6 1395 1408 1495 6229 6288 6322 
1230 3 1176 1357 1423 
1231 6 1261 1330 1380 1411 1444 1517 
1232 8 1174 1288 1324 1383 1418 1421 1540 1542 
1233 7 1197 1234 1235 1245 1311 1344 1413 
1234 5 1221 1233 1235 1344 1425 
1235 5 1221 1233 1234 1245 1359 
1236 4 1196 1311 1359 1420 
1237 6 1179 1202 1212 1218 1384 1482 
1238 3 1222 1343 1357 
1239 6 1204 1261 1304 1318 1381 1499 
1240 3 1296 1314 1448 
1241 5 1210 1312 1406 1407 1494 
1242 8 1179 1218 1253 1384 1396 1409 1438 1498 
1243 3 1224 1347 1424 
1244 5 1186 1227 1295 1305 1505 
1245 4 1233 1235 1311 1359 
1246 4 1415 1454 1534 5125 
1247 4 1192 1248 1316 1373 
1248 16 1192 1200 1247 1296 1360 1373 1414 1448 1488 1513 1520 1523 5070 5109 5153 5204 
1249 4 1178 1191 1225 1272 
1250 6 1263 1353 1388 1398 1458 1537 
1251 4 1272 1367 1456 1508 
1252 8 1212 1278 1400 1407 1490 4176 4193 4198 
1253 6 1179 1195 1242 1482 1498 1500 
1254 6 1327 1332 1356 1366 1386 1437 
1255 4 1280 1357 1470 1483 
1256 7 1199 1223 1273 1323 1442 1452 1467 
1257 4 1353 1379 1382 1450 
1258 6 1269 1382 1439 1443 1444 1458 
1259 7 1191 1298 1325 1413 1447 1477 1515 
1260 11 5 11 12 22 33 34 35 45 48 50 1387 
1261 8 1204 1231 1239 1304 1410 1411 1443 1444 
1262 7 1187 1190 1217 1226 1300 1308 6183 
1263 7 1250 1304 1329 1333 1388 1398 1410 
1264 5 1197 1267 1298 1325 1412 
1265 5 1222 1281 1343 1440 1536 
1266 5 1295 1328 1351 1417 1430 
1267 5 1197 1264 1325 1329 1333 
1268 3 1184 1368 1435 
1269 6 1188 1226 1258 1439 1444 1475 
1270 3 1482 1500 1512 
1271 5 1337 1338 5833 5844 5858 
1272 14 1178 1191 1225 1249 1251 1274 1302 1314 1332 1367 1386 1404 1456 1515 
1273 4 1199 1256 1323 1379 
1274 4 1220 1225 1272 1404 
1275 8 1203 1212 1385 1434 1445 1502 4110 4203 
1276 4 1210 1212 1407 1494 
1277 5 1186 1283 1287 1433 1474 
1278 3 1212 1252 1407 
1279 5 1196 1208 1346 1394 1438 
1280 4 1255 1357 1370 1483 
1281 5 1215 1222 1265 1291 1536 
1282 5 1284 1285 1295 1305 1417 
1283 6 1277 1287 1341 1433 1474 5976 
1284 3 1282 1295 1476 
1285 3 1175 1282 1295 
1286 8 1350 1369 1464 5872 5876 5949 5987 6003 
1287 5 1186 1227 1277 1283 1341 
1288 9 1218 1232 1346 1396 1409 1418 1421 1426 1441 
1289 4 1224 1380 1402 6250 
1290 6 1360 1361 1448 1451 1511 1523 
1291 6 1215 1218 1281 1400 1479 1536 
1292 8 1186 1293 1358 1391 1442 1472 1507 1518 
1293 10 1186 1214 1292 1295 1303 1391 1417 1442 1452 1505 
1294 5 1224 1380 1411 1424 1517 
1295 23 1175 1214 1227 1244 1266 1282 1284 1285 1293 1297 1305 1350 1351 1417 1449 1476 1505 5872 5876 6014 6039 6051 6071 
1296 5 1240 1248 1314 1448 1520 
1297 6 1175 1227 1295 1350 1449 1464 
1298 5 1197 1259 1264 1325 1413 
1299 7 1363 1402 1495 6249 6250 6315 6319 
1300 8 1187 1201 1226 1262 1375 1389 1428 1535 
1301 5 1306 1455 1461 1496 1538 
1302 5 1272 1314 1315 1399 1404 
1303 7 1185 1293 1355 1417 1452 1459 1525 
1304 7 1228 1239 1261 1263 1329 1410 1499 
1305 5 1214 1244 1282 1295 1417 
1306 6 1301 1349 1473 1496 1538 1542 
1307 5 1348 1354 1485 4087 4216 
1308 8 1188 1189 1190 1262 1380 6183 6249 6250 
1309 5 1209 1405 1454 1486 1496 
1310 5 1221 1394 1420 1528 1540 
1311 14 1194 1196 1197 1233 1236 1245 1359 1365 1378 1412 1427 1460 1514 1524 
1312 5 1241 1406 1407 4118 4193 
1313 4 1198 1323 1397 1501 
1314 9 1200 1240 1272 1296 1302 1315 1448 1456 1520 
1315 10 1302 1314 1331 1372 1374 1399 1448 1455 1516 1538 
1316 6 1192 1247 1364 1373 5130 5142 
1317 5 1205 1318 1381 1431 1532 
1318 6 1204 1239 1317 1381 1431 1499 
1319 4 1334 1337 1481 1544 
1320 6 2 8 41 1213 1544 7550 
1321 4 1228 1329 1465 1531 
1322 3 41 1213 1483 
1323 16 1198 1256 1273 1313 1379 1397 1432 1436 1450 1462 1467 1501 1509 1510 1533 1537 
1324 6 1207 1232 1357 1377 1383 1418 
1325 8 1259 1264 1267 1298 1326 1333 1463 1477 
1326 6 1325 1463 1477 1510 1515 1526 
1327 5 1254 1386 1437 1504 1526 
1328 7 1266 1371 1417 1430 7307 7310 7426 
1329 8 1197 1228 1263 1267 1304 1321 1333 1465 
1330 4 1188 1231 1380 1444 
1331 5 1315 1372 1455 1461 1496 
1332 5 1254 1272 1356 1367 1386 
1333 8 1263 1267 1325 1329 1388 1436 1463 1537 
1334 6 1319 1336 1337 1483 1539 1544 
1335 10 1192 1360 1361 1364 1415 1454 1511 5125 5151 5247 
1336 7 41 1334 1340 1470 1483 1539 1544 
1337 8 1271 1319 1334 1338 1481 1539 5844 7498 
1338 6 1271 1337 1339 1539 5832 5858 
1339 6 1338 1480 1484 1539 5800 5832 
1340 7 1183 1336 1357 1422 1470 1480 1539 
1341 6 1227 1283 1287 1369 1464 5976 
1342 15 5 11 21 35 48 51 1219 1435 4094 4098 4112 4114 4120 4173 4207 
1343 8 1222 1238 1265 1357 1368 1370 1440 1519 
1344 5 1233 1234 1413 1425 1447 
1345 2 1424 1485 
1346 7 1279 1288 1394 1421 1438 1441 1540 
1347 5 1224 1243 1363 1402 1424 
1348 4 1203 1307 1485 4087 
1349 4 1306 1473 1541 1542 
1350 6 1286 1295 1297 1449 1464 5876 
1351 6 1266 1295 1430 1476 6071 7289 
1352 3 1207 1357 1392 
1353 6 1250 1257 1382 1450 1458 1537 
1354 7 1307 1395 1408 1485 4140 4216 6247 
1355 8 1185 1303 1371 1417 1459 1467 1468 1525 
1356 5 1254 1332 1366 1367 1386 
1357 17 1176 1207 1222 1230 1238 1255 1280 1324 1340 1343 1352 1370 1383 1392 1422 1423 1470 
1358 5 1199 1292 1382 1442 1507 
1359 6 1221 1235 1236 1245 1311 1420 
1360 6 1192 1248 1290 1335 1361 1523 
1361 4 1290 1335 1360 1511 
1362 4 1176 1183 1383 1422 
1363 6 1299 1347 1395 1402 1424 1495 
1364 6 1192 1316 1335 5130 5132 5151 
1365 5 1311 1412 1465 1514 1531 
1366 7 1206 1211 1254 1356 1367 1437 1529 
1367 8 1251 1272 1332 1356 1366 1508 1521 1529 
1368 12 1182 1184 1216 1268 1343 1370 1435 1440 1483 1490 1519 4111 
1369 6 1286 1341 1464 5949 5976 6062 
1370 5 1280 1343 1357 1368 1483 
1371 10 1185 1328 1355 1417 1468 1497 5097 7307 7311 7389 
1372 5 1315 1331 1448 1496 1530 
1373 6 1247 1248 1316 5070 5142 5242 
1374 4 1315 1399 1538 1543 
1375 6 1187 1217 1300 1428 1491 6268 
1376 7 1437 1466 1489 5106 5153 5197 5216 
1377 5 1207 1324 1390 1418 1426 
1378 10 1203 1311 1403 1416 1431 1434 1460 1478 1514 1524 
1379 6 1199 1257 1273 1323 1382 1450 
1380 9 1188 1224 1231 1289 1294 1308 1330 1517 6250 
1381 7 1204 1239 1317 1318 1411 1424 1532 
1382 9 1199 1257 1258 1353 1358 1379 1439 1458 1507 
1383 10 1174 1176 1183 1232 1324 1357 1362 1423 1541 1542 
1384 5 1179 1218 1237 1242 1409 
1385 5 1275 1403 1434 1478 1502 
1386 7 1254 1272 1327 1332 1356 1515 1526 
1387 4 34 45 50 1260 
1388 5 1250 1263 1333 1410 1537 
1389 5 1186 1201 1300 1518 1535 
1390 4 1177 1207 1377 1426 
1391 3 1186 1292 1293 
1392 5 1207 1222 1352 1357 1492 
1393 1 1542 
1394 6 1196 1279 1310 1346 1420 1540 
1395 7 1229 1354 1363 1408 1424 1485 1495 
1396 5 1218 1242 1288 1438 1441 
1397 3 1198 1313 1323 
1398 5 1250 1263 1410 1443 1458 
1399 6 1302 1315 1374 1404 1457 1543 
1400 8 1212 1218 1252 1291 1440 1479 1490 4176 
1401 6 1221 1453 1528 1540 1542 1543 
1402 6 1224 1289 1299 1347 1363 6250 
1403 8 1212 1378 1385 1434 1478 1500 1502 1524 
1404 6 1220 1272 1274 1302 1399 1457 
1405 5 1309 1454 1486 5062 5063 
1406 7 1210 1241 1312 4118 4156 4203 4215 
1407 8 1212 1241 1252 1276 1278 1312 1494 4193 
1408 5 1229 1354 1395 6247 6322 
1409 4 1218 1242 1288 1384 
1410 6 1261 1263 1304 1388 1398 1443 
1411 7 1204 1231 1261 1294 1381 1424 1517 
1412 5 1197 1264 1311 1365 1465 
1413 6 1197 1233 1259 1298 1344 1447 
1414 8 1200 1248 1488 1489 1513 1527 5153 5243 
1415 5 1246 1335 1454 1534 5125 
1416 4 1203 1205 1378 1431 
1417 12 1185 1214 1266 1282 1293 1295 1303 1305 1328 1355 1371 1468 
1418 6 1232 1288 1324 1377 1421 1426 
1419 7 1198 1462 1466 1504 5106 5114 5153 
1420 6 1196 1221 1236 1310 1359 1394 
1421 5 1232 1288 1346 1418 1540 
1422 5 1176 1183 1340 1357 1362 
1423 4 1176 1230 1357 1383 
1424 12 1205 1224 1243 1294 1345 1347 1363 1381 1395 1411 1485 1532 
1425 5 1221 1234 1344 1447 1522 
1426 6 1177 1218 1288 1377 1390 1418 
1427 3 1194 1311 1524 
1428 5 1300 1375 1474 1491 1535 
1429 3 1220 1457 1506 
1430 6 1266 1328 1351 7273 7289 7426 
1431 7 1205 1317 1318 1378 1416 1460 1499 
1432 2 1323 1462 
1433 6 1277 1283 1474 5963 5976 6232 
1434 7 1203 1275 1378 1385 1403 1478 1524 
1435 8 41 51 1184 1216 1219 1268 1342 1368 
1436 5 1323 1333 1463 1509 1537 
1437 11 1206 1211 1254 1327 1366 1376 1466 1489 1504 1527 5153 
1438 7 1208 1242 1279 1346 1396 1441 1498 
1439 6 1258 1269 1382 1472 1475 1507 
1440 8 1265 1343 1368 1400 1479 1490 1519 1536 
1441 4 1288 1346 1396 1438 
1442 7 1199 1223 1256 1292 1293 1358 1452 
1443 6 1258 1261 1398 1410 1444 1458 
1444 7 1188 1231 1258 1261 1269 1330 1443 
1445 3 1212 1275 1502 
1446 6 1209 1471 1486 1541 5082 5855 
1447 6 1191 1259 1344 1413 1425 1522 
1448 11 1240 1248 1290 1296 1314 1315 1372 1451 1516 1523 1530 
1449 4 1175 1295 1297 1350 
1450 5 1257 1323 1353 1379 1537 
1451 5 1290 1448 1496 1511 1530 
1452 7 1223 1256 1293 1303 1442 1459 1467 
1453 3 1401 1542 1543 
1454 10 1246 1309 1335 1405 1415 1496 1511 1534 5063 5125 
1455 5 1301 1315 1331 1461 1538 
1456 6 1200 1251 1272 1314 1508 1521 
1457 7 1220 1221 1399 1404 1429 1506 1543 
1458 6 1250 1258 1353 1382 1398 1443 
1459 5 1303 1355 1452 1467 1525 
1460 6 1311 1378 1431 1499 1514 1531 
1461 4 1301 1331 1455 1496 
1462 6 1198 1323 1419 1432 1504 1533 
1463 6 1325 1326 1333 1436 1509 1510 
1464 6 1227 1286 1297 1341 1350 1369 
1465 6 1197 1321 1329 1365 1412 1531 
1466 5 1376 1419 1437 1504 5106 
1467 10 1256 1323 1355 1452 1459 1468 1501 1525 5068 5153 
1468 8 1355 1371 1417 1467 5068 5097 5104 5153 
1469 2 1212 1512 
1470 5 1255 1336 1340 1357 1483 
1471 2 1446 1541 
1472 6 1201 1292 1439 1475 1507 1518 
1473 5 1209 1306 1349 1496 1541 
1474 8 1186 1277 1283 1428 1433 1491 1535 6232 
1475 5 1201 1226 1269 1439 1472 
1476 4 1284 1295 1351 6071 
1477 4 1259 1325 1326 1515 
1478 5 1378 1385 1403 1434 1524 
1479 6 1218 1291 1400 1440 1490 1536 
1480 7 1180 1183 1339 1340 1484 1487 1539 
1481 11 4 8 1319 1337 1544 5844 7484 7498 7518 7566 7572 
1482 7 1179 1212 1237 1253 1270 1500 1512 
1483 12 41 51 1216 1255 1280 1322 1334 1336 1368 1370 1470 1544 
1484 9 1180 1181 1193 1339 1480 5778 5800 5826 5855 
1485 9 1203 1205 1307 1345 1348 1354 1395 1424 4087 
1486 8 1209 1309 1405 1446 5062 5082 5166 5855 
1487 4 1180 1183 1480 1541 
1488 4 1200 1248 1414 1513 
1489 6 1376 1414 1437 1527 5153 5243 
1490 8 1182 1252 1368 1400 1440 1479 4176 4198 
1491 6 1375 1428 1474 1535 6232 6268 
1492 6 1207 1215 1218 1222 1392 1493 
1493 4 1177 1207 1218 1492 
1494 6 1210 1212 1241 1276 1407 4215 
1495 6 1229 1299 1363 1395 6229 6315 
1496 12 1209 1301 1306 1309 1331 1372 1451 1454 1461 1473 1511 1530 
1497 4 1371 7307 7311 7389 
1498 6 1195 1196 1208 1242 1253 1438 
1499 7 1228 1239 1304 1318 1431 1460 1531 
1500 9 1194 1195 1212 1253 1270 1403 1482 1512 1524 
1501 6 1198 1313 1323 1467 5114 5153 
1502 5 1212 1275 1385 1403 1445 
1503 5 1178 1191 1221 1506 1522 
1504 7 1327 1419 1437 1462 1466 1526 1533 
1505 4 1186 1244 1293 1295 
1506 6 1178 1220 1221 1429 1457 1503 
1507 5 1292 1358 1382 1439 1472 
1508 5 1200 1251 1367 1456 1521 
1509 4 1323 1436 1463 1510 
1510 7 1323 1326 1463 1509 1515 1526 1533 
1511 6 1290 1335 1361 1451 1454 1496 
1512 5 1212 1270 1469 1482 1500 
1513 3 1248 1414 1488 
1514 5 1311 1365 1378 1460 1531 
1515 8 1191 1259 1272 1326 1386 1477 1510 1526 
1516 2 1315 1448 
1517 4 1231 1294 1380 1411 
1518 5 1186 1201 1292 1389 1472 
1519 3 1343 1368 1440 
1520 4 1200 1248 1296 1314 
1521 5 1200 1367 1456 1508 1529 
1522 5 1191 1221 1425 1447 1503 
1523 4 1248 1290 1360 1448 
1524 8 1194 1311 1378 1403 1427 1434 1478 1500 
1525 4 1303 1355 1459 1467 
1526 7 1326 1327 1386 1504 1510 1515 1533 
1527 6 1200 1211 1414 1437 1489 5243 
1528 4 1221 1310 1401 1540 
1529 6 1200 1206 1211 1366 1367 1521 
1530 4 1372 1448 1451 1496 
1531 7 1228 1321 1365 1460 1465 1499 1514 
1532 4 1205 1317 1381 1424 
1533 5 1323 1462 1504 1510 1526 
1534 4 1246 1415 1454 5125 
1535 6 1186 1300 1389 1428 1474 1491 
1536 5 1265 1281 1291 1440 1479 
1537 7 1250 1323 1333 1353 1388 1436 1450 
1538 7 1301 1306 1315 1374 1455 1542 1543 
1539 7 1334 1336 1337 1338 1339 1340 1480 
1540 8 1232 1310 1346 1394 1401 1421 1528 1542 
1541 11 1180 1183 1209 1349 1383 1446 1471 1473 1487 1542 5855 
1542 12 1174 1232 1306 1349 1383 1393 1401 1453 1538 1540 1541 1543 
1543 8 1221 1374 1399 1401 1453 1457 1538 1542 
1544 9 8 41 1319 1320 1334 1336 1481 1483 7550 
1545 4 1559 1629 1759 5499 
1546 8 1553 1587 1610 1617 1696 1709 1752 1762 
1547 7 1627 1643 1685 1707 1753 1758 5562 
1548 6 1552 1582 1605 1686 1693 1694 
1549 5 1670 1695 1710 1715 1745 
1550 5 1607 1633 1679 1715 1745 
1551 4 1554 1596 1669 1735 
1552 12 1548 1576 1605 1625 1661 1662 1676 1688 1694 1705 1751 1761 
1553 4 1546 1587 1655 1762 
1554 7 661 713 1551 1567 1581 1596 1669 
1555 6 1573 1577 1614 1620 1656 1729 
1556 6 1581 1596 1720 1735 1736 1737 
1557 1 1738 
1558 7 1579 1612 1622 1634 1648 1650 1726 
1559 8 1545 1568 1623 1629 1639 1717 5436 5499 
1560 3 1591 1619 1691 
1561 13 665 692 693 757 767 1588 1592 1630 1677 1756 6883 6919 6942 
1562 1 1581 
1563 5 1570 1640 1703 1716 1740 
1564 7 674 750 1567 1617 1664 1744 1760 
1565 5 1576 1581 1593 1658 1676 
1566 5 1569 1624 1681 1690 1724 
1567 6 713 750 1554 1564 1669 1744 
1568 7 1559 1621 1639 5436 5532 5572 5591 
1569 5 1566 1580 1598 1624 1690 
1570 6 1563 1663 1665 1716 1740 1742 
1571 3 1575 1706 1741 
1572 3 1628 1684 1743 
1573 5 1555 1577 1588 1620 1652 
1574 6 1604 1628 1663 1683 1684 1742 
1575 6 1571 1581 1692 1706 1735 1741 
1576 8 1552 1565 1581 1638 1661 1676 1705 1751 
1577 7 1555 1573 1588 1614 1675 1677 1702 
1578 6 1598 1649 1679 1691 1727 1757 
1579 7 1558 1622 1623 1639 1650 1673 1690 
1580 5 1569 1598 1690 1727 1739 
1581 27 636 645 661 668 713 737 1554 1556 1562 1565 1575 1576 1593 1596 1625 1638 1658 1669 1692 1711 1713 1720 1721 1735 1736 1737 1738 
1582 6 1548 1603 1605 1671 1686 1761 
1583 2 1615 1714 
1584 6 1597 1611 1627 1631 1644 1714 
1585 8 1594 1651 1678 1687 1689 1759 5489 5639 
1586 6 1614 1618 1640 1663 1702 1740 
1587 7 674 786 1546 1553 1617 1655 1664 
1588 9 663 757 767 1561 1573 1577 1630 1652 1677 
1589 10 1600 1625 1641 1642 1659 1666 1682 1691 1694 1698 
1590 2 1662 1712 
1591 4 1560 1619 1691 1745 
1592 3 1561 1756 6883 
1593 5 1565 1581 1625 1658 1676 
1594 8 1585 1607 1660 1667 1680 1687 1689 1710 
1595 4 1651 1678 5347 5634 
1596 8 661 1551 1554 1556 1581 1669 1735 1737 
1597 5 1584 1603 1611 1644 1671 
1598 8 1569 1578 1580 1624 1690 1691 1727 1739 
1599 7 1629 1649 1673 1697 1717 1739 1759 
1600 6 1589 1641 1666 1668 1718 1721 
1601 6 1614 1640 1646 1703 1719 1733 
1602 7 1609 1647 1657 1674 1716 1723 1725 
1603 6 1582 1597 1611 1671 1686 1693 
1604 9 1574 1618 1626 1663 1675 1684 1702 1743 1756 
1605 6 1548 1552 1582 1671 1686 1761 
1606 1 1637 
1607 7 1550 1594 1633 1667 1680 1710 1715 
1608 7 1643 1671 1685 1748 1753 1761 1764 
1609 4 1602 1612 1647 1723 
1610 5 1546 1620 1635 1709 1762 
1611 7 1584 1597 1603 1631 1672 1693 1732 
1612 6 1558 1609 1622 1647 1648 1723 
1613 4 1692 1708 1711 1738 
1614 8 1555 1577 1586 1601 1640 1646 1702 1729 
1615 7 1583 1689 1699 1714 5597 5630 5696 
1616 4 1707 1748 5550 5562 
1617 8 786 1546 1564 1587 1664 1701 1752 1760 
1618 4 1586 1604 1663 1702 
1619 7 1560 1591 1670 1691 1698 1745 1765 
1620 7 1555 1573 1610 1635 1652 1656 1762 
1621 6 1568 1639 5390 5416 5418 5591 
1622 7 1558 1579 1612 1647 1650 1681 1690 
1623 5 1559 1579 1639 1673 1717 
1624 6 1566 1569 1598 1659 1691 1724 
1625 8 1552 1581 1589 1593 1641 1676 1694 1713 
1626 3 1604 1684 1743 
1627 10 1547 1584 1644 1671 1685 1714 1730 1758 5562 5573 
1628 9 1572 1574 1683 1684 1743 6810 6811 6905 6958 
1629 5 1545 1559 1599 1717 1759 
1630 4 1561 1588 1677 1756 
1631 7 1584 1611 1632 1672 1695 1714 1750 
1632 6 1631 1670 1672 1695 1698 1732 
1633 6 1550 1607 1667 1679 1757 1759 
1634 4 1558 1648 1653 1726 
1635 5 1610 1620 1656 1709 1738 
1636 5 1689 1714 1728 1750 1754 
1637 3 1606 1712 1746 
1638 5 636 753 1576 1581 1705 
1639 7 1559 1568 1579 1621 1623 1650 5416 
1640 6 1563 1586 1601 1614 1703 1740 
1641 5 1589 1600 1625 1713 1721 
1642 5 1589 1682 1691 1698 1732 
1643 4 1547 1608 1685 1753 
1644 4 1584 1597 1627 1671 
1645 6 1696 1701 1708 1709 1738 1752 
1646 5 1601 1614 1729 1733 1738 
1647 7 1602 1609 1612 1622 1657 1681 1734 
1648 6 1558 1612 1634 1653 1700 1723 
1649 7 1578 1599 1697 1727 1739 1757 1759 
1650 6 1558 1579 1622 1639 1726 5416 
1651 7 1585 1595 1678 5355 5489 5530 5634 
1652 8 663 721 732 1573 1588 1620 1655 1762 
1653 10 523 556 1634 1648 1700 1722 1723 1726 1747 1749 
1654 4 410 420 1755 6905 
1655 7 631 674 721 1553 1587 1652 1762 
1656 5 1555 1620 1635 1729 1738 
1657 5 1602 1647 1681 1724 1725 
1658 3 1565 1581 1593 
1659 7 1589 1624 1666 1691 1718 1724 1725 
1660 2 1594 1680 
1661 3 1552 1576 1751 
1662 5 1552 1590 1705 1712 1746 
1663 7 1570 1574 1586 1604 1618 1740 1742 
1664 6 674 750 786 1564 1587 1617 
1665 5 1570 1674 1683 1716 1742 
1666 4 1589 1600 1659 1718 
1667 5 1594 1607 1633 1687 1759 
1668 5 1600 1718 1721 1733 1738 
1669 11 661 713 1551 1554 1567 1581 1596 1731 1735 1741 1744 
1670 7 1549 1619 1632 1695 1698 1745 1765 
1671 11 1582 1597 1603 1605 1608 1627 1644 1685 1686 1761 1764 
1672 4 1611 1631 1632 1732 
1673 7 1579 1599 1623 1690 1697 1717 1739 
1674 7 1602 1665 1683 1716 1723 1763 1766 
1675 6 1577 1604 1677 1702 1743 1756 
1676 5 1552 1565 1576 1593 1625 
1677 6 1561 1577 1588 1630 1675 1756 
1678 5 1585 1595 1651 1689 5347 
1679 6 1550 1578 1633 1691 1745 1757 
1680 4 1594 1607 1660 1710 
1681 7 1566 1622 1647 1657 1690 1724 1734 
1682 4 1589 1642 1694 1732 
1683 8 1574 1628 1665 1674 1723 1742 1763 6905 
1684 6 1572 1574 1604 1626 1628 1743 
1685 6 1547 1608 1627 1643 1671 1758 
1686 6 1548 1582 1603 1605 1671 1693 
1687 4 1585 1594 1667 1759 
1688 1 1552 
1689 10 1585 1594 1615 1636 1678 1699 1710 1714 1728 5347 
1690 9 1566 1569 1579 1580 1598 1622 1673 1681 1739 
1691 12 1560 1578 1589 1591 1598 1619 1624 1642 1659 1679 1698 1745 
1692 6 1575 1581 1613 1704 1706 1738 
1693 6 1548 1603 1611 1686 1694 1732 
1694 7 1548 1552 1589 1625 1682 1693 1732 
1695 7 1549 1631 1632 1670 1710 1750 1754 
1696 4 1546 1645 1709 1752 
1697 4 1599 1649 1673 1739 
1698 8 1589 1619 1632 1642 1670 1691 1732 1765 
1699 5 1615 1689 5347 5512 5630 
1700 2 1648 1653 
1701 6 1617 1645 1706 1708 1752 1760 
1702 6 1577 1586 1604 1614 1618 1675 
1703 5 1563 1601 1640 1716 1719 
1704 4 1692 1706 1708 1738 
1705 6 753 1552 1576 1638 1662 1746 
1706 9 1571 1575 1692 1701 1704 1708 1731 1741 1760 
1707 5 1547 1616 1748 1753 5562 
1708 6 1613 1645 1701 1704 1706 1738 
1709 6 1546 1610 1635 1645 1696 1738 
1710 9 1549 1594 1607 1680 1689 1695 1715 1728 1754 
1711 3 1581 1613 1738 
1712 4 1590 1637 1662 1746 
1713 4 1581 1625 1641 1721 
1714 12 1583 1584 1615 1627 1631 1636 1689 1730 1750 1758 5573 5696 
1715 5 1549 1550 1607 1710 1745 
1716 8 1563 1570 1602 1665 1674 1703 1719 1725 
1717 5 1559 1599 1623 1629 1673 
1718 7 1600 1659 1666 1668 1721 1725 1733 
1719 5 1601 1703 1716 1725 1733 
1720 3 1556 1581 1736 
1721 7 1581 1600 1641 1668 1713 1718 1738 
1722 4 523 1653 1747 1749 
1723 14 1602 1609 1612 1648 1653 1674 1683 1747 1755 1763 1766 1767 6811 6905 
1724 6 1566 1624 1657 1659 1681 1725 
1725 8 1602 1657 1659 1716 1718 1719 1724 1733 
1726 7 556 597 1558 1634 1650 1653 5416 
1727 5 1578 1580 1598 1649 1739 
1728 4 1636 1689 1710 1754 
1729 5 1555 1614 1646 1656 1738 
1730 3 1627 1714 1758 
1731 5 1669 1706 1741 1744 1760 
1732 8 1611 1632 1642 1672 1682 1693 1694 1698 
1733 7 1601 1646 1668 1718 1719 1725 1738 
1734 2 1647 1681 
1735 8 1551 1556 1575 1581 1596 1669 1737 1741 
1736 4 1556 1581 1720 1737 
1737 5 1556 1581 1596 1735 1736 
1738 16 1557 1581 1613 1635 1645 1646 1656 1668 1692 1704 1708 1709 1711 1721 1729 1733 
1739 8 1580 1598 1599 1649 1673 1690 1697 1727 
1740 5 1563 1570 1586 1640 1663 
1741 6 1571 1575 1669 1706 1731 1735 
1742 5 1570 1574 1663 1665 1683 
1743 8 1572 1604 1626 1628 1675 1684 1756 6958 
1744 5 1564 1567 1669 1731 1760 
1745 8 1549 1550 1591 1619 1670 1679 1691 1715 
1746 7 636 667 753 1637 1662 1705 1712 
1747 5 523 1653 1722 1723 1755 
1748 5 1608 1616 1707 1753 5550 
1749 3 523 1653 1722 
1750 5 1631 1636 1695 1714 1754 
1751 3 1552 1576 1661 
1752 5 1546 1617 1645 1696 1701 
1753 5 1547 1608 1643 1707 1748 
1754 5 1636 1695 1710 1728 1750 
1755 7 410 523 1654 1723 1747 1767 6905 
1756 16 1561 1592 1604 1630 1675 1677 1743 6788 6791 6798 6845 6883 6891 6918 6952 6958 
1757 5 1578 1633 1649 1679 1759 
1758 5 1547 1627 1685 1714 1730 
1759 11 1545 1585 1599 1629 1633 1649 1667 1687 1757 5499 5639 
1760 6 1564 1617 1701 1706 1731 1744 
1761 5 1552 1582 1605 1608 1671 
1762 6 1546 1553 1610 1620 1652 1655 
1763 4 1674 1683 1723 1766 
1764 2 1608 1671 
1765 3 1619 1670 1698 
1766 3 1674 1723 1763 
1767 3 1723 1755 6905 
1768 8 1775 1780 1787 1788 1790 1792 1810 4515 
1769 5 1791 1801 1803 4504 4552 
1770 3 1773 1787 1811 
1771 2 1775 1802 
1772 8 1785 1791 1793 1796 1808 1809 6107 6108 
1773 11 1770 1776 1777 1778 1784 1787 1793 1805 1808 1811 6125 
1774 2 1802 1806 
1775 6 1768 1771 1780 1790 1800 1802 
1776 5 1773 1778 1786 1805 1807 
1777 3 1773 1784 1808 
1778 5 1773 1776 1786 1793 1809 
1779 1 1798 
1780 5 1768 1775 1788 1800 1812 
1781 2 1782 1806 
1782 5 1781 1790 1795 1798 1806 
1783 2 1797 1799 
1784 6 1773 1777 1808 6092 6125 6167 
1785 5 1772 1786 1791 1809 4571 
1786 9 1776 1778 1785 1793 1807 1809 4543 4552 4571 
1787 14 1768 1770 1773 1790 1792 1794 1795 1799 1804 1805 1811 4515 6125 6177 
1788 6 1768 1780 1812 4510 4515 4525 
1789 1 1800 
1790 9 1768 1775 1782 1787 1792 1795 1802 1806 1810 
1791 12 1769 1772 1785 1801 1803 4504 4552 4571 6080 6107 6137 6148 
1792 3 1768 1787 1790 
1793 6 1772 1773 1778 1786 1808 1809 
1794 4 1787 1795 1797 1799 
1795 5 1782 1787 1790 1794 1798 
1796 6 1772 1808 6107 6108 6136 6137 
1797 3 1783 1794 1799 
1798 3 1779 1782 1795 
1799 7 1783 1787 1794 1797 1804 3233 6084 
1800 6 1775 1780 1789 1812 4510 4537 
1801 5 1769 1791 1803 4504 4552 
1802 5 1771 1774 1775 1790 1806 
1803 4 1769 1791 1801 4552 
1804 5 1787 1799 6084 6125 6151 
1805 6 1773 1776 1787 1807 1811 4515 
1806 5 1774 1781 1782 1790 1802 
1807 6 1776 1786 1805 4497 4515 4543 
1808 9 1772 1773 1777 1784 1793 1796 1809 6108 6167 
1809 6 1772 1778 1785 1786 1793 1808 
1810 2 1768 1790 
1811 4 1770 1773 1787 1805 
1812 5 1780 1788 1800 4510 4537 
1813 6 1835 1858 1861 1876 1925 1942 
1814 6 1818 1820 1822 1830 1862 1863 
1815 8 1826 1850 1857 1858 1906 1908 1914 1937 
1816 7 1839 1857 1892 1901 1905 1920 1935 
1817 9 1840 1848 1856 1865 1866 1876 1888 1898 1947 
1818 8 1814 1820 1828 1863 1880 1911 1912 1934 
1819 6 1828 1862 1863 1909 1929 7205 
1820 6 1814 1818 1822 1870 1880 1928 
1821 4 1841 1848 1888 1938 
1822 6 1814 1820 1830 1847 1909 1928 
1823 6 1878 1929 7037 7086 7088 7205 
1824 6 1875 1907 7003 7132 7146 7249 
1825 5 1854 1855 1877 1883 1945 
1826 7 1815 1836 1846 1850 1884 1932 1937 
1827 5 1865 1876 1877 1916 1926 
1828 8 1818 1819 1832 1863 1886 1888 1912 1929 
1829 6 1864 1865 1869 1911 1919 1934 
1830 4 1814 1822 1862 1909 
1831 4 1893 1917 1918 1943 
1832 4 1828 1886 1888 1938 
1833 5 1900 1913 1917 1918 6547 
1834 4 1851 1875 1893 1943 
1835 3 1813 1858 1942 
1836 5 1826 1858 1932 1937 1942 
1837 3 1843 1892 1941 
1838 5 1840 1842 1848 1889 1897 
1839 6 1816 1842 1908 1920 1927 1935 
1840 6 1817 1838 1848 1897 1931 1947 
1841 4 1821 1886 1938 1946 
1842 7 1838 1839 1889 1897 1920 1927 1931 
1843 5 1837 1852 1892 1902 1941 
1844 7 1859 1874 1899 1904 1924 1930 6405 
1845 5 1872 1884 1896 1930 6703 
1846 5 1826 1853 1884 1894 1932 
1847 6 1822 1871 1885 1907 1909 1928 
1848 6 1817 1821 1838 1840 1888 1947 
1849 5 1861 1876 1877 1933 1945 
1850 8 1815 1826 1859 1884 1901 1903 1914 1937 
1851 10 1834 1868 1870 1873 1875 1882 1891 1893 1936 6727 
1852 8 1843 1874 1892 1901 1902 1903 1905 1924 
1853 6 1846 1867 1879 1884 1894 1915 
1854 8 1825 1869 1877 1882 1883 1919 1921 1945 
1855 8 1825 1883 1895 1933 1945 6643 6666 6691 
1856 5 1817 1866 1925 1931 1947 
1857 7 1815 1816 1901 1906 1908 1914 1935 
1858 9 1813 1815 1835 1836 1908 1922 1925 1937 1942 
1859 8 1844 1850 1874 1884 1901 1903 1914 1930 
1860 3 1878 1881 1929 
1861 5 1813 1849 1876 1933 1942 
1862 5 1814 1819 1830 1863 1909 
1863 5 1814 1818 1819 1828 1862 
1864 6 1829 1865 1869 1916 1921 1926 
1865 10 1817 1827 1829 1864 1876 1888 1898 1911 1912 1926 
1866 4 1817 1856 1876 1925 
1867 6 1853 1884 1890 1915 1940 6611 
1868 6 1851 1882 1883 1895 1936 6727 
1869 5 1829 1854 1864 1919 1921 
1870 7 1820 1851 1875 1880 1885 1891 1928 
1871 2 1847 1907 
1872 5 1845 1884 6681 6703 6743 
1873 4 1851 1882 1891 1919 
1874 5 1844 1852 1859 1903 1924 
1875 11 1824 1834 1851 1870 1885 1900 1907 1913 1928 1943 7003 
1876 9 1813 1817 1827 1849 1861 1865 1866 1877 1925 
1877 8 1825 1827 1849 1854 1876 1916 1921 1945 
1878 3 1823 1860 1929 
1879 6 1853 1887 1894 1915 6622 6676 
1880 6 1818 1820 1870 1891 1928 1934 
1881 3 1860 1886 1929 
1882 6 1851 1854 1868 1873 1883 1919 
1883 6 1825 1854 1855 1868 1882 1895 
1884 13 1826 1845 1846 1850 1853 1859 1867 1872 1890 1930 1940 1944 6743 
1885 5 1847 1870 1875 1907 1928 
1886 8 1828 1832 1841 1881 1929 1938 1939 1946 
1887 6 1879 1915 6587 6676 6755 6773 
1888 9 1817 1821 1828 1832 1848 1865 1898 1912 1938 
1889 2 1838 1842 
1890 4 1867 1884 1944 6611 
1891 6 1851 1870 1873 1880 1919 1934 
1892 5 1816 1837 1843 1852 1905 
1893 7 1831 1834 1851 1918 1943 6555 6727 
1894 8 1846 1853 1879 1932 6600 6622 6656 6676 
1895 6 1855 1868 1883 6643 6695 6727 
1896 6 1845 1899 1930 6405 6703 6764 
1897 4 1838 1840 1842 1931 
1898 3 1817 1865 1888 
1899 5 1844 1896 1904 1930 6405 
1900 7 1833 1875 1913 1918 6547 7003 7023 
1901 8 1816 1850 1852 1857 1859 1903 1905 1914 
1902 5 1843 1852 1924 1941 6516 
1903 6 1850 1852 1859 1874 1901 1914 
1904 5 1844 1899 1924 6405 6516 
1905 4 1816 1852 1892 1901 
1906 3 1815 1857 1908 
1907 14 1824 1847 1871 1875 1885 1909 1910 1928 7009 7013 7015 7213 7230 7249 
1908 8 1815 1839 1857 1858 1906 1925 1927 1935 
1909 9 1819 1822 1830 1847 1862 1907 1910 7013 7205 
1910 3 1907 1909 7013 
1911 5 1818 1829 1865 1912 1934 
1912 5 1818 1828 1865 1888 1911 
1913 5 1833 1875 1900 1917 1943 
1914 6 1815 1850 1857 1859 1901 1903 
1915 6 1853 1867 1879 1887 6587 6611 
1916 5 1827 1864 1877 1921 1926 
1917 5 1831 1833 1913 1918 1943 
1918 8 1831 1833 1893 1900 1917 6547 6555 6670 
1919 7 1829 1854 1869 1873 1882 1891 1934 
1920 3 1816 1839 1842 
1921 5 1854 1864 1869 1877 1916 
1922 2 1858 1937 
1923 1 1935 
1924 6 1844 1852 1874 1902 1904 6516 
1925 8 1813 1856 1858 1866 1876 1908 1927 1931 
1926 4 1827 1864 1865 1916 
1927 5 1839 1842 1908 1925 1931 
1928 8 1820 1822 1847 1870 1875 1880 1885 1907 
1929 8 1819 1823 1828 1860 1878 1881 1886 7205 
1930 6 1844 1845 1859 1884 1896 1899 
1931 7 1840 1842 1856 1897 1925 1927 1947 
1932 7 1826 1836 1846 1894 1942 6656 6687 
1933 7 1849 1855 1861 1942 1945 6666 6715 
1934 6 1818 1829 1880 1891 1911 1919 
1935 5 1816 1839 1857 1908 1923 
1936 3 1851 1868 6727 
1937 6 1815 1826 1836 1850 1858 1922 
1938 6 1821 1832 1841 1886 1888 1946 
1939 1 1886 
1940 2 1867 1884 
1941 5 1837 1843 1902 6365 6516 
1942 9 1813 1835 1836 1858 1861 1932 1933 6687 6715 
1943 6 1831 1834 1875 1893 1913 1917 
1944 7 1884 1890 6549 6611 6648 6702 6743 
1945 6 1825 1849 1854 1855 1877 1933 
1946 3 1841 1886 1938 
1947 5 1817 1840 1848 1856 1931 
1948 8 1958 1959 1962 1972 1982 1998 2014 2020 
1949 6 647 681 686 760 2015 2033 
1950 4 1958 1962 1985 2110 
1951 3 59 2004 2039 
1952 7 1966 1975 1994 2000 2049 6921 6966 
1953 8 1988 1996 2006 2007 2010 2012 2019 2046 
1954 6 1981 1982 2009 2010 2011 2014 
1955 2 2004 2040 
1956 7 1960 1967 1974 1992 2018 2035 2041 
1957 13 108 132 1966 1979 2000 2004 2021 2025 2026 2029 2034 2036 2047 
1958 7 1948 1950 1959 1962 1985 2020 2033 
1959 3 1948 1958 1962 
1960 13 1956 1967 1969 1970 1978 1986 1992 2000 2003 2005 2013 2030 2035 
1961 6 1984 2004 2016 2031 2037 2040 
1962 15 1948 1950 1958 1959 1967 1971 1972 1973 2018 2038 2069 2072 2083 2110 2111 
1963 1 2045 
1964 4 692 6893 6928 6942 
1965 5 1986 1997 2017 2043 2044 
1966 6 1952 1957 1975 2000 2029 2047 
1967 8 1956 1960 1962 1969 1976 1977 2018 2038 
1968 5 787 1988 2006 2010 2015 
1969 6 1960 1967 1976 1981 2013 2042 
1970 3 1960 1986 2005 
1971 6 1962 1973 1989 2018 2065 2069 
1972 5 1948 1962 1982 2014 2038 
1973 5 1962 1971 1989 1995 2018 
1974 6 1956 1992 2002 2022 2041 2045 
1975 8 1952 1966 2008 2029 2048 6881 6921 6947 
1976 6 1967 1969 1977 1981 1982 2042 
1977 4 1967 1976 1982 2038 
1978 5 1960 1981 1987 2003 2030 
1979 3 1957 2004 2036 
1980 2 2031 3583 
1981 10 1954 1969 1976 1978 1982 2003 2009 2011 2013 2042 
1982 9 1948 1954 1972 1976 1977 1981 2011 2014 2038 
1983 4 1991 1999 2019 6979 
1984 4 1961 2004 2031 2040 
1985 8 647 660 687 1950 1958 1993 2033 2110 
1986 10 1960 1965 1970 1991 1997 1999 2000 2017 2030 2043 
1987 6 1978 1999 2003 2009 2010 2030 
1988 4 1953 1968 2006 2010 
1989 6 1971 1973 1995 2027 2065 3515 
1990 3 2004 2036 2040 
1991 6 1983 1986 1999 2043 6957 6979 
1992 7 1956 1960 1974 2005 2024 2035 2045 
1993 4 660 1985 2110 2123 
1994 10 1952 1997 2000 2017 2043 2044 2049 6815 6867 6966 
1995 5 1973 1989 2002 2018 2027 
1996 6 692 787 1953 2006 2007 6893 
1997 6 1965 1986 1994 2017 2043 2044 
1998 5 1948 2010 2014 2015 2020 
1999 8 1983 1986 1987 1991 2010 2012 2019 2030 
2000 13 1952 1957 1960 1966 1986 1994 2001 2005 2017 2026 2034 2044 2049 
2001 4 2000 2021 2026 2034 
2002 9 1974 1995 2018 2022 2027 2041 3515 3521 3598 
2003 6 1960 1978 1981 1987 2009 2013 
2004 21 59 67 1951 1955 1957 1961 1979 1984 1990 2016 2023 2028 2031 2034 2036 2037 2039 2040 3571 3586 3602 
2005 6 1960 1970 1992 2000 2024 2034 
2006 6 692 787 1953 1968 1988 1996 
2007 5 1953 1996 2019 6855 6893 
2008 5 1975 2025 2029 2337 6947 
2009 5 1954 1981 1987 2003 2010 
2010 12 1953 1954 1968 1987 1988 1998 1999 2009 2012 2014 2015 2046 
2011 3 1954 1981 1982 
2012 5 1953 1999 2010 2019 2046 
2013 4 1960 1969 1981 2003 
2014 6 1948 1954 1972 1982 1998 2010 
2015 8 681 787 1949 1968 1998 2010 2020 2033 
2016 3 1961 2004 2037 
2017 7 1965 1986 1994 1997 2000 2044 6815 
2018 8 1956 1962 1967 1971 1973 1995 2002 2041 
2019 11 1953 1983 1999 2007 2012 6855 6872 6876 6933 6961 6979 
2020 5 1948 1958 1998 2015 2033 
2021 4 1957 2001 2026 2034 
2022 4 1974 2002 2045 3521 
2023 1 2004 
2024 6 1992 2005 2031 2032 2034 2045 
2025 6 132 1957 2008 2029 2329 2337 
2026 4 1957 2000 2001 2021 
2027 4 1989 1995 2002 3515 
2028 1 2004 
2029 6 1957 1966 1975 2008 2025 2048 
2030 5 1960 1978 1986 1987 1999 
2031 10 1961 1980 1984 2004 2024 2032 2034 2037 2045 3583 
2032 3 2024 2031 2034 
2033 6 647 1949 1958 1985 2015 2020 
2034 9 1957 2000 2001 2004 2005 2021 2024 2031 2032 
2035 3 1956 1960 1992 
2036 7 70 108 1957 1979 1990 2004 2039 
2037 9 1961 2004 2016 2031 3532 3536 3568 3571 3583 
2038 5 1962 1967 1972 1977 1982 
2039 6 59 70 113 1951 2004 2036 
2040 5 1955 1961 1984 1990 2004 
2041 4 1956 1974 2002 2018 
2042 3 1969 1976 1981 
2043 9 1965 1986 1991 1994 1997 6815 6833 6867 6957 
2044 6 1965 1994 1997 2000 2017 2049 
2045 11 1963 1974 1992 2022 2024 2031 3514 3521 3531 3581 3583 
2046 3 1953 2010 2012 
2047 3 108 1957 1966 
2048 2 1975 2029 
2049 4 1952 1994 2000 2044 
2050 8 2065 2067 2070 2092 2096 2099 2116 2118 
2051 8 2087 2089 2091 2093 2094 2105 2109 6086 
2052 6 2055 2072 2075 2103 2119 2121 
2053 3 2104 2788 3512 
2054 6 2070 2079 2082 2085 2102 2122 
2055 3 2052 2072 2103 
2056 12 2062 2063 2068 2071 2088 2095 2112 2124 3513 3566 3574 3582 
2057 4 653 717 2084 2123 
2058 6 2075 2078 2084 2101 2119 2120 
2059 6 2073 2087 2097 4470 4484 4516 
2060 5 717 731 2078 2081 2113 
2061 7 2063 2067 2070 2092 2099 2115 3562 
2062 10 2056 2064 2068 2071 2087 2091 2093 2095 2107 2124 
2063 6 2056 2061 2068 2070 3562 3574 
2064 5 2062 2088 2104 2107 2124 
2065 7 1971 1989 2050 2069 2092 2118 3515 
2066 7 2070 2082 2106 2108 2114 2126 6111 
2067 5 2050 2061 2070 2099 2116 
2068 7 2056 2062 2063 2070 2074 2091 2095 
2069 5 1962 1971 2065 2111 2118 
2070 16 2050 2054 2061 2063 2066 2067 2068 2074 2076 2082 2090 2096 2106 2114 2116 2122 
2071 3 2056 2062 2124 
2072 10 1962 2052 2055 2083 2100 2103 2110 2111 2121 2123 
2073 5 2059 2087 2107 4516 4518 
2074 4 2068 2070 2090 2091 
2075 10 2052 2058 2078 2085 2096 2103 2117 2119 2120 2122 
2076 3 2070 2090 2106 
2077 2 2084 2119 
2078 10 644 689 731 2058 2060 2075 2081 2085 2101 2120 
2079 7 2054 2082 2085 2098 2102 2125 6111 
2080 2 2104 3513 
2081 5 2060 2078 2084 2101 2113 
2082 6 2054 2066 2070 2079 2106 6111 
2083 3 1962 2072 2111 
2084 10 717 2057 2058 2077 2081 2101 2113 2119 2121 2123 
2085 14 644 2054 2075 2078 2079 2098 2102 2120 2122 6074 6111 6138 6146 6150 
2086 7 2104 2107 2688 2779 4518 4563 4566 
2087 10 2051 2059 2062 2073 2093 2094 2097 2107 4470 6086 
2088 5 2056 2064 2104 2124 3513 
2089 4 2051 2091 2106 2109 
2090 5 2070 2074 2076 2091 2106 
2091 8 2051 2062 2068 2074 2089 2090 2093 2106 
2092 8 2050 2061 2065 2099 2115 3515 3562 3565 
2093 5 2051 2062 2087 2091 2094 
2094 3 2051 2087 2093 
2095 3 2056 2062 2068 
2096 7 2050 2070 2075 2103 2117 2118 2122 
2097 3 2059 2087 4470 
2098 9 2079 2085 2125 6094 6111 6114 6127 6146 6175 
2099 4 2050 2061 2067 2092 
2100 4 2072 2103 2111 2118 
2101 5 2058 2078 2081 2084 2119 
2102 4 2054 2079 2085 2122 
2103 8 2052 2055 2072 2075 2096 2100 2117 2118 
2104 10 2053 2064 2080 2086 2088 2107 2688 2788 3512 3513 
2105 6 2051 2109 6086 6098 6113 6122 
2106 11 2066 2070 2076 2082 2089 2090 2091 2108 2109 2114 2126 
2107 7 2062 2064 2073 2086 2087 2104 4518 
2108 3 2066 2106 2114 
2109 7 2051 2089 2105 2106 2126 6111 6113 
2110 6 1950 1962 1985 1993 2072 2123 
2111 6 1962 2069 2072 2083 2100 2118 
2112 4 2056 3547 3574 3582 
2113 4 717 2060 2081 2084 
2114 4 2066 2070 2106 2108 
2115 3 2061 2092 3562 
2116 3 2050 2067 2070 
2117 3 2075 2096 2103 
2118 7 2050 2065 2069 2096 2100 2103 2111 
2119 7 2052 2058 2075 2077 2084 2101 2121 
2120 4 2058 2075 2078 2085 
2121 5 2052 2072 2084 2119 2123 
2122 6 2054 2070 2075 2085 2096 2102 
2123 9 653 660 791 1993 2057 2072 2084 2110 2121 
2124 5 2056 2062 2064 2071 2088 
2125 3 2079 2098 6111 
2126 4 2066 2106 2109 6111 
2127 7 2134 2135 2143 2147 2172 2184 2219 
2128 6 2133 2139 2181 2202 2206 2212 
2129 6 2152 2157 2164 2175 2219 4245 
2130 2 2160 2176 
2131 3 2155 2156 2166 
2132 7 2136 2163 2171 2190 2203 2209 5341 
2133 4 2128 2181 2201 2212 
2134 5 2127 2135 2143 2188 2199 
2135 5 2127 2134 2152 2188 2219 
2136 6 2132 2163 2171 2172 2204 2214 
2137 4 2167 2191 2195 2196 
2138 7 2190 2202 2209 2213 5299 5334 5341 
2139 7 2128 2167 2181 2182 2187 2198 2206 
2140 4 2154 2165 2192 2217 
2141 4 2144 2160 2175 2193 
2142 2 2177 2216 
2143 6 2127 2134 2147 2156 2183 2199 
2144 6 2141 2160 2175 2180 2194 2200 
2145 6 2150 2154 2166 2168 2192 2208 
2146 3 2159 2170 2178 
2147 6 2127 2143 2150 2156 2172 2184 
2148 4 2151 2186 2211 2218 
2149 4 2153 2159 2162 2177 
2150 6 2145 2147 2156 2166 2184 2208 
2151 5 2148 2174 2186 2205 2211 
2152 5 2129 2135 2164 2188 2219 
2153 1 2149 
2154 6 2140 2145 2192 2201 2208 2217 
2155 3 2131 2156 2183 
2156 7 2131 2143 2147 2150 2155 2166 2183 
2157 6 2129 2172 2204 2214 2219 4245 
2158 5 2167 2189 2196 2198 5338 
2159 5 2146 2149 2170 2177 2216 
2160 6 2130 2141 2144 2176 2180 2200 
2161 1 2179 
2162 1 2149 
2163 6 2132 2136 2172 2184 2185 2190 
2164 6 2129 2152 2173 2175 2188 2215 
2165 3 2140 2216 2217 
2166 4 2131 2145 2150 2156 
2167 7 2137 2139 2158 2182 2195 2196 2198 
2168 2 2145 2192 
2169 5 2186 2194 4256 4260 4286 
2170 8 2146 2159 2178 2181 2187 2201 2216 2217 
2171 6 2132 2136 2203 2204 2207 4262 
2172 8 2127 2136 2147 2157 2163 2184 2214 2219 
2173 4 2164 2188 2193 2215 
2174 4 2151 2200 2205 2211 
2175 9 2129 2141 2144 2164 2193 2194 2215 4244 4245 
2176 2 2130 2160 
2177 4 2142 2149 2159 2216 
2178 3 2146 2170 2187 
2179 4 2161 2180 2200 2211 
2180 4 2144 2160 2179 2200 
2181 6 2128 2133 2139 2170 2187 2201 
2182 4 2139 2167 2187 2195 
2183 4 2143 2155 2156 2199 
2184 7 2127 2147 2150 2163 2172 2185 2208 
2185 6 2163 2184 2190 2202 2208 2210 
2186 6 2148 2151 2169 2194 2205 2218 
2187 5 2139 2170 2178 2181 2182 
2188 5 2134 2135 2152 2164 2173 
2189 6 2158 2198 2206 5299 5326 5338 
2190 6 2132 2138 2163 2185 2202 2209 
2191 3 2137 2195 2197 
2192 4 2140 2145 2154 2168 
2193 4 2141 2173 2175 2215 
2194 8 2144 2169 2175 2186 2200 2205 4244 4256 
2195 5 2137 2167 2182 2191 2197 
2196 5 2137 2158 2167 2198 5338 
2197 2 2191 2195 
2198 6 2139 2158 2167 2189 2196 2206 
2199 3 2134 2143 2183 
2200 8 2144 2160 2174 2179 2180 2194 2205 2211 
2201 7 2133 2154 2170 2181 2208 2212 2217 
2202 8 2128 2138 2185 2190 2206 2210 2212 2213 
2203 5 2132 2171 4262 5302 5341 
2204 7 2136 2157 2171 2207 2214 4243 4245 
2205 5 2151 2174 2186 2194 2200 
2206 7 2128 2139 2189 2198 2202 2213 5299 
2207 4 2171 2204 4243 4262 
2208 8 2145 2150 2154 2184 2185 2201 2210 2212 
2209 4 2132 2138 2190 5341 
2210 4 2185 2202 2208 2212 
2211 5 2148 2151 2174 2179 2200 
2212 6 2128 2133 2201 2202 2208 2210 
2213 4 2138 2202 2206 5299 
2214 5 2136 2157 2172 2204 2219 
2215 4 2164 2173 2175 2193 
2216 6 2142 2159 2165 2170 2177 2217 
2217 6 2140 2154 2165 2170 2201 2216 
2218 2 2148 2186 
2219 7 2127 2129 2135 2152 2157 2172 2214 
2220 7 2288 2317 2399 2433 2435 2452 2457 
2221 5 2295 2313 2394 2400 2438 
2222 17 129 2255 2263 2274 2280 2300 2310 2338 2344 2356 2359 2374 2391 2395 2411 2414 2455 
2223 5 2251 2353 2413 2441 2451 
2224 7 2243 2264 2266 2294 2398 2418 2456 
2225 7 2228 2239 2261 2369 2386 2410 2432 
2226 5 2355 2370 2383 2388 2419 
2227 7 2232 2253 2259 2297 2316 2380 2382 
2228 9 2225 2239 2269 2272 2368 2369 2443 2915 3049 
2229 5 2352 2377 2405 2417 2449 
2230 3 2267 2281 2861 
2231 6 2296 2333 2419 2423 2428 2434 
2232 5 2227 2276 2297 2382 7237 
2233 5 2301 2331 2393 7065 7217 
2234 5 2285 2307 2341 2423 2430 
2235 7 2237 2371 2379 2400 2405 2425 2438 
2236 5 2258 2300 2335 2351 2392 
2237 5 2235 2309 2371 2379 2434 
2238 7 2292 2317 2336 2384 2433 2436 2445 
2239 5 2225 2228 2369 2410 2915 
2240 6 2283 2288 2326 2364 2448 2456 
2241 3 2288 2429 2452 
2242 5 2270 2271 2335 2376 2444 
2243 5 2224 2266 2284 2398 2440 
2244 4 2263 2383 2395 2415 
2245 9 2249 2315 2325 2352 2378 2417 2871 2975 4345 
2246 7 2255 2290 2300 2344 2362 2392 2414 
2247 3 2288 2429 2456 
2248 2 2288 2409 
2249 6 2245 2315 2394 2447 4345 6936 
2250 8 2296 2332 2346 2354 2355 2375 2403 2419 
2251 6 2223 2286 2341 2353 2384 2441 
2252 13 2269 2272 2288 2289 2299 2322 2328 2390 2412 2933 3031 3033 3040 
2253 7 2227 2259 2268 2316 2348 2385 2431 
2254 4 2261 2266 2302 2342 
2255 6 2222 2246 2310 2312 2344 2362 
2256 2 2288 2350 
2257 7 2372 2422 2858 2872 3029 3061 3068 
2258 7 2236 2291 2300 2320 2338 2351 2373 
2259 4 2227 2253 2297 2385 
2260 5 2268 2318 2396 2408 2409 
2261 8 2225 2254 2266 2281 2302 2386 2397 2432 
2262 7 2270 2287 2288 2298 2347 2376 2408 
2263 6 2222 2244 2265 2310 2383 2395 
2264 6 2224 2269 2294 2299 2369 2418 
2265 4 2263 2310 2383 2388 
2266 10 2224 2243 2254 2261 2284 2342 2345 2369 2386 2418 
2267 6 2230 2281 2397 2422 2861 3061 
2268 7 2253 2260 2316 2348 2380 2396 2408 
2269 9 2228 2252 2264 2272 2288 2299 2365 2368 2369 
2270 7 2242 2262 2271 2347 2348 2376 2431 
2271 5 2242 2270 2431 2442 2444 
2272 6 2228 2252 2269 2368 2412 3123 
2273 4 2375 2388 2419 2430 
2274 8 83 120 124 129 2222 2277 2366 2391 
2275 4 2278 2279 2383 2415 
2276 4 2232 2297 2339 7237 
2277 3 2274 2366 2391 
2278 6 99 120 2275 2279 2366 2415 
2279 5 99 132 2275 2278 2383 
2280 5 129 2222 2359 2374 2427 
2281 7 2230 2261 2267 2397 2422 2432 2861 
2282 2 2304 2320 
2283 5 2240 2288 2293 2326 2456 
2284 4 2243 2266 2345 2440 
2285 7 2234 2310 2341 2360 2401 2413 2430 
2286 6 2251 2307 2333 2341 2384 2437 
2287 5 2262 2288 2347 2408 2409 
2288 39 2220 2240 2241 2247 2248 2252 2256 2262 2269 2283 2287 2293 2298 2299 2314 2322 2326 2327 2328 2335 2343 2350 2365 2390 2402 2406 2407 2409 2416 2421 2429 2433 2446 2451 2452 2453 2456 2933 6554 
2289 3 2252 2328 3040 
2290 6 2246 2335 2343 2362 2392 2451 
2291 8 2258 2331 2340 2351 2358 2373 2442 2444 
2292 5 2238 2336 2353 2433 2450 
2293 5 2283 2288 2294 2299 2456 
2294 5 2224 2264 2293 2299 2456 
2295 5 2221 2313 2394 2438 6936 
2296 5 2231 2250 2403 2419 2434 
2297 8 2227 2232 2259 2276 2305 2323 2339 2385 
2298 5 2262 2288 2335 2376 2453 
2299 6 2252 2264 2269 2288 2293 2294 
2300 7 2222 2236 2246 2258 2338 2392 2414 
2301 6 2233 2305 2323 2331 2340 2393 
2302 8 2254 2261 2319 2342 2357 2363 2397 2440 
2303 3 2323 2387 2393 
2304 5 2282 2320 2330 2373 2424 
2305 7 2297 2301 2323 2340 2385 2431 2442 
2306 2 130 2320 
2307 5 2234 2286 2333 2341 2423 
2308 9 2311 2332 2337 2346 2389 2425 6922 6947 6971 
2309 5 2237 2319 2334 2379 2434 
2310 11 2222 2255 2263 2265 2285 2312 2344 2360 2388 2401 2413 
2311 6 2308 2346 2371 2403 2425 2434 
2312 5 2255 2310 2362 2413 2451 
2313 7 2221 2295 2367 2400 2425 6808 6936 
2314 3 2288 2407 2409 
2315 6 2245 2249 2352 2394 2404 2405 
2316 4 2227 2253 2268 2380 
2317 5 2220 2238 2399 2433 2445 
2318 5 2260 2321 2396 2407 2409 
2319 16 2302 2309 2334 2349 2357 2361 2363 2372 2379 2417 2422 2426 2440 2449 2454 2457 
2320 15 130 2258 2282 2304 2306 2324 2330 2338 2356 2373 2420 2424 2427 2439 7239 
2321 4 2318 2396 2407 2446 
2322 4 2252 2288 2328 2390 
2323 7 2297 2301 2303 2305 2339 2387 2393 
2324 5 77 105 130 2320 2420 
2325 3 2245 2937 2975 
2326 6 2240 2283 2288 2364 2406 2421 
2327 3 2288 2421 2456 
2328 4 2252 2288 2289 2322 
2329 6 132 2025 2337 2354 2355 2389 
2330 7 2304 2320 2358 2373 2424 7239 7244 
2331 7 2233 2291 2301 2340 2358 7065 7244 
2332 5 2250 2308 2346 2354 2389 
2333 6 2231 2286 2307 2423 2428 2437 
2334 6 2309 2319 2349 2428 2434 2445 
2335 10 2236 2242 2288 2290 2298 2343 2351 2376 2392 2444 
2336 4 2238 2292 2353 2384 
2337 6 2008 2025 2308 2329 2389 6947 
2338 6 2222 2258 2300 2320 2356 2455 
2339 6 2276 2297 2323 2387 7073 7237 
2340 5 2291 2301 2305 2331 2442 
2341 7 2234 2251 2285 2286 2307 2413 2441 
2342 5 2254 2266 2302 2345 2440 
2343 6 2288 2290 2335 2450 2451 2453 
2344 5 2222 2246 2255 2310 2414 
2345 4 2266 2284 2342 2440 
2346 5 2250 2308 2311 2332 2403 
2347 5 2262 2270 2287 2348 2408 
2348 6 2253 2268 2270 2347 2408 2431 
2349 5 2319 2334 2399 2445 2449 
2350 2 2256 2288 
2351 5 2236 2258 2291 2335 2444 
2352 5 2229 2245 2315 2405 2417 
2353 7 2223 2251 2292 2336 2384 2450 2451 
2354 5 2250 2329 2332 2355 2389 
2355 9 132 2226 2250 2329 2354 2370 2375 2383 2419 
2356 5 2222 2320 2338 2427 2455 
2357 4 2302 2319 2426 2440 
2358 5 2291 2330 2331 2373 7244 
2359 6 2222 2280 2391 2395 2427 2455 
2360 4 2285 2310 2388 2430 
2361 4 2319 2399 2449 2454 
2362 5 2246 2255 2290 2312 2451 
2363 4 2302 2319 2397 2422 
2364 4 2240 2326 2421 2448 
2365 2 2269 2288 
2366 6 120 2274 2277 2278 2391 2415 
2367 4 2313 2400 2405 2425 
2368 5 2228 2269 2272 3049 3123 
2369 8 2225 2228 2239 2264 2266 2269 2386 2418 
2370 4 132 2226 2355 2383 
2371 5 2235 2237 2311 2425 2434 
2372 7 2257 2319 2378 2417 2422 2858 2872 
2373 6 2258 2291 2304 2320 2330 2358 
2374 6 124 129 2222 2280 2420 2427 
2375 4 2250 2273 2355 2419 
2376 5 2242 2262 2270 2298 2335 
2377 4 2229 2379 2405 2449 
2378 5 2245 2372 2417 2872 2975 
2379 8 2235 2237 2309 2319 2377 2405 2438 2449 
2380 5 2227 2268 2316 2382 2396 
2381 6 2410 2432 2861 2940 3004 3063 
2382 10 2227 2232 2380 2396 2446 6554 6563 6767 7077 7237 
2383 11 132 2226 2244 2263 2265 2275 2279 2355 2370 2388 2415 
2384 7 2238 2251 2286 2336 2353 2436 2437 
2385 5 2253 2259 2297 2305 2431 
2386 4 2225 2261 2266 2369 
2387 12 2303 2323 2339 2393 6570 6986 7026 7072 7073 7186 7226 7232 
2388 8 2226 2265 2273 2310 2360 2383 2419 2430 
2389 5 2308 2329 2332 2337 2354 
2390 3 2252 2288 2322 
2391 8 129 2222 2274 2277 2359 2366 2395 2415 
2392 5 2236 2246 2290 2300 2335 
2393 7 2233 2301 2303 2323 2387 7217 7232 
2394 9 2221 2249 2295 2315 2404 2405 2438 2447 6936 
2395 7 2222 2244 2263 2359 2391 2415 2455 
2396 7 2260 2268 2318 2321 2380 2382 2446 
2397 6 2261 2267 2281 2302 2363 2422 
2398 5 2224 2243 2429 2440 2456 
2399 8 2220 2317 2349 2361 2435 2445 2449 2454 
2400 6 2221 2235 2313 2367 2405 2438 
2401 3 2285 2310 2413 
2402 1 2288 
2403 5 2250 2296 2311 2346 2434 
2404 4 2315 2394 2405 2438 
2405 12 2229 2235 2315 2352 2367 2377 2379 2394 2400 2404 2425 2438 
2406 2 2288 2326 
2407 6 2288 2314 2318 2321 2409 2446 
2408 7 2260 2262 2268 2287 2347 2348 2409 
2409 8 2248 2260 2287 2288 2314 2318 2407 2408 
2410 6 2225 2239 2381 2432 2915 3063 
2411 2 2222 2455 
2412 4 2252 2272 3031 3123 
2413 8 2223 2285 2310 2312 2341 2401 2441 2451 
2414 4 2222 2246 2300 2344 
2415 7 2244 2275 2278 2366 2383 2391 2395 
2416 1 2288 
2417 7 2229 2245 2319 2352 2372 2378 2449 
2418 4 2224 2264 2266 2369 
2419 10 2226 2231 2250 2273 2296 2355 2375 2388 2423 2430 
2420 7 96 105 124 2320 2324 2374 2427 
2421 6 2288 2326 2327 2364 2448 2456 
2422 8 2257 2267 2281 2319 2363 2372 2397 3061 
2423 6 2231 2234 2307 2333 2419 2430 
2424 4 2304 2320 2330 2439 
2425 10 2235 2308 2311 2313 2367 2371 2405 6808 6834 6971 
2426 3 2319 2357 2440 
2427 7 2280 2320 2356 2359 2374 2420 2455 
2428 6 2231 2333 2334 2434 2437 2445 
2429 7 2241 2247 2288 2398 2440 2452 2456 
2430 7 2234 2273 2285 2360 2388 2419 2423 
2431 7 2253 2270 2271 2305 2348 2385 2442 
2432 6 2225 2261 2281 2381 2410 2861 
2433 7 2220 2238 2288 2292 2317 2450 2453 
2434 9 2231 2237 2296 2309 2311 2334 2371 2403 2428 
2435 4 2220 2399 2454 2457 
2436 4 2238 2384 2437 2445 
2437 6 2286 2333 2384 2428 2436 2445 
2438 8 2221 2235 2295 2379 2394 2400 2404 2405 
2439 2 2320 2424 
2440 12 2243 2284 2302 2319 2342 2345 2357 2398 2426 2429 2452 2457 
2441 4 2223 2251 2341 2413 
2442 6 2271 2291 2305 2340 2431 2444 
2443 4 2228 2915 3034 3049 
2444 6 2242 2271 2291 2335 2351 2442 
2445 8 2238 2317 2334 2349 2399 2428 2436 2437 
2446 7 2288 2321 2382 2396 2407 6554 6766 
2447 5 2249 2394 4345 4350 6936 
2448 4 2240 2364 2421 2456 
2449 8 2229 2319 2349 2361 2377 2379 2399 2417 
2450 6 2292 2343 2353 2433 2451 2453 
2451 9 2223 2288 2290 2312 2343 2353 2362 2413 2450 
2452 6 2220 2241 2288 2429 2440 2457 
2453 5 2288 2298 2343 2433 2450 
2454 5 2319 2361 2399 2435 2457 
2455 7 2222 2338 2356 2359 2395 2411 2427 
2456 12 2224 2240 2247 2283 2288 2293 2294 2327 2398 2421 2429 2448 
2457 6 2220 2319 2435 2440 2452 2454 
2458 4 2471 2498 2513 2538 
2459 5 2476 2525 2596 2659 2674 
2460 6 2477 2487 2554 2559 2600 2616 
2461 4 2474 2515 2639 2661 
2462 6 2519 2526 2626 2664 2669 2672 
2463 7 878 914 2514 2522 2587 2645 2650 
2464 6 2579 2617 2627 2633 2638 2678 
2465 5 2476 2484 2565 2633 2678 
2466 8 943 999 2516 2592 2604 2609 2624 2663 
2467 5 2559 2600 2607 2610 2644 
2468 4 2515 2623 2642 2654 
2469 5 2482 2545 2564 2664 2671 
2470 3 2566 2572 2590 
2471 3 2458 2513 2554 
2472 3 2510 2524 2583 
2473 6 2527 2582 2631 2660 2662 2665 
2474 5 2461 2515 2639 2643 2648 
2475 2 2477 2607 
2476 8 2459 2465 2484 2601 2608 2659 2674 2678 
2477 6 2460 2475 2487 2550 2600 2607 
2478 4 2511 2649 2676 2677 
2479 4 972 1017 1144 2547 
2480 4 2522 2530 2534 2587 
2481 6 2504 2505 2539 2613 2614 2618 
2482 7 2469 2527 2564 2582 2626 2664 2669 
2483 2 2592 2604 
2484 5 2465 2476 2565 2624 2674 
2485 5 2513 2545 2581 2640 2675 
2486 6 2519 2545 2552 2578 2581 2658 
2487 11 2460 2477 2506 2512 2518 2540 2550 2561 2616 2640 2662 
2488 2 2586 2598 
2489 8 2500 2541 2596 2602 2637 2646 2657 2674 
2490 5 2503 2567 2625 2676 2677 
2491 4 2496 2510 2571 2583 
2492 6 2493 2532 2548 2562 2591 2593 
2493 4 2492 2532 2580 2591 
2494 5 2500 2525 2542 2596 2602 
2495 8 2543 2558 2559 2562 2612 2622 2652 2667 
2496 6 2491 2571 2583 2608 2617 2619 
2497 3 2498 2538 2603 
2498 7 2458 2497 2513 2538 2552 2603 2675 
2499 5 2573 2580 2591 2636 2667 
2500 7 2489 2494 2541 2542 2602 2625 2676 
2501 2 2559 2629 
2502 8 2526 2569 2575 2578 2597 2598 2623 2668 
2503 3 2490 2605 2625 
2504 4 2481 2531 2539 2614 
2505 6 2481 2611 2613 2614 2660 2662 
2506 5 2487 2540 2561 2640 2671 
2507 6 2526 2527 2568 2597 2642 2669 
2508 3 2544 2584 2589 
2509 4 2521 2537 2611 2673 
2510 7 2472 2491 2524 2571 2583 2614 2662 
2511 7 2478 2549 2574 2577 2599 2649 2676 
2512 4 2487 2518 2550 2561 
2513 8 2458 2471 2485 2498 2554 2616 2640 2675 
2514 7 878 2463 2522 2530 2536 2650 3971 
2515 7 2461 2468 2474 2623 2643 2654 2661 
2516 5 1101 1163 2466 2609 2663 
2517 4 2538 2557 2589 2603 
2518 7 2487 2512 2524 2550 2583 2634 2662 
2519 8 2462 2486 2545 2578 2626 2658 2664 2672 
2520 5 2521 2577 2611 2613 2618 
2521 9 2509 2520 2537 2574 2577 2599 2611 2647 2655 
2522 5 2463 2480 2514 2530 2587 
2523 8 2533 2570 2572 2635 2639 2643 2648 2649 
2524 6 2472 2510 2518 2583 2634 2662 
2525 7 2459 2494 2531 2542 2588 2596 2659 
2526 7 2462 2502 2507 2578 2597 2669 2672 
2527 8 2473 2482 2507 2568 2582 2621 2665 2669 
2528 6 2537 2639 2654 2655 2661 2673 
2529 7 2544 2557 2576 2578 2589 2666 2670 
2530 7 2480 2514 2522 2534 2536 2551 3866 
2531 9 2504 2525 2539 2588 2601 2608 2614 2630 2659 
2532 8 914 1028 1076 2492 2493 2548 2580 2645 
2533 3 2523 2643 2648 
2534 4 2480 2530 2551 2587 
2535 3 944 2553 2604 
2536 5 2514 2530 2551 3866 3971 
2537 5 2509 2521 2528 2655 2673 
2538 5 2458 2497 2498 2517 2603 
2539 5 2481 2504 2531 2588 2618 
2540 3 2487 2506 2561 
2541 5 2489 2500 2625 2646 2657 
2542 5 2494 2500 2525 2588 2676 
2543 4 2495 2558 2636 2667 
2544 6 2508 2529 2586 2589 2666 2670 
2545 8 2469 2485 2486 2519 2581 2640 2664 2671 
2546 1 2587 
2547 5 1144 2479 2555 2646 2657 
2548 11 866 886 919 993 1028 1076 1113 1132 2492 2532 2593 
2549 5 2511 2577 2588 2618 2676 
2550 6 2477 2487 2512 2518 2607 2634 
2551 5 2530 2534 2536 3866 3928 
2552 7 2486 2498 2557 2578 2581 2603 2675 
2553 5 944 2535 2555 2594 2604 
2554 4 2460 2471 2513 2616 
2555 7 944 1144 2547 2553 2594 2637 2657 
2556 5 2607 2617 2619 2627 2628 
2557 6 2517 2529 2552 2578 2589 2603 
2558 3 2495 2543 2636 
2559 9 2460 2467 2495 2501 2600 2610 2629 2644 2652 
2560 4 2566 2567 2653 2677 
2561 8 2487 2506 2512 2540 2564 2582 2662 2671 
2562 7 2492 2495 2573 2591 2593 2612 2667 
2563 6 2585 2595 2628 2629 2651 2652 
2564 5 2469 2482 2561 2582 2671 
2565 6 2465 2484 2609 2624 2633 2638 
2566 5 2470 2560 2590 2641 2677 
2567 4 2490 2560 2653 2677 
2568 5 2507 2527 2620 2621 2642 
2569 5 2502 2575 2586 2598 2632 
2570 5 2523 2572 2641 2649 2677 
2571 5 2491 2496 2510 2608 2614 
2572 6 2470 2523 2570 2590 2641 2643 
2573 4 2499 2562 2591 2667 
2574 6 2511 2521 2599 2635 2647 2649 
2575 6 2502 2569 2576 2578 2586 2666 
2576 4 2529 2575 2578 2666 
2577 6 2511 2520 2521 2549 2599 2618 
2578 12 2486 2502 2519 2526 2529 2552 2557 2575 2576 2589 2658 2672 
2579 5 1169 2464 2606 2627 2638 
2580 5 2493 2499 2532 2591 2645 
2581 5 2485 2486 2545 2552 2675 
2582 6 2473 2482 2527 2561 2564 2662 
2583 8 2472 2491 2496 2510 2518 2524 2619 2634 
2584 1 2508 
2585 4 2563 2606 2628 2651 
2586 7 2488 2544 2569 2575 2598 2632 2666 
2587 5 2463 2480 2522 2534 2546 
2588 7 2525 2531 2539 2542 2549 2618 2676 
2589 7 2508 2517 2529 2544 2557 2578 2670 
2590 4 2470 2566 2572 2641 
2591 6 2492 2493 2499 2562 2573 2580 
2592 6 943 959 1062 2466 2483 2604 
2593 7 1113 2492 2548 2562 2612 2615 2656 
2594 5 2553 2555 2604 2624 2637 
2595 6 2563 2612 2615 2651 2652 2656 
2596 6 2459 2489 2494 2525 2602 2674 
2597 5 2502 2507 2526 2642 2668 
2598 5 2488 2502 2569 2586 2632 
2599 4 2511 2521 2574 2577 
2600 6 2460 2467 2477 2559 2607 2644 
2601 4 2476 2531 2608 2659 
2602 4 2489 2494 2500 2596 
2603 6 2497 2498 2517 2538 2552 2557 
2604 9 944 1062 2466 2483 2535 2553 2592 2594 2624 
2605 2 2503 2625 
2606 6 1169 2579 2585 2627 2628 2651 
2607 10 2467 2475 2477 2550 2556 2600 2610 2619 2628 2634 
2608 9 2476 2496 2531 2571 2601 2614 2617 2630 2678 
2609 7 1163 1169 2466 2516 2565 2624 2638 
2610 5 2467 2559 2607 2628 2629 
2611 7 2505 2509 2520 2521 2613 2660 2673 
2612 7 2495 2562 2593 2595 2615 2622 2652 
2613 5 2481 2505 2520 2611 2618 
2614 9 2481 2504 2505 2510 2531 2571 2608 2630 2662 
2615 4 2593 2595 2612 2656 
2616 5 2460 2487 2513 2554 2640 
2617 7 2464 2496 2556 2608 2619 2627 2678 
2618 7 2481 2520 2539 2549 2577 2588 2613 
2619 6 2496 2556 2583 2607 2617 2634 
2620 4 2568 2621 2642 2654 
2621 7 2527 2568 2620 2631 2654 2665 2673 
2622 3 2495 2612 2652 
2623 6 2468 2502 2515 2642 2654 2668 
2624 8 2466 2484 2565 2594 2604 2609 2637 2674 
2625 7 2490 2500 2503 2541 2605 2646 2676 
2626 5 2462 2482 2519 2664 2669 
2627 6 2464 2556 2579 2606 2617 2628 
2628 8 2556 2563 2585 2606 2607 2610 2627 2629 
2629 6 2501 2559 2563 2610 2628 2652 
2630 3 2531 2608 2614 
2631 5 2473 2621 2660 2665 2673 
2632 3 2569 2586 2598 
2633 5 2464 2465 2565 2638 2678 
2634 6 2518 2524 2550 2583 2607 2619 
2635 6 2523 2574 2639 2647 2649 2655 
2636 4 2499 2543 2558 2667 
2637 6 2489 2555 2594 2624 2657 2674 
2638 6 1169 2464 2565 2579 2609 2633 
2639 8 2461 2474 2523 2528 2635 2648 2655 2661 
2640 7 2485 2487 2506 2513 2545 2616 2671 
2641 5 2566 2570 2572 2590 2677 
2642 8 2468 2507 2568 2597 2620 2623 2654 2668 
2643 6 2474 2515 2523 2533 2572 2648 
2644 3 2467 2559 2600 
2645 4 914 2463 2532 2580 
2646 5 2489 2541 2547 2625 2657 
2647 4 2521 2574 2635 2655 
2648 5 2474 2523 2533 2639 2643 
2649 7 2478 2511 2523 2570 2574 2635 2677 
2650 6 878 961 2463 2514 3971 4049 
2651 8 1093 1114 1169 2563 2585 2595 2606 2656 
2652 7 2495 2559 2563 2595 2612 2622 2629 
2653 3 2560 2567 2677 
2654 9 2468 2515 2528 2620 2621 2623 2642 2661 2673 
2655 6 2521 2528 2537 2635 2639 2647 
2656 6 1093 1113 2593 2595 2615 2651 
2657 6 2489 2541 2547 2555 2637 2646 
2658 3 2486 2519 2578 
2659 5 2459 2476 2525 2531 2601 
2660 6 2473 2505 2611 2631 2662 2673 
2661 5 2461 2515 2528 2639 2654 
2662 10 2473 2487 2505 2510 2518 2524 2561 2582 2614 2660 
2663 8 888 999 1080 1101 1129 1138 2466 2516 
2664 6 2462 2469 2482 2519 2545 2626 
2665 4 2473 2527 2621 2631 
2666 5 2529 2544 2575 2576 2586 
2667 6 2495 2499 2543 2562 2573 2636 
2668 4 2502 2597 2623 2642 
2669 6 2462 2482 2507 2526 2527 2626 
2670 3 2529 2544 2589 
2671 6 2469 2506 2545 2561 2564 2640 
2672 4 2462 2519 2526 2578 
2673 8 2509 2528 2537 2611 2621 2631 2654 2660 
2674 7 2459 2476 2484 2489 2596 2624 2637 
2675 5 2485 2498 2513 2552 2581 
2676 9 2478 2490 2500 2511 2542 2549 2588 2625 2677 
2677 10 2478 2490 2560 2566 2567 2570 2641 2649 2653 2676 
2678 6 2464 2465 2476 2608 2617 2633 
2679 7 2689 2690 2695 2707 2740 2767 2830 
2680 6 2691 2732 2752 2803 3526 3550 
2681 8 2697 2710 2722 2723 2734 2765 2783 2804 
2682 7 2684 2708 2716 2778 2793 2822 2824 
2683 4 2721 2753 2768 2843 
2684 5 282 2682 2793 2822 2826 
2685 7 2767 2777 2799 2801 2838 2842 2844 
2686 7 2694 2741 2772 2775 2828 2839 2843 
2687 6 2756 2760 2770 2795 2813 2833 
2688 5 2086 2104 2779 2788 2849 
2689 19 2679 2695 2707 2729 2743 2766 2767 2779 2791 2799 2817 2819 2834 4471 4502 4503 4514 4547 4555 
2690 10 2679 2696 2730 2740 2767 2782 2796 2800 2801 2841 
2691 4 2680 2732 2803 3578 
2692 5 2706 2716 2811 2824 2837 
2693 5 2764 2769 2799 2818 4544 
2694 5 2686 2768 2772 2775 2843 
2695 6 2679 2689 2707 2743 2766 2767 
2696 4 2690 2730 2751 2796 
2697 7 2681 2723 2751 2783 2785 2807 2820 
2698 15 280 287 320 325 340 379 2703 2712 2724 2726 2737 2744 2749 2753 2836 
2699 4 2738 2751 2760 2815 
2700 5 2725 2753 2780 2784 2809 
2701 3 2742 2753 2814 
2702 3 2723 2765 2790 
2703 6 2698 2717 2718 2724 2726 2746 
2704 7 2708 2768 2771 2775 2778 2825 2840 
2705 6 2713 2714 2774 2802 2821 2837 
2706 6 2692 2716 2771 2811 2825 2837 
2707 6 2679 2689 2695 2729 2791 2830 
2708 6 2682 2704 2778 2793 2827 2840 
2709 4 2751 2762 2787 2835 
2710 4 2681 2722 2756 2804 
2711 5 2733 2765 2789 2851 3570 
2712 4 287 358 2698 2726 
2713 6 2705 2715 2774 2798 2802 2821 
2714 9 2705 2736 2755 2774 2787 2802 2811 2825 2837 
2715 5 2713 2798 2802 2821 2837 
2716 6 2682 2692 2706 2771 2778 2824 
2717 6 2703 2718 2724 2726 2746 2759 
2718 7 2703 2717 2724 2759 3535 3572 3606 
2719 4 2751 2762 2787 2806 
2720 5 2728 2729 2745 2773 2807 
2721 4 2683 2753 2768 2780 
2722 7 2681 2710 2734 2756 2760 2765 2795 
2723 6 2681 2697 2702 2765 2785 2790 
2724 7 2698 2703 2717 2718 2836 3572 3575 
2725 7 2700 2731 2780 2784 2805 2809 2814 
2726 11 315 336 345 358 367 2698 2703 2712 2717 2746 2797 
2727 3 2730 2841 2847 
2728 4 2720 2729 2745 2820 
2729 10 2689 2707 2720 2728 2782 2791 2807 2820 2830 2841 
2730 6 2690 2696 2727 2751 2841 2847 
2731 9 2725 2735 2753 2757 2765 2805 2808 2814 2845 
2732 11 2680 2691 2744 2750 2803 2831 2848 3526 3551 3575 3578 
2733 3 2711 2765 2851 
2734 3 2681 2722 2765 
2735 5 2731 2760 2765 2805 2815 
2736 9 2714 2739 2748 2755 2774 2787 2800 2801 2835 
2737 7 299 320 2698 2741 2749 2758 2843 
2738 5 2699 2751 2755 2806 2815 
2739 5 2736 2774 2794 2801 2844 
2740 4 2679 2690 2782 2830 
2741 7 299 2686 2737 2758 2772 2839 2843 
2742 6 2701 2753 2757 2803 2814 2831 
2743 3 2689 2695 2767 
2744 6 2698 2732 2750 2753 2836 2848 
2745 5 2720 2728 2773 2807 2820 
2746 5 2703 2717 2726 2759 2797 
2747 5 2752 2803 2808 2823 2845 
2748 4 2736 2796 2800 2835 
2749 5 2698 2737 2750 2753 2843 
2750 5 2732 2744 2749 2753 2831 
2751 18 2696 2697 2699 2709 2719 2730 2738 2760 2762 2770 2783 2796 2806 2813 2820 2833 2835 2847 
2752 9 2680 2747 2789 2803 2808 2823 2851 3526 3550 
2753 17 2683 2698 2700 2701 2721 2731 2742 2744 2749 2750 2757 2780 2784 2814 2831 2843 2848 
2754 2 2781 2792 
2755 10 2714 2736 2738 2768 2780 2787 2805 2806 2815 2825 
2756 6 2687 2710 2722 2795 2804 2813 
2757 5 2731 2742 2753 2803 2845 
2758 8 299 320 332 348 2737 2741 2772 2843 
2759 8 106 2717 2718 2746 2797 2812 3585 3606 
2760 9 2687 2699 2722 2735 2751 2765 2795 2815 2833 
2761 4 2779 2791 2817 2832 
2762 5 2709 2719 2751 2787 2835 
2763 7 2785 2788 2791 2807 2832 2850 3512 
2764 5 2693 2769 2786 2818 2842 
2765 14 2681 2702 2711 2722 2723 2731 2733 2734 2735 2760 2790 2808 2851 3570 
2766 2 2689 2695 
2767 8 2679 2685 2689 2690 2695 2743 2799 2801 
2768 9 2683 2694 2704 2721 2755 2775 2780 2825 2843 
2769 5 2693 2764 2777 2799 2842 
2770 4 2687 2751 2813 2833 
2771 5 2704 2706 2716 2778 2825 
2772 6 2686 2694 2741 2758 2775 2843 
2773 3 2720 2745 2807 
2774 12 2705 2713 2714 2736 2739 2776 2794 2798 2802 2821 2829 2846 
2775 8 2686 2694 2704 2768 2772 2828 2840 2843 
2776 5 2774 2794 2838 2844 2846 
2777 4 2685 2769 2799 2842 
2778 6 2682 2704 2708 2716 2771 2793 
2779 13 2086 2688 2689 2761 2788 2817 2832 2834 2849 4472 4486 4565 4566 
2780 8 2700 2721 2725 2753 2755 2768 2805 2809 
2781 5 2754 2792 2798 2816 2829 
2782 5 2690 2729 2740 2830 2841 
2783 5 2681 2697 2751 2804 2813 
2784 4 2700 2725 2753 2814 
2785 6 2697 2723 2763 2790 2807 3512 
2786 3 2764 2818 2842 
2787 8 2709 2714 2719 2736 2755 2762 2806 2835 
2788 7 2053 2104 2688 2763 2779 2832 3512 
2789 6 2711 2752 2851 3527 3550 3570 
2790 7 2702 2723 2765 2785 3512 3540 3570 
2791 8 2689 2707 2729 2761 2763 2807 2817 2832 
2792 5 2754 2781 2818 2829 2852 
2793 7 286 2682 2684 2708 2778 2826 2827 
2794 4 2739 2774 2776 2844 
2795 4 2687 2722 2756 2760 
2796 6 2690 2696 2748 2751 2800 2835 
2797 6 315 338 2726 2746 2759 2812 
2798 11 2713 2715 2774 2781 2802 2810 2816 2824 2829 2837 2846 
2799 8 2685 2689 2693 2767 2769 2777 4514 4544 
2800 5 2690 2736 2748 2796 2801 
2801 7 2685 2690 2736 2739 2767 2800 2844 
2802 8 2705 2713 2714 2715 2774 2798 2821 2837 
2803 10 2680 2691 2732 2742 2747 2752 2757 2823 2831 2845 
2804 5 2681 2710 2756 2783 2813 
2805 6 2725 2731 2735 2755 2780 2815 
2806 5 2719 2738 2751 2755 2787 
2807 10 2697 2720 2729 2745 2763 2773 2785 2791 2820 2850 
2808 7 2731 2747 2752 2765 2823 2845 2851 
2809 3 2700 2725 2780 
2810 4 2798 2816 2822 2824 
2811 5 2692 2706 2714 2825 2837 
2812 7 106 338 373 2759 2797 4587 4600 
2813 6 2687 2751 2756 2770 2783 2804 
2814 6 2701 2725 2731 2742 2753 2784 
2815 6 2699 2735 2738 2755 2760 2805 
2816 3 2781 2798 2810 
2817 4 2689 2761 2779 2791 
2818 6 2693 2764 2786 2792 2829 2842 
2819 1 2689 
2820 8 2697 2728 2729 2745 2751 2807 2841 2847 
2821 5 2705 2713 2715 2774 2802 
2822 4 2682 2684 2810 2824 
2823 4 2747 2752 2803 2808 
2824 7 2682 2692 2716 2798 2810 2822 2837 
2825 7 2704 2706 2714 2755 2768 2771 2811 
2826 5 282 286 307 2684 2793 
2827 6 286 2708 2793 2828 2839 2840 
2828 5 2686 2775 2827 2839 2840 
2829 7 2774 2781 2792 2798 2818 2842 2846 
2830 5 2679 2707 2729 2740 2782 
2831 5 2732 2742 2750 2753 2803 
2832 5 2761 2763 2779 2788 2791 
2833 4 2687 2751 2760 2770 
2834 4 2689 2779 4472 4547 
2835 7 2709 2736 2748 2751 2762 2787 2796 
2836 5 2698 2724 2744 2848 3575 
2837 9 2692 2705 2706 2714 2715 2798 2802 2811 2824 
2838 5 2685 2776 2842 2844 2846 
2839 6 286 299 2686 2741 2827 2828 
2840 5 2704 2708 2775 2827 2828 
2841 7 2690 2727 2729 2730 2782 2820 2847 
2842 9 2685 2764 2769 2777 2786 2818 2829 2838 2846 
2843 11 2683 2686 2694 2737 2741 2749 2753 2758 2768 2772 2775 
2844 6 2685 2739 2776 2794 2801 2838 
2845 5 2731 2747 2757 2803 2808 
2846 6 2774 2776 2798 2829 2838 2842 
2847 5 2727 2730 2751 2820 2841 
2848 5 2732 2744 2753 2836 3575 
2849 2 2688 2779 
2850 2 2763 2807 
2851 6 2711 2733 2752 2765 2789 2808 
2852 1 2792 
2853 7 2863 2905 2944 3060 3076 3090 3094 
2854 5 2924 2972 2996 3021 3052 
2855 4 2875 3038 3086 3087 
2856 7 2870 2897 2925 2977 2989 2993 3006 
2857 8 2943 2961 2965 2974 3009 3013 3078 3091 
2858 7 2257 2372 2871 2872 2975 3132 3139 
2859 4 2871 2997 3012 3041 
2860 6 2904 2927 2928 3043 3074 3105 
2861 8 2230 2267 2281 2381 2432 3004 3028 3061 
2862 6 2888 2921 3027 3072 3085 6207 
2863 9 2853 2877 2946 2984 3067 3072 3076 3094 6275 
2864 5 2875 2933 3024 3038 3101 
2865 5 2887 2919 2959 3088 3112 
2866 5 3003 3080 3129 7905 8074 
2867 6 2977 2989 3006 3072 3075 3094 
2868 3 2889 2895 2951 
2869 2 2990 3028 
2870 5 2856 2883 2897 2913 2989 
2871 15 2245 2858 2859 2937 2954 2975 2997 3012 3041 3132 4315 4325 4345 4389 4438 
2872 8 2257 2372 2378 2858 2975 3029 3068 3139 
2873 7 2889 2895 2936 2938 3020 3028 3061 
2874 5 2890 2901 2935 3047 3125 
2875 7 2855 2864 3024 3038 3087 6698 6719 
2876 7 2888 2896 3018 3025 3048 3056 3122 
2877 11 2863 2969 2976 2984 2985 2996 3052 3062 3076 6201 6275 
2878 3 2924 2996 3069 
2879 6 3015 3038 3044 3086 3089 3101 
2880 7 2885 2959 2967 2982 3050 3107 3131 
2881 5 2886 2926 3011 3077 3140 
2882 7 2884 2920 3034 3049 3103 3120 3123 
2883 7 2870 2897 2899 2913 2979 2981 2995 
2884 7 2882 2972 3019 3060 3120 3123 3137 
2885 7 2880 2953 2968 3050 3058 3081 3131 
2886 7 2881 2970 3011 3017 3023 3138 3140 
2887 7 2865 2912 2919 2959 2983 3109 3112 
2888 12 2862 2876 2896 2921 3001 3005 3025 3054 3056 3057 3072 6207 
2889 7 2868 2873 2895 2951 3028 3061 3068 
2890 6 2874 2935 3125 4295 4371 4422 
2891 5 2918 2989 3072 3122 3127 
2892 5 2948 3031 3079 3082 3083 
2893 5 3001 3057 6202 6211 6306 
2894 2 2897 3116 
2895 8 2868 2873 2889 2898 2951 3020 3032 3065 
2896 6 2876 2888 3005 3048 3054 3056 
2897 21 2856 2870 2883 2894 2898 2912 2925 2955 2960 2978 2981 3016 3065 3073 3102 3109 3112 3116 3118 3133 3134 
2898 7 2895 2897 2920 2938 2960 3020 3065 
2899 6 2883 2917 2918 2979 2980 2995 
2900 6 2928 2958 3017 3023 3043 3126 
2901 6 2874 2935 2959 2992 3047 3110 
2902 5 2914 2966 3010 3136 6693 
2903 7 2908 2986 3077 3100 3117 3121 4403 
2904 8 2860 2906 2927 2928 2957 3074 6281 6306 
2905 5 2853 2920 3060 3090 3094 
2906 9 2904 2908 2957 2986 3121 5885 6010 6012 6281 
2907 5 2922 2961 2965 3088 3091 
2908 10 2903 2906 2986 4359 4376 4403 4426 5911 6012 6029 
2909 4 2932 3104 3115 3128 
2910 8 2932 2956 3104 3114 4407 4428 4446 4447 
2911 7 2943 2965 2979 3000 3007 3016 3106 
2912 4 2887 2897 3109 3112 
2913 5 2870 2883 2989 2995 3127 
2914 5 2902 2966 3010 3015 3044 
2915 6 2228 2239 2410 2443 3034 3063 
2916 4 2931 3010 3044 3083 
2917 7 2899 2918 2980 2998 3018 3093 3122 
2918 6 2891 2899 2917 2995 3122 3127 
2919 4 2865 2887 2959 2983 
2920 16 2882 2898 2905 2938 2960 2977 2990 2993 3019 3060 3073 3075 3090 3094 3103 3120 
2921 4 2862 2888 3054 3072 
2922 7 2907 2959 2961 3009 3088 3098 3135 
2923 3 2985 2991 2996 
2924 8 2854 2878 2931 2996 3021 3069 3095 3137 
2925 4 2856 2897 2993 3116 
2926 14 2881 2943 2949 2974 3000 3002 3011 3013 3045 3055 3064 3077 3084 3140 
2927 3 2860 2904 2928 
2928 9 2860 2900 2904 2927 2957 2958 2970 3023 3043 
2929 5 2963 3025 3035 3056 3084 
2930 2 2943 2965 
2931 14 2916 2924 2945 2948 2962 3010 3026 3053 3069 3080 3083 3095 3119 3137 
2932 6 2909 2910 3104 3114 3128 3130 
2933 8 2252 2288 2864 2934 3024 3033 3101 6554 
2934 4 2933 2999 3033 3101 
2935 6 2874 2890 2901 2959 3042 4422 
2936 4 2873 2938 2990 3028 
2937 5 2325 2871 2975 2997 3012 
2938 6 2873 2898 2920 2936 2990 3020 
2939 4 3010 3099 3136 8084 
2940 5 2381 3004 3028 3034 3063 
2941 7 2942 2954 2967 2982 3029 3132 4396 
2942 4 2941 2967 2973 3029 
2943 10 2857 2911 2926 2930 2949 2965 2979 3000 3013 3078 
2944 6 2853 2972 3052 3060 3062 3076 
2945 5 2931 2991 3008 3069 3080 
2946 3 2863 3067 3072 
2947 4 2959 2992 3098 3135 
2948 6 2892 2931 3031 3083 3119 3137 
2949 3 2926 2943 3013 
2950 8 2956 2959 2987 2988 2994 3114 3128 3130 
2951 9 2868 2889 2895 2973 3014 3032 3068 3081 3111 
2952 5 3003 3080 3099 7906 7917 
2953 4 2885 3014 3050 3081 
2954 8 2871 2941 2982 3012 3041 3132 4301 4396 
2955 4 2897 2981 3016 3106 
2956 7 2910 2950 2959 3092 3110 3114 4407 
2957 5 2904 2906 2928 2970 3121 
2958 6 2900 2928 3005 3043 3056 3126 
2959 25 2865 2880 2887 2901 2919 2922 2935 2947 2950 2956 2968 2982 2983 2987 2992 3037 3042 3088 3098 3107 3109 3110 3118 3131 3135 
2960 4 2897 2898 2920 3073 
2961 5 2857 2907 2922 3009 3091 
2962 3 2931 3026 3053 
2963 5 2929 3056 3084 3126 3138 
2964 4 3001 3074 3105 6306 
2965 11 2857 2907 2911 2930 2943 3016 3078 3088 3091 3102 3108 
2966 5 2902 2914 3015 3039 6693 
2967 6 2880 2941 2942 2973 2982 3050 
2968 5 2885 2959 2983 3058 3131 
2969 4 2877 2976 2984 3076 
2970 6 2886 2928 2957 3023 3077 3121 
2971 3 3066 3072 3122 
2972 7 2854 2884 2944 3021 3052 3060 3137 
2973 7 2942 2951 2967 3014 3029 3050 3111 
2974 6 2857 2926 3009 3013 3045 3055 
2975 8 2245 2325 2378 2858 2871 2872 2937 2997 
2976 2 2877 2969 
2977 6 2856 2867 2920 2993 3006 3075 
2978 5 2897 3032 3058 3118 3133 
2979 11 2883 2899 2911 2943 2980 2981 2998 3000 3007 3084 3124 
2980 4 2899 2917 2979 2998 
2981 6 2883 2897 2955 2979 3106 3124 
2982 7 2880 2941 2954 2959 2967 3037 4396 
2983 6 2887 2919 2959 2968 3058 3118 
2984 4 2863 2877 2969 3076 
2985 5 2877 2923 2991 2996 6201 
2986 4 2903 2906 2908 3121 
2987 6 2950 2959 2988 3009 3055 3135 
2988 5 2950 2987 2994 3045 3055 
2989 8 2856 2867 2870 2891 2913 3006 3072 3127 
2990 6 2869 2920 2936 2938 3028 3103 
2991 7 2923 2945 2985 2996 3008 3069 6201 
2992 3 2901 2947 2959 
2993 6 2856 2920 2925 2977 3073 3116 
2994 6 2950 2988 3045 3046 3115 3128 
2995 5 2883 2899 2913 2918 3127 
2996 9 2854 2877 2878 2923 2924 2985 2991 3052 3069 
2997 5 2859 2871 2937 2975 3012 
2998 6 2917 2979 2980 3035 3084 3093 
2999 4 2934 3033 3036 3101 
3000 6 2911 2926 2943 2979 3064 3084 
3001 8 2888 2893 2964 3005 3043 3057 3105 6306 
3002 5 2926 3045 3046 3051 3077 
3003 5 2866 2952 3080 7905 7906 
3004 4 2381 2861 2940 3028 
3005 6 2888 2896 2958 3001 3043 3056 
3006 4 2856 2867 2977 2989 
3007 4 2911 2979 3106 3124 
3008 5 2945 2991 3080 3129 6201 
3009 7 2857 2922 2961 2974 2987 3055 3135 
3010 10 2902 2914 2916 2931 2939 3044 3053 3059 3099 3136 
3011 4 2881 2886 2926 3140 
3012 8 2859 2871 2937 2954 2997 4301 4315 4389 
3013 5 2857 2926 2943 2949 2974 
3014 7 2951 2953 2973 3032 3050 3081 3111 
3015 6 2879 2914 2966 3039 3044 3086 
3016 7 2897 2911 2955 2965 3102 3106 3108 
3017 5 2886 2900 3023 3126 3138 
3018 5 2876 2917 3025 3093 3122 
3019 4 2884 2920 3060 3120 
3020 4 2873 2895 2898 2938 
3021 4 2854 2924 2972 3137 
3022 2 3054 3072 
3023 7 2886 2900 2928 2970 3017 3077 3140 
3024 5 2864 2875 2933 6554 6698 
3025 7 2876 2888 2929 3018 3035 3056 3093 
3026 6 2931 2962 3053 3059 3080 3097 
3027 6 2862 3072 3085 3113 6199 6207 
3028 11 2861 2869 2873 2889 2936 2940 2990 3004 3034 3061 3103 
3029 9 2257 2872 2941 2942 2973 3068 3111 3132 3139 
3030 5 3039 3070 6585 6694 6712 
3031 8 2252 2412 2892 2948 3040 3079 3123 3137 
3032 8 2895 2951 2978 3014 3058 3065 3081 3133 
3033 7 2252 2933 2934 2999 3036 3040 3079 
3034 8 2443 2882 2915 2940 3028 3049 3063 3103 
3035 5 2929 2998 3025 3084 3093 
3036 6 2999 3033 3079 3082 3089 3101 
3037 5 2959 2982 3042 4396 4421 
3038 6 2855 2864 2875 2879 3086 3101 
3039 7 2966 3015 3030 3070 3086 6585 6693 
3040 5 2252 2289 3031 3033 3079 
3041 4 2859 2871 2954 3132 
3042 5 2935 2959 3037 4421 4422 
3043 7 2860 2900 2928 2958 3001 3005 3105 
3044 8 2879 2914 2916 3010 3015 3083 3089 3096 
3045 7 2926 2974 2988 2994 3002 3046 3055 
3046 7 2994 3002 3045 3051 3100 3115 3117 
3047 4 2874 2901 3110 3125 
3048 5 2876 2896 3054 3066 3122 
3049 6 2228 2368 2443 2882 3034 3123 
3050 6 2880 2885 2953 2967 2973 3014 
3051 4 3002 3046 3077 3117 
3052 6 2854 2877 2944 2972 2996 3062 
3053 6 2931 2962 3010 3026 3059 3097 
3054 7 2888 2896 2921 3022 3048 3066 3072 
3055 6 2926 2974 2987 2988 3009 3045 
3056 9 2876 2888 2896 2929 2958 2963 3005 3025 3126 
3057 5 2888 2893 3001 6202 6207 
3058 7 2885 2968 2978 2983 3032 3081 3118 
3059 6 3010 3026 3053 3080 3097 3099 
3060 8 2853 2884 2905 2920 2944 2972 3019 3090 
3061 8 2257 2267 2422 2861 2873 2889 3028 3068 
3062 4 2877 2944 3052 3076 
3063 5 2381 2410 2915 2940 3034 
3064 3 2926 3000 3084 
3065 6 2895 2897 2898 3032 3133 3134 
3066 5 2971 3048 3054 3072 3122 
3067 4 2863 2946 3072 3094 
3068 7 2257 2872 2889 2951 3029 3061 3111 
3069 7 2878 2924 2931 2945 2991 2996 3095 
3070 5 3030 3039 3086 3087 6694 
3071 6 3072 3113 6199 6205 6276 6361 
3072 21 2862 2863 2867 2888 2891 2921 2946 2971 2989 3022 3027 3054 3066 3067 3071 3085 3094 3113 3122 6275 6276 
3073 5 2897 2920 2960 2993 3116 
3074 5 2860 2904 2964 3105 6306 
3075 4 2867 2920 2977 3094 
3076 7 2853 2863 2877 2944 2969 2984 3062 
3077 10 2881 2903 2926 2970 3002 3023 3051 3117 3121 3140 
3078 4 2857 2943 2965 3091 
3079 6 2892 3031 3033 3036 3040 3082 
3080 11 2866 2931 2945 2952 3003 3008 3026 3059 3097 3099 3129 
3081 6 2885 2951 2953 3014 3032 3058 
3082 6 2892 3036 3079 3083 3089 3101 
3083 9 2892 2916 2931 2948 3044 3082 3089 3096 3119 
3084 10 2926 2929 2963 2979 2998 3000 3035 3064 3138 3140 
3085 4 2862 3027 3072 6207 
3086 7 2855 2879 3015 3038 3039 3070 3087 
3087 7 2855 2875 3070 3086 6694 6719 6772 
3088 7 2865 2907 2922 2959 2965 3102 3112 
3089 7 2879 3036 3044 3082 3083 3096 3101 
3090 5 2853 2905 2920 3060 3094 
3091 5 2857 2907 2961 2965 3078 
3092 5 2956 3110 4347 4407 4439 
3093 5 2917 2998 3018 3025 3035 
3094 9 2853 2863 2867 2905 2920 3067 3072 3075 3090 
3095 3 2924 2931 3069 
3096 3 3044 3083 3089 
3097 4 3026 3053 3059 3080 
3098 4 2922 2947 2959 3135 
3099 8 2939 2952 3010 3059 3080 7852 7917 8084 
3100 5 2903 3046 3115 3117 4403 
3101 9 2864 2879 2933 2934 2999 3036 3038 3082 3089 
3102 6 2897 2965 3016 3088 3108 3112 
3103 5 2882 2920 2990 3028 3034 
3104 10 2909 2910 2932 3115 4392 4428 4434 4436 4446 4451 
3105 5 2860 2964 3001 3043 3074 
3106 6 2911 2955 2981 3007 3016 3124 
3107 3 2880 2959 3131 
3108 3 2965 3016 3102 
3109 5 2887 2897 2912 2959 3118 
3110 7 2901 2956 2959 3047 3092 3125 4439 
3111 5 2951 2973 3014 3029 3068 
3112 6 2865 2887 2897 2912 3088 3102 
3113 4 3027 3071 3072 6199 
3114 5 2910 2932 2950 2956 3130 
3115 9 2909 2994 3046 3100 3104 3128 4306 4392 4403 
3116 5 2894 2897 2925 2993 3073 
3117 5 2903 3046 3051 3077 3100 
3118 6 2897 2959 2978 2983 3058 3109 
3119 3 2931 2948 3083 
3120 4 2882 2884 2920 3019 
3121 6 2903 2906 2957 2970 2986 3077 
3122 9 2876 2891 2917 2918 2971 3018 3048 3066 3072 
3123 8 2272 2368 2412 2882 2884 3031 3049 3137 
3124 4 2979 2981 3007 3106 
3125 6 2874 2890 3047 3110 4371 4439 
3126 6 2900 2958 2963 3017 3056 3138 
3127 5 2891 2913 2918 2989 2995 
3128 6 2909 2932 2950 2994 3115 3130 
3129 5 2866 3008 3080 6201 8074 
3130 4 2932 2950 3114 3128 
3131 5 2880 2885 2959 2968 3107 
3132 7 2858 2871 2941 2954 3029 3041 3139 
3133 5 2897 2978 3032 3065 3134 
3134 3 2897 3065 3133 
3135 6 2922 2947 2959 2987 3009 3098 
3136 7 2902 2939 3010 6693 7926 8084 8099 
3137 8 2884 2924 2931 2948 2972 3021 3031 3123 
3138 6 2886 2963 3017 3084 3126 3140 
3139 4 2858 2872 3029 3132 
3140 8 2881 2886 2926 3011 3023 3077 3084 3138 
3141 8 3148 3155 3177 3189 3218 3226 4637 4701 
3142 3 3149 3168 3215 
3143 5 3156 3167 3179 3219 3221 
3144 7 3146 3160 3164 3188 3192 3206 3211 
3145 5 3147 3148 3184 3211 3226 
3146 7 3144 3150 3154 3181 3188 3206 3211 
3147 4 3145 3190 3194 3211 
3148 5 3141 3145 3211 3226 4637 
3149 8 3142 3162 3168 3171 3209 3212 3215 3223 
3150 7 3146 3154 3168 3181 3186 3211 3215 
3151 6 3157 3191 3199 3214 3217 3220 
3152 4 3187 3216 3218 3227 
3153 5 3 10 3174 3195 3199 
3154 7 3146 3150 3156 3168 3188 3206 3215 
3155 9 3141 3183 3189 3218 4627 4661 4701 4747 4856 
3156 9 3143 3154 3167 3168 3179 3201 3206 3213 3219 
3157 7 3151 3158 3169 3172 3214 3220 3222 
3158 8 3157 3159 3160 3167 3169 3175 3206 3220 
3159 10 3158 3160 3164 3175 3183 3187 3189 3198 3202 3216 
3160 6 3144 3158 3159 3164 3187 3206 
3161 6 3162 3163 3171 3182 3190 3228 
3162 13 3149 3161 3163 3171 3182 3194 3200 3211 3215 3228 4648 4734 4766 
3163 3 3161 3162 3182 
3164 6 3144 3159 3160 3187 3192 3206 
3165 10 7 39 47 3166 3183 3191 3199 3210 4627 4690 
3166 4 3165 3191 3197 3210 
3167 6 3143 3156 3158 3169 3206 3221 
3168 8 3142 3149 3150 3154 3156 3209 3213 3215 
3169 6 3157 3158 3167 3196 3221 3222 
3170 8 3172 3173 3205 3214 7510 7534 7536 7571 
3171 8 3149 3161 3162 3180 3212 3228 4641 4734 
3172 7 3157 3170 3205 3214 3222 7506 7536 
3173 4 3170 3214 7508 7571 
3174 4 3 10 3153 3208 
3175 5 3158 3159 3178 3202 3220 
3176 3 3185 3193 3204 
3177 5 3141 3218 3225 3226 3227 
3178 5 3175 3191 3197 3202 3220 
3179 4 3143 3156 3219 3221 
3180 7 3171 3207 3209 3212 3223 3224 4641 
3181 3 3146 3150 3211 
3182 6 3161 3162 3163 3190 3211 3215 
3183 8 3155 3159 3165 3189 3197 3198 3202 3210 
3184 4 3145 3192 3211 3226 
3185 5 3176 3193 3203 4770 4866 
3186 3 3150 3211 3215 
3187 7 3152 3159 3160 3164 3192 3216 3227 
3188 4 3144 3146 3154 3206 
3189 7 3141 3155 3159 3183 3198 3216 3218 
3190 6 3147 3161 3182 3194 3211 3228 
3191 8 3151 3165 3166 3178 3197 3199 3217 3220 
3192 9 3144 3164 3184 3187 3206 3211 3225 3226 3227 
3193 5 3176 3185 3203 3204 3207 
3194 8 3147 3162 3190 3200 3211 3228 4637 4648 
3195 5 3 3153 3199 3214 7508 
3196 5 3169 3222 7494 7536 7549 
3197 6 3166 3178 3183 3191 3202 3210 
3198 3 3159 3183 3189 
3199 9 7 10 39 3151 3153 3165 3191 3195 3214 
3200 5 3162 3194 3228 4637 4648 
3201 3 3156 3209 3213 
3202 5 3159 3175 3178 3183 3197 
3203 5 3185 3193 3207 4734 4770 
3204 4 3176 3193 3207 3209 
3205 3 3170 3172 3214 
3206 10 3144 3146 3154 3156 3158 3160 3164 3167 3188 3192 
3207 8 3180 3193 3203 3204 3209 3224 4641 4734 
3208 6 3 6 10 17 44 3174 
3209 10 3149 3168 3180 3201 3204 3207 3213 3223 3224 4641 
3210 4 3165 3166 3183 3197 
3211 17 3144 3145 3146 3147 3148 3150 3162 3181 3182 3184 3186 3190 3192 3194 3215 3228 4637 
3212 4 3149 3171 3180 3223 
3213 5 3156 3168 3201 3209 3223 
3214 9 3151 3157 3170 3172 3173 3195 3199 3205 7508 
3215 9 3142 3149 3150 3154 3162 3168 3182 3186 3211 
3216 5 3152 3159 3187 3189 3218 
3217 3 3151 3191 3220 
3218 7 3141 3152 3155 3177 3189 3216 3227 
3219 3 3143 3156 3179 
3220 7 3151 3157 3158 3175 3178 3191 3217 
3221 4 3143 3167 3169 3179 
3222 6 3157 3169 3172 3196 7506 7536 
3223 5 3149 3180 3209 3212 3213 
3224 3 3180 3207 3209 
3225 4 3177 3192 3226 3227 
3226 7 3141 3145 3148 3177 3184 3192 3225 
3227 6 3152 3177 3187 3192 3218 3225 
3228 9 3161 3162 3171 3190 3194 3200 3211 4637 4648 
3229 6 3232 3235 3250 3273 3276 3295 
3230 2 3263 3269 
3231 4 3234 3265 3286 3304 
3232 10 3229 3235 3236 3246 3251 3253 3271 3295 3306 3308 
3233 10 1799 3241 3242 3268 3274 3278 3283 3289 3302 6084 
3234 8 3231 3245 3251 3263 3286 3298 3303 3304 
3235 13 3229 3232 3246 3247 3252 3254 3264 3266 3267 3273 3276 3287 3307 
3236 8 3232 3243 3253 3256 3259 3279 3290 3296 
3237 7 654 656 685 3244 3248 3252 3307 
3238 6 3249 3270 3272 3293 3294 3301 
3239 4 3245 3281 3298 3300 
3240 6 3246 3260 3284 3300 3306 6129 
3241 6 3233 3268 3282 3289 3302 3305 
3242 4 3233 3274 3281 3289 
3243 6 3236 3251 3253 3286 3290 3296 
3244 5 656 715 3237 3297 3307 
3245 8 3234 3239 3251 3298 3300 3303 3306 3308 
3246 8 3232 3235 3240 3247 3277 3280 3306 6129 
3247 4 3235 3246 3264 3280 
3248 5 685 3237 3252 3267 3307 
3249 6 3238 3263 3272 3288 3293 3304 
3250 6 3229 3261 3262 3271 3276 3295 
3251 8 3232 3234 3243 3245 3253 3286 3303 3308 
3252 6 3235 3237 3248 3267 3287 3307 
3253 6 3232 3236 3243 3251 3271 3279 
3254 5 3235 3257 3267 3276 3299 
3255 3 697 3256 3257 
3256 6 697 3236 3255 3257 3259 3279 
3257 9 680 685 697 3254 3255 3256 3267 3279 3299 
3258 8 3260 3268 3275 3302 6097 6102 6123 6147 
3259 5 697 700 723 3236 3256 
3260 8 3240 3258 3275 3284 6085 6102 6129 6159 
3261 4 3250 3262 3276 3299 
3262 5 3250 3261 3271 3279 3299 
3263 9 3230 3234 3249 3269 3288 3291 3292 3298 3304 
3264 5 3235 3247 3280 3307 6103 
3265 3 3231 3293 3304 
3266 2 3235 3307 
3267 6 685 3235 3248 3252 3254 3257 
3268 8 3233 3241 3258 3275 3302 6084 6147 6169 
3269 6 3230 3263 3278 3283 3288 3292 
3270 3 3238 3272 3301 
3271 6 3232 3250 3253 3262 3279 3295 
3272 5 3238 3249 3270 3293 3301 
3273 3 3229 3235 3276 
3274 5 3233 3242 3278 3281 3283 
3275 5 3258 3260 3268 3284 3302 
3276 7 3229 3235 3250 3254 3261 3273 3299 
3277 3 3246 3280 6129 
3278 7 3233 3269 3274 3281 3283 3292 3298 
3279 7 3236 3253 3256 3257 3262 3271 3299 
3280 7 3246 3247 3264 3277 3307 6103 6129 
3281 11 3239 3242 3274 3278 3282 3284 3289 3292 3298 3300 3305 
3282 5 3241 3281 3284 3302 3305 
3283 4 3233 3269 3274 3278 
3284 8 3240 3260 3275 3281 3282 3300 3302 3306 
3285 2 3286 3296 
3286 6 3231 3234 3243 3251 3285 3296 
3287 3 3235 3252 3307 
3288 3 3249 3263 3269 
3289 5 3233 3241 3242 3281 3305 
3290 3 3236 3243 3296 
3291 2 3263 3304 
3292 5 3263 3269 3278 3281 3298 
3293 6 3238 3249 3265 3272 3294 3304 
3294 2 3238 3293 
3295 4 3229 3232 3250 3271 
3296 5 3236 3243 3285 3286 3290 
3297 6 715 3244 3307 6081 6152 6155 
3298 7 3234 3239 3245 3263 3278 3281 3292 
3299 6 3254 3257 3261 3262 3276 3279 
3300 6 3239 3240 3245 3281 3284 3306 
3301 3 3238 3270 3272 
3302 7 3233 3241 3258 3268 3275 3282 3284 
3303 3 3234 3245 3251 
3304 7 3231 3234 3249 3263 3265 3291 3293 
3305 4 3241 3281 3282 3289 
3306 7 3232 3240 3245 3246 3284 3300 3308 
3307 12 3235 3237 3244 3248 3252 3264 3266 3280 3287 3297 6103 6155 
3308 4 3232 3245 3251 3306 
3309 7 3311 3330 3332 3342 3357 3376 3419 
3310 6 3351 3399 3430 3436 3469 3508 
3311 7 3309 3330 3342 3351 3357 3507 3508 
3312 6 3439 7942 7981 8014 8066 8127 
3313 8 3333 3335 3366 3373 3412 3413 3497 3502 
3314 5 3323 3352 3359 3386 3504 
3315 2 3468 3471 
3316 4 3322 3384 3831 3838 
3317 6 3318 3321 3337 3427 3431 3445 
3318 7 3317 3349 3402 3407 3427 3445 3463 
3319 2 3406 3416 
3320 6 3327 3404 3425 3506 8036 8128 
3321 7 3317 3332 3337 3363 3424 3427 3475 
3322 9 3316 3331 3343 3384 3441 3462 3477 3836 3838 
3323 7 3314 3352 3380 3386 3434 3498 3504 
3324 8 3402 3417 3447 3455 7937 7968 7999 8035 
3325 4 3388 3407 3505 3506 
3326 3 3359 3453 3504 
3327 10 3320 3388 3404 3407 3463 3478 3495 3505 3506 7968 
3328 5 3340 3377 3396 3429 3462 
3329 6 3349 3402 3455 3472 3483 3487 
3330 5 3309 3311 3351 3385 3507 
3331 3 3322 3477 3836 
3332 10 3309 3321 3334 3350 3363 3376 3408 3419 3444 3475 
3333 7 3313 3335 3371 3393 3502 4730 4745 
3334 5 3332 3363 3444 3460 3473 
3335 4 3313 3333 3413 3502 
3336 6 3411 3426 3450 3476 3493 4020 
3337 4 3317 3321 3363 3431 
3338 4 3368 3432 3439 3505 
3339 6 3362 3423 3425 3439 3506 8014 
3340 5 3328 3391 3396 3441 3462 
3341 5 3342 3419 3442 3448 3507 
3342 5 3309 3311 3341 3419 3507 
3343 6 3322 3353 3370 3384 3392 3441 
3344 6 3371 3439 3465 3466 3503 7975 
3345 4 3370 3384 3915 3955 
3346 7 3372 3386 3398 3434 3435 3492 3501 
3347 5 3388 3407 3409 3432 3505 
3348 11 3355 3377 3383 3390 3391 3396 3401 3410 3415 3459 3509 
3349 7 3318 3329 3402 3463 3478 3483 3487 
3350 4 3332 3415 3419 3444 
3351 7 3310 3311 3330 3385 3430 3508 3509 
3352 9 3314 3323 3359 3386 3389 3435 3501 3510 4048 
3353 8 3343 3375 3392 3403 3420 3441 3481 3494 
3354 6 3379 3400 3428 3457 3464 4025 
3355 6 3348 3410 3415 3418 3440 3486 
3356 4 3394 3400 3451 3479 
3357 7 3309 3311 3364 3376 3432 3456 3508 
3358 7 3367 3405 3437 3456 3461 3499 3500 
3359 8 3314 3326 3352 3360 3389 3429 3453 3504 
3360 5 3359 3389 3429 3462 3477 
3361 5 3379 3421 3470 3484 3490 
3362 5 3339 3506 7869 8014 8066 
3363 6 3321 3332 3334 3337 3431 3473 
3364 7 3357 3394 3395 3414 3451 3456 3508 
3365 5 3421 3428 3476 3493 3969 
3366 5 3313 3373 3381 3412 3497 
3367 6 3358 3394 3395 3482 3499 3500 
3368 5 3338 3412 3432 3439 3456 
3369 3 3397 3470 3490 
3370 5 3343 3345 3384 3392 3955 
3371 10 3333 3344 3393 3502 3503 7877 7975 7997 8060 8073 
3372 4 3346 3398 3434 3438 
3373 6 3313 3366 3412 3456 3461 3497 
3374 2 3416 3468 
3375 3 3353 3403 3420 
3376 6 3309 3332 3357 3408 3424 3432 
3377 5 3328 3348 3396 3410 3429 
3378 6 3417 3468 3471 7858 7999 8037 
3379 9 3354 3361 3387 3421 3428 3457 3470 3474 3496 
3380 5 3323 3440 3468 3498 3504 
3381 3 3366 3412 3497 
3382 5 3411 3420 3426 3450 3481 
3383 6 3348 3415 3442 3448 3458 3459 
3384 7 3316 3322 3343 3345 3370 3831 3915 
3385 5 3330 3351 3458 3507 3509 
3386 6 3314 3323 3346 3352 3434 3435 
3387 6 3379 3446 3457 3464 3470 3496 
3388 5 3325 3327 3347 3407 3505 
3389 5 3352 3359 3360 3477 3510 
3390 5 3348 3391 3401 3403 3433 
3391 7 3340 3348 3390 3396 3401 3403 3441 
3392 5 3343 3353 3370 3494 3955 
3393 4 3333 3371 4730 8060 
3394 6 3356 3364 3367 3395 3451 3482 
3395 5 3364 3367 3394 3456 3499 
3396 5 3328 3340 3348 3377 3391 
3397 9 3369 3399 3403 3411 3446 3467 3470 3490 3491 
3398 14 3346 3372 3438 3485 3492 3501 3829 3853 3932 3993 3999 4018 7909 7994 
3399 12 3310 3397 3403 3422 3436 3443 3446 3452 3467 3469 3470 3508 
3400 5 3354 3356 3446 3464 3479 
3401 8 3348 3390 3391 3430 3433 3449 3469 3509 
3402 11 3318 3324 3329 3349 3406 3416 3445 3447 3455 3473 3488 
3403 14 3353 3375 3390 3391 3397 3399 3411 3420 3433 3441 3443 3449 3467 3469 
3404 8 3320 3327 3506 7968 7981 8034 8126 8128 
3405 3 3358 3437 3461 
3406 8 3319 3402 3416 3440 3460 3468 3473 3486 
3407 14 3318 3325 3327 3347 3388 3409 3424 3427 3432 3454 3463 3480 3495 3505 
3408 4 3332 3376 3424 3475 
3409 3 3347 3407 3432 
3410 5 3348 3355 3377 3429 3440 
3411 9 3336 3382 3397 3403 3420 3426 3484 3491 3493 
3412 11 3313 3366 3368 3373 3381 3439 3456 3465 3466 3497 3502 
3413 2 3313 3335 
3414 4 3364 3451 3452 3508 
3415 8 3348 3350 3355 3383 3418 3419 3442 3444 
3416 7 3319 3374 3402 3406 3417 3447 3468 
3417 6 3324 3378 3416 3447 3468 7999 
3418 4 3355 3415 3444 3486 
3419 7 3309 3332 3341 3342 3350 3415 3442 
3420 6 3353 3375 3382 3403 3411 3481 
3421 6 3361 3365 3379 3428 3484 3493 
3422 5 3399 3446 3451 3452 3479 
3423 4 3339 3425 3439 3505 
3424 9 3321 3376 3407 3408 3427 3432 3454 3475 3480 
3425 7 3320 3339 3423 3505 3506 8036 8049 
3426 4 3336 3382 3411 3450 
3427 5 3317 3318 3321 3407 3424 
3428 7 3354 3365 3379 3421 3969 4025 4027 
3429 9 3328 3359 3360 3377 3410 3440 3453 3462 3504 
3430 5 3310 3351 3401 3469 3509 
3431 5 3317 3337 3363 3445 3473 
3432 10 3338 3347 3357 3368 3376 3407 3409 3424 3456 3505 
3433 4 3390 3401 3403 3449 
3434 7 3323 3346 3372 3386 3438 3489 3498 
3435 4 3346 3352 3386 3501 
3436 2 3310 3399 
3437 5 3358 3405 3461 3482 3500 
3438 6 3372 3398 3434 3489 7894 7909 
3439 12 3312 3338 3339 3344 3368 3412 3423 3466 3505 7975 8014 8127 
3440 8 3355 3380 3406 3410 3429 3468 3486 3504 
3441 7 3322 3340 3343 3353 3391 3403 3462 
3442 5 3341 3383 3415 3419 3448 
3443 3 3399 3403 3467 
3444 7 3332 3334 3350 3415 3418 3460 3486 
3445 6 3317 3318 3402 3431 3473 3488 
3446 9 3387 3397 3399 3400 3422 3452 3464 3470 3479 
3447 4 3324 3402 3416 3417 
3448 5 3341 3383 3442 3458 3507 
3449 4 3401 3403 3433 3469 
3450 7 3336 3382 3426 3481 3494 3987 4020 
3451 7 3356 3364 3394 3414 3422 3452 3479 
3452 6 3399 3414 3422 3446 3451 3508 
3453 4 3326 3359 3429 3504 
3454 3 3407 3424 3480 
3455 6 3324 3329 3402 3472 3483 7968 
3456 11 3357 3358 3364 3368 3373 3395 3412 3432 3461 3497 3499 
3457 6 3354 3379 3387 3464 3474 3496 
3458 6 3383 3385 3448 3459 3507 3509 
3459 4 3348 3383 3458 3509 
3460 5 3334 3406 3444 3473 3486 
3461 5 3358 3373 3405 3437 3456 
3462 7 3322 3328 3340 3360 3429 3441 3477 
3463 6 3318 3327 3349 3407 3478 3495 
3464 7 3354 3387 3400 3446 3457 3470 3496 
3465 5 3344 3412 3466 3502 3503 
3466 4 3344 3412 3439 3465 
3467 4 3397 3399 3403 3443 
3468 10 3315 3374 3378 3380 3406 3416 3417 3440 3471 3498 
3469 6 3310 3399 3401 3403 3430 3449 
3470 9 3361 3369 3379 3387 3397 3399 3446 3464 3490 
3471 6 3315 3378 3468 3489 3498 7858 
3472 3 3329 3455 3483 
3473 8 3334 3363 3402 3406 3431 3445 3460 3488 
3474 3 3379 3457 3496 
3475 4 3321 3332 3408 3424 
3476 5 3336 3365 3493 3969 4020 
3477 9 3322 3331 3360 3389 3462 3510 3836 3921 4048 
3478 5 3327 3349 3463 3483 7968 
3479 5 3356 3400 3422 3446 3451 
3480 3 3407 3424 3454 
3481 5 3353 3382 3420 3450 3494 
3482 4 3367 3394 3437 3500 
3483 7 3329 3349 3455 3472 3478 3487 7968 
3484 6 3361 3411 3421 3490 3491 3493 
3485 4 3398 3908 3932 7994 
3486 6 3355 3406 3418 3440 3444 3460 
3487 3 3329 3349 3483 
3488 3 3402 3445 3473 
3489 6 3434 3438 3471 3498 7858 7894 
3490 6 3361 3369 3397 3470 3484 3491 
3491 4 3397 3411 3484 3490 
3492 3 3346 3398 3501 
3493 6 3336 3365 3411 3421 3476 3484 
3494 8 3353 3392 3450 3481 3820 3955 3987 4020 
3495 3 3327 3407 3463 
3496 5 3379 3387 3457 3464 3474 
3497 6 3313 3366 3373 3381 3412 3456 
3498 6 3323 3380 3434 3468 3471 3489 
3499 4 3358 3367 3395 3456 
3500 4 3358 3367 3437 3482 
3501 7 3346 3352 3398 3435 3492 3829 4048 
3502 7 3313 3333 3335 3371 3412 3465 3503 
3503 4 3344 3371 3465 3502 
3504 8 3314 3323 3326 3359 3380 3429 3440 3453 
3505 11 3325 3327 3338 3347 3388 3407 3423 3425 3432 3439 3506 
3506 12 3320 3325 3327 3339 3362 3404 3425 3505 7869 8036 8049 8128 
3507 7 3311 3330 3341 3342 3385 3448 3458 
3508 8 3310 3311 3351 3357 3364 3399 3414 3452 
3509 7 3348 3351 3385 3401 3430 3458 3459 
3510 4 3352 3389 3477 4048 
3511 5 3527 3550 3558 3592 3604 
3512 10 2053 2104 2763 2785 2788 2790 3513 3533 3540 3595 
3513 7 2056 2080 2088 2104 3512 3533 3566 
3514 5 2045 3569 3581 3583 3596 
3515 11 1989 2002 2027 2065 2092 3516 3517 3521 3546 3565 3598 
3516 9 3515 3517 3538 3546 3562 3565 3574 3589 3590 
3517 3 3515 3516 3565 
3518 3 3569 3594 3596 
3519 9 3523 3552 3558 3559 3563 3564 3579 3594 3604 
3520 6 3521 3539 3545 3555 3561 3598 
3521 9 2002 2022 2045 3515 3520 3530 3531 3545 3598 
3522 9 3536 3549 3571 3576 3577 3585 3587 3599 3607 
3523 6 3519 3556 3563 3564 3588 3605 
3524 3 3550 3559 3604 
3525 6 3571 3577 3585 3586 3593 3606 
3526 8 2680 2732 2752 3550 3559 3560 3578 3594 
3527 8 2789 3511 3528 3550 3570 3573 3592 3603 
3528 6 3527 3556 3570 3573 3595 3603 
3529 2 3552 3579 
3530 5 3521 3531 3545 3561 3596 
3531 5 2045 3521 3530 3581 3596 
3532 7 2037 3536 3554 3568 3583 3587 3599 
3533 4 3512 3513 3566 3595 
3534 5 3539 3542 3556 3567 3598 
3535 9 2718 3537 3553 3572 3578 3584 3591 3594 3606 
3536 8 2037 3522 3532 3568 3571 3585 3587 3607 
3537 3 3535 3553 3584 
3538 4 3516 3589 3590 3600 
3539 5 3520 3534 3555 3567 3598 
3540 4 2790 3512 3570 3595 
3541 3 3566 3595 3601 
3542 5 3534 3546 3556 3589 3598 
3543 5 3571 3577 3586 3593 3602 
3544 3 3556 3564 3573 
3545 5 3520 3521 3530 3561 3598 
3546 5 3515 3516 3542 3589 3598 
3547 4 2112 3574 3582 3590 
3548 3 3551 3575 3578 
3549 5 3522 3585 3587 3599 3606 
3550 10 2680 2752 2789 3511 3524 3526 3527 3559 3570 3604 
3551 4 2732 3548 3575 3578 
3552 6 3519 3529 3561 3563 3579 3596 
3553 4 3535 3537 3584 3606 
3554 5 3532 3583 3597 3599 3606 
3555 5 3520 3539 3561 3567 3588 
3556 12 3523 3528 3534 3542 3544 3564 3567 3573 3589 3595 3601 3605 
3557 4 3566 3589 3590 3601 
3558 5 3511 3519 3564 3592 3604 
3559 6 3519 3524 3526 3550 3594 3604 
3560 2 3526 3578 
3561 8 3520 3530 3545 3552 3555 3563 3588 3596 
3562 7 2061 2063 2092 2115 3516 3565 3574 
3563 5 3519 3523 3552 3561 3588 
3564 8 3519 3523 3544 3556 3558 3573 3592 3605 
3565 5 2092 3515 3516 3517 3562 
3566 9 2056 3513 3533 3541 3557 3582 3590 3595 3601 
3567 6 3534 3539 3555 3556 3588 3605 
3568 3 2037 3532 3536 
3569 6 3514 3518 3580 3583 3594 3596 
3570 9 2711 2765 2789 2790 3527 3528 3540 3550 3595 
3571 9 2004 2037 3522 3525 3536 3543 3577 3585 3586 
3572 6 2718 2724 3535 3575 3578 3594 
3573 7 3527 3528 3544 3556 3564 3592 3603 
3574 7 2056 2063 2112 3516 3547 3562 3590 
3575 8 2724 2732 2836 2848 3548 3551 3572 3578 
3576 4 3522 3577 3585 3607 
3577 7 3522 3525 3543 3571 3576 3585 3593 
3578 10 2691 2732 3526 3535 3548 3551 3560 3572 3575 3594 
3579 5 3519 3529 3552 3594 3596 
3580 5 3569 3583 3591 3594 3597 
3581 4 2045 3514 3531 3596 
3582 5 2056 2112 3547 3566 3590 
3583 10 1980 2031 2037 2045 3514 3532 3554 3569 3580 3597 
3584 6 3535 3537 3553 3594 3597 3606 
3585 12 137 2759 3522 3525 3536 3549 3571 3576 3577 3586 3606 3607 
3586 12 67 118 127 135 137 2004 3525 3543 3571 3585 3593 3602 
3587 5 3522 3532 3536 3549 3599 
3588 6 3523 3555 3561 3563 3567 3605 
3589 9 3516 3538 3542 3546 3556 3557 3590 3600 3601 
3590 9 3516 3538 3547 3557 3566 3574 3582 3589 3600 
3591 3 3535 3580 3594 
3592 5 3511 3527 3558 3564 3573 
3593 5 3525 3543 3577 3586 3602 
3594 14 3518 3519 3526 3535 3559 3569 3572 3578 3579 3580 3584 3591 3596 3597 
3595 9 3512 3528 3533 3540 3541 3556 3566 3570 3601 
3596 10 3514 3518 3530 3531 3552 3561 3569 3579 3581 3594 
3597 7 3554 3580 3583 3584 3594 3599 3606 
3598 9 2002 3515 3520 3521 3534 3539 3542 3545 3546 
3599 7 3522 3532 3549 3554 3587 3597 3606 
3600 3 3538 3589 3590 
3601 6 3541 3556 3557 3566 3589 3595 
3602 6 59 67 2004 3543 3586 3593 
3603 3 3527 3528 3573 
3604 6 3511 3519 3524 3550 3558 3559 
3605 5 3523 3556 3564 3567 3588 
3606 13 106 137 2718 2759 3525 3535 3549 3553 3554 3584 3585 3597 3599 
3607 4 3522 3536 3576 3585 
3608 5 3631 3663 3696 3720 3727 
3609 4 3688 3761 3798 3818 
3610 9 3716 3723 3732 3740 7591 7602 7636 7683 7807 
3611 7 3654 3655 3666 3776 3800 3812 5122 
3612 8 3688 3716 3732 3735 3798 3807 3816 7690 
3613 7 3634 3639 3668 3705 3779 3787 3799 
3614 6 3633 3636 3640 3737 3786 3796 
3615 6 3629 3741 3745 3754 3778 3806 
3616 4 3764 3788 3796 4235 
3617 5 3656 3708 3725 3747 3759 
3618 6 3662 3703 3764 3788 4240 4267 
3619 5 3645 3713 3729 3757 3760 
3620 6 3652 3660 3674 3702 3762 3763 
3621 7 3722 3741 3752 3766 3801 3806 3810 
3622 7 3628 3648 3670 3714 3718 3721 4906 
3623 6 3687 3712 3743 3750 3779 3799 
3624 5 3630 3637 3653 3678 3783 
3625 6 3667 3673 3710 3737 3762 3786 
3626 9 3631 3715 3719 3727 3776 5102 5209 5776 5857 
3627 8 3663 3671 3720 3726 3733 3770 3772 3789 
3628 6 3622 3643 3646 3714 3718 3721 
3629 6 3615 3693 3745 3763 3797 3806 
3630 9 3624 3637 3653 3746 3749 3753 3773 3783 3804 
3631 7 3608 3626 3696 3706 3715 3727 5031 
3632 8 3668 3683 3743 3752 3767 3793 3809 3814 
3633 5 3614 3640 3667 3714 3737 
3634 7 3613 3639 3661 3665 3675 3799 3805 
3635 4 3701 3739 3791 5049 
3636 6 3614 3640 3643 3786 3794 3796 
3637 6 3624 3630 3678 3734 3749 3802 
3638 4 3676 3774 3807 3818 
3639 6 3613 3634 3661 3668 3787 3805 
3640 5 3614 3633 3636 3643 3714 
3641 6 3673 3711 3786 4235 4257 5009 
3642 6 3698 3770 3772 3785 3817 4983 
3643 7 3628 3636 3640 3646 3714 3718 3794 
3644 4 3658 3692 3722 3766 
3645 7 3619 3664 3713 3730 3731 3751 3760 
3646 6 3628 3643 3721 3758 3794 4962 
3647 6 3676 3679 3699 3771 3792 7334 
3648 4 3622 3670 3714 3765 
3649 4 3669 3691 3724 3778 
3650 7 3651 3723 3724 3740 3747 7605 7658 
3651 8 3650 3691 3724 3765 7605 7641 7675 7711 
3652 5 3620 3660 3700 3745 3763 
3653 6 3624 3630 3686 3746 3782 3783 
3654 11 3611 3734 3749 3802 3812 3815 5117 5122 5131 5190 5219 
3655 5 3611 3659 3666 3717 3776 
3656 7 3617 3723 3725 3732 3747 3769 3816 
3657 3 3807 7690 7760 
3658 9 3644 3692 3704 3730 3736 3752 3766 3781 3793 
3659 8 3655 3663 3666 3671 3680 3717 3733 3776 
3660 6 3620 3652 3667 3700 3714 3762 
3661 7 3634 3639 3665 3682 3707 3753 3805 
3662 6 3618 3703 3758 3764 3794 3796 
3663 9 3608 3627 3659 3719 3720 3726 3727 3733 3776 
3664 6 3645 3677 3730 3731 3736 3756 
3665 4 3634 3661 3675 3707 
3666 6 3611 3655 3659 3680 3773 3800 
3667 7 3625 3633 3660 3714 3737 3762 3786 
3668 10 3613 3632 3639 3705 3743 3755 3779 3781 3787 3793 
3669 6 3649 3724 3754 3775 3778 3803 
3670 7 3622 3648 3765 4906 7736 7755 7762 
3671 5 3627 3659 3680 3733 3789 
3672 4 3681 5146 5162 5214 
3673 5 3625 3641 3710 3711 3786 
3674 4 3620 3684 3702 3763 
3675 5 3634 3665 3707 3780 3799 
3676 7 3638 3647 3679 3771 3774 3792 3818 
3677 8 3664 3698 3731 3744 3756 3768 3790 3808 
3678 6 3624 3637 3686 3734 3783 7339 
3679 6 3647 3676 3771 3774 7334 7422 
3680 7 3659 3666 3671 3773 3789 3790 3811 
3681 5 3672 3734 5146 5214 7399 
3682 4 3661 3697 3707 3753 
3683 4 3632 3752 3809 3810 
3684 10 3674 3701 3702 3709 3710 3729 3762 3763 3777 3797 
3685 6 3686 3699 3782 7334 7341 7386 
3686 8 3653 3678 3685 3782 3783 7338 7339 7341 
3687 5 3623 3712 3750 3769 3816 
3688 8 3609 3612 3712 3742 3761 3795 3798 3816 
3689 8 3705 3736 3755 3756 3768 3781 3808 3813 
3690 4 3691 3714 3745 3765 
3691 7 3649 3651 3690 3724 3745 3765 3778 
3692 4 3644 3658 3704 3722 
3693 5 3629 3722 3797 3801 3806 
3694 5 3695 3753 3773 3805 3811 
3695 4 3694 3805 3811 3813 
3696 5 3608 3631 3720 4996 5031 
3697 7 3682 3699 3707 3746 3753 3782 3792 
3698 8 3642 3677 3713 3731 3744 3772 3784 3785 
3699 6 3647 3685 3697 3782 3792 7334 
3700 5 3652 3660 3714 3745 3763 
3701 7 3635 3684 3709 3710 3729 3739 3791 
3702 4 3620 3674 3684 3762 
3703 8 3618 3662 3758 4240 4272 4898 4962 4977 
3704 7 3658 3692 3722 3730 3751 3760 3777 
3705 6 3613 3668 3689 3755 3787 3813 
3706 4 3631 3715 4984 5031 
3707 7 3661 3665 3675 3682 3697 3780 3792 
3708 6 3617 3728 3747 3748 3759 3803 
3709 5 3684 3701 3710 3791 5003 
3710 8 3625 3673 3684 3701 3709 3711 3762 5003 
3711 5 3641 3673 3710 5003 5009 
3712 6 3623 3687 3688 3742 3799 3816 
3713 7 3619 3645 3698 3731 3757 3785 3817 
3714 13 3622 3628 3633 3640 3643 3648 3660 3667 3690 3700 3718 3745 3765 
3715 8 3626 3631 3706 4984 4989 4993 5024 5776 
3716 6 3610 3612 3732 3735 7683 7690 
3717 3 3655 3659 3776 
3718 4 3622 3628 3643 3714 
3719 4 3626 3663 3727 3776 
3720 8 3608 3627 3663 3696 3726 3770 4983 4996 
3721 5 3622 3628 3646 4906 4962 
3722 9 3621 3644 3692 3693 3704 3766 3777 3797 3801 
3723 6 3610 3650 3656 3732 3740 3747 
3724 7 3649 3650 3651 3669 3691 3747 3803 
3725 5 3617 3656 3759 3769 3814 
3726 3 3627 3663 3720 
3727 5 3608 3626 3631 3663 3719 
3728 5 3708 3738 3748 3775 3803 
3729 7 3619 3684 3701 3739 3757 3760 3777 
3730 6 3645 3658 3664 3704 3736 3751 
3731 5 3645 3664 3677 3698 3713 
3732 6 3610 3612 3656 3716 3723 3816 
3733 4 3627 3659 3663 3671 
3734 9 3637 3654 3678 3681 3802 5131 5146 7339 7399 
3735 5 3612 3716 7683 7690 7734 
3736 6 3658 3664 3689 3730 3756 3781 
3737 6 3614 3625 3633 3667 3762 3786 
3738 6 3728 3748 3759 3775 3809 3814 
3739 8 3635 3701 3729 3757 5014 5034 5049 5053 
3740 6 3610 3650 3723 7591 7658 7808 
3741 7 3615 3621 3754 3775 3806 3809 3810 
3742 5 3688 3712 3780 3795 3799 
3743 6 3623 3632 3668 3750 3767 3779 
3744 5 3677 3698 3784 3789 3790 
3745 9 3615 3629 3652 3690 3691 3700 3714 3763 3778 
3746 7 3630 3653 3697 3753 3782 3783 3804 
3747 7 3617 3650 3656 3708 3723 3724 3803 
3748 4 3708 3728 3738 3759 
3749 7 3630 3637 3654 3773 3800 3802 3812 
3750 5 3623 3687 3743 3767 3769 
3751 4 3645 3704 3730 3760 
3752 7 3621 3632 3658 3683 3766 3793 3810 
3753 9 3630 3661 3682 3694 3697 3746 3773 3804 3805 
3754 5 3615 3669 3741 3775 3778 
3755 4 3668 3689 3705 3781 
3756 5 3664 3677 3689 3736 3808 
3757 6 3619 3713 3729 3739 3817 5014 
3758 5 3646 3662 3703 3794 4962 
3759 6 3617 3708 3725 3738 3748 3814 
3760 6 3619 3645 3704 3729 3751 3777 
3761 5 3609 3688 3780 3795 3818 
3762 9 3620 3625 3660 3667 3684 3702 3710 3737 3786 
3763 8 3620 3629 3652 3674 3684 3700 3745 3797 
3764 5 3616 3618 3662 3788 3796 
3765 9 3648 3651 3670 3690 3691 3714 7645 7711 7755 
3766 5 3621 3644 3658 3722 3752 
3767 5 3632 3743 3750 3769 3814 
3768 6 3677 3689 3790 3808 3811 3813 
3769 7 3656 3687 3725 3750 3767 3814 3816 
3770 5 3627 3642 3720 3772 4983 
3771 3 3647 3676 3679 
3772 6 3627 3642 3698 3770 3784 3789 
3773 8 3630 3666 3680 3694 3749 3753 3800 3811 
3774 10 3638 3676 3679 3807 7381 7422 7429 7630 7690 7822 
3775 7 3669 3728 3738 3741 3754 3803 3809 
3776 9 3611 3626 3655 3659 3663 3717 3719 5122 5209 
3777 6 3684 3704 3722 3729 3760 3797 
3778 6 3615 3649 3669 3691 3745 3754 
3779 5 3613 3623 3668 3743 3799 
3780 8 3675 3707 3742 3761 3792 3795 3799 3818 
3781 6 3658 3668 3689 3736 3755 3793 
3782 7 3653 3685 3686 3697 3699 3746 7334 
3783 6 3624 3630 3653 3678 3686 3746 
3784 4 3698 3744 3772 3789 
3785 4 3642 3698 3713 3817 
3786 10 3614 3625 3636 3641 3667 3673 3737 3762 3796 4235 
3787 6 3613 3639 3668 3705 3805 3813 
3788 5 3616 3618 3764 4235 4267 
3789 7 3627 3671 3680 3744 3772 3784 3790 
3790 6 3677 3680 3744 3768 3789 3811 
3791 6 3635 3701 3709 4992 5003 5049 
3792 7 3647 3676 3697 3699 3707 3780 3818 
3793 5 3632 3658 3668 3752 3781 
3794 6 3636 3643 3646 3662 3758 3796 
3795 4 3688 3742 3761 3780 
3796 8 3614 3616 3636 3662 3764 3786 3794 4235 
3797 6 3629 3684 3693 3722 3763 3777 
3798 5 3609 3612 3688 3807 3818 
3799 8 3613 3623 3634 3675 3712 3742 3779 3780 
3800 5 3611 3666 3749 3773 3812 
3801 4 3621 3693 3722 3806 
3802 5 3637 3654 3734 3749 3812 
3803 6 3669 3708 3724 3728 3747 3775 
3804 3 3630 3746 3753 
3805 8 3634 3639 3661 3694 3695 3753 3787 3813 
3806 6 3615 3621 3629 3693 3741 3801 
3807 10 3612 3638 3657 3774 3798 3818 7661 7690 7760 7793 
3808 4 3677 3689 3756 3768 
3809 7 3632 3683 3738 3741 3775 3810 3814 
3810 5 3621 3683 3741 3752 3809 
3811 7 3680 3694 3695 3768 3773 3790 3813 
3812 6 3611 3654 3749 3800 3802 3815 
3813 7 3689 3695 3705 3768 3787 3805 3811 
3814 7 3632 3725 3738 3759 3767 3769 3809 
3815 6 3654 3812 5117 5160 5190 5245 
3816 7 3612 3656 3687 3688 3712 3732 3769 
3817 6 3642 3713 3757 3785 4983 5014 
3818 8 3609 3638 3676 3761 3780 3792 3798 3807 
3819 4 3875 3889 3918 3958 
3820 8 3494 3852 3876 3929 3955 3987 4031 4040 
3821 8 3849 3882 3901 3902 3949 3973 3976 4012 
3822 3 3863 3921 4016 
3823 6 3847 3883 3897 3979 3992 4045 
3824 6 3879 3885 3888 3919 3995 4011 
3825 3 3832 3921 3943 
3826 8 3833 3834 3838 3881 3890 3935 3970 4017 
3827 5 3872 3885 3965 4034 4036 
3828 6 3832 3888 3911 3989 4001 4013 
3829 7 3398 3501 3921 3999 4000 4018 4048 
3830 4 3863 3890 3921 4035 
3831 5 3316 3384 3833 3838 3915 
3832 8 3825 3828 3851 3888 3921 3943 3989 4001 
3833 6 3826 3831 3838 3881 3915 3955 
3834 6 3826 3836 3838 3970 4015 4032 
3835 6 3896 3898 3924 4008 4022 4037 
3836 7 3322 3331 3477 3834 3838 3921 4015 
3837 5 3934 3993 6485 7938 7994 
3838 7 3316 3322 3826 3831 3833 3834 3836 
3839 5 3849 3876 3891 3901 4031 
3840 3 3921 3981 4015 
3841 5 3842 3893 3895 3924 4039 
3842 6 3841 3858 3877 3893 4025 4027 
3843 5 3856 3865 4004 4012 4026 
3844 8 3861 3872 3899 3931 3936 3952 3975 4029 
3845 6 3847 3883 3897 3928 3940 4022 
3846 3 3871 3873 4028 
3847 5 3823 3845 3883 3897 4022 
3848 5 3851 3879 3921 3977 4016 
3849 10 3821 3839 3857 3901 3904 3918 3949 3968 3973 4031 
3850 5 3855 3862 3876 3891 4023 
3851 5 3832 3848 3879 3888 3921 
3852 4 3820 3876 3881 3955 
3853 6 3398 3926 3989 3993 3999 4018 
3854 8 3875 3958 3967 3991 3997 3998 4014 4042 
3855 9 3850 3862 3876 3881 3891 3935 3955 4007 4023 
3856 6 3843 3865 3916 3976 4004 4012 
3857 7 3849 3859 3889 3918 3961 3968 4009 
3858 6 3842 3893 3969 3990 4014 4027 
3859 8 3857 3878 3947 3948 3961 3962 4009 4030 
3860 2 3877 3922 
3861 6 3844 3865 3931 3972 4029 4038 
3862 9 3850 3855 3864 3867 3891 3923 3939 3960 4023 
3863 8 3822 3830 3867 3921 3957 3994 4016 4035 
3864 3 3862 3939 3960 
3865 9 3843 3856 3861 3880 3916 3972 4026 4029 4038 
3866 11 878 955 961 2530 2536 2551 3928 3940 3971 3974 4049 
3867 8 3862 3863 3923 3957 3964 4007 4023 4035 
3868 5 3890 3981 4015 4019 4032 
3869 5 3930 3933 3962 3983 4010 
3870 2 3907 6421 
3871 3 3846 4025 4028 
3872 8 3827 3844 3879 3885 3899 3920 3975 4036 
3873 3 3846 3922 4028 
3874 3 3949 4030 4043 
3875 8 3819 3854 3889 3954 3958 3979 4042 4044 
3876 10 3820 3839 3850 3852 3855 3891 3929 3955 4031 4040 
3877 5 3842 3860 3922 4025 4028 
3878 5 3859 3925 3947 3950 3962 
3879 8 3824 3848 3851 3872 3885 3888 3920 3977 
3880 5 3865 3905 3916 4029 4033 
3881 6 3826 3833 3852 3855 3935 3955 
3882 5 3821 3902 3939 3960 3973 
3883 6 3823 3845 3847 3940 4045 4046 
3884 10 3894 3909 3910 3942 3951 3986 4006 4041 4043 4047 
3885 7 3824 3827 3872 3879 3919 3920 3965 
3886 5 3912 3945 4021 4024 6461 
3887 4 909 3946 3950 3980 
3888 7 3824 3828 3832 3851 3879 3911 3995 
3889 8 3819 3857 3875 3918 3948 3954 3961 4044 
3890 9 3826 3830 3868 3921 3970 4017 4019 4032 4035 
3891 7 3839 3850 3855 3862 3876 3901 3939 
3892 6 3903 3931 3952 3953 4036 6506 
3893 8 3841 3842 3858 3895 3978 3998 4014 4039 
3894 8 922 1037 3884 3917 3951 3984 3986 4041 
3895 3 3841 3893 4039 
3896 3 3835 3924 4037 
3897 5 3823 3845 3847 3992 4022 
3898 5 3835 3927 3941 4008 4022 
3899 4 3844 3872 3952 4036 
3900 4 3938 3957 3994 4016 
3901 6 3821 3839 3849 3891 3939 3973 
3902 5 3821 3882 3916 3960 4012 
3903 6 3892 4005 4036 6415 6506 6536 
3904 7 3849 3918 3929 4002 4020 4031 4040 
3905 5 3880 3936 3938 4029 4033 
3906 5 942 1050 3914 3959 4046 
3907 8 3870 3911 3926 3966 3995 4011 4013 6421 
3908 4 3485 3932 3993 7994 
3909 4 3884 3910 4004 4047 
3910 6 3884 3909 3944 4004 4024 4041 
3911 5 3828 3888 3907 3995 4013 
3912 6 3886 3942 3944 4024 6461 6519 
3913 4 3933 3988 4043 4047 
3914 9 907 912 942 994 3906 3946 3947 3959 3985 
3915 5 3345 3384 3831 3833 3955 
3916 8 3856 3865 3880 3902 3923 3960 4012 4033 
3917 5 922 3894 3986 3988 4010 
3918 11 3819 3849 3857 3889 3904 3929 3958 3982 4002 4020 4031 
3919 8 3824 3885 3965 3966 3995 4011 6436 6517 
3920 7 3872 3879 3885 3936 3975 3977 4016 
3921 18 3477 3822 3825 3829 3830 3832 3836 3840 3848 3851 3863 3890 3943 4000 4015 4016 4019 4048 
3922 5 3860 3873 3877 4025 4028 
3923 7 3862 3867 3916 3960 3964 4023 4033 
3924 5 3835 3841 3896 4037 4039 
3925 5 3878 3946 3947 3950 3996 
3926 7 3853 3907 3934 3989 3993 4013 6421 
3927 7 3898 3941 3978 3997 4008 4037 4039 
3928 6 2551 3845 3866 3940 3974 4022 
3929 6 3820 3876 3904 3918 4031 4040 
3930 6 3869 3950 3962 3963 3980 4010 
3931 7 3844 3861 3892 3952 3953 4021 4038 
3932 4 3398 3485 3908 3993 
3933 6 3869 3913 3983 3988 4010 4043 
3934 5 3837 3926 3993 6421 6485 
3935 6 3826 3855 3881 4007 4017 4035 
3936 7 3844 3905 3920 3938 3975 4016 4029 
3937 6 898 922 1049 1089 3963 4010 
3938 6 3900 3905 3936 3957 4016 4033 
3939 7 3862 3864 3882 3891 3901 3960 3973 
3940 8 878 955 3845 3866 3883 3928 3974 4046 
3941 7 3898 3927 3979 3992 3997 4022 4042 
3942 7 3884 3912 3944 4003 4041 6434 6519 
3943 5 3825 3832 3921 4000 4001 
3944 5 3910 3912 3942 4024 4041 
3945 4 3886 4021 4024 4038 
3946 10 907 909 940 994 3887 3914 3925 3947 3950 3985 
3947 9 3859 3878 3914 3925 3946 3948 3959 4044 4045 
3948 5 3859 3889 3947 3961 4044 
3949 9 3821 3849 3874 3956 3968 3976 4009 4030 4043 
3950 8 3878 3887 3925 3930 3946 3962 3980 3996 
3951 3 3884 3894 3986 
3952 5 3844 3892 3899 3931 4036 
3953 4 3892 3931 4021 6506 
3954 3 3875 3889 4044 
3955 11 3345 3370 3392 3494 3820 3833 3852 3855 3876 3881 3915 
3956 5 3949 3976 4004 4043 4047 
3957 7 3863 3867 3900 3938 3964 3994 4033 
3958 10 3819 3854 3875 3918 3967 3969 3982 3991 4020 4042 
3959 7 3906 3914 3947 3985 4044 4045 4046 
3960 8 3862 3864 3882 3902 3916 3923 3939 3973 
3961 4 3857 3859 3889 3948 
3962 8 3859 3869 3878 3930 3950 3983 4030 4043 
3963 8 898 909 1003 1089 3930 3937 3980 4010 
3964 4 3867 3923 3957 4033 
3965 6 3827 3885 3919 4034 6517 6528 
3966 5 3907 3919 4011 6421 6436 
3967 4 3854 3958 3982 3991 
3968 4 3849 3857 3949 4009 
3969 9 3365 3428 3476 3858 3958 3990 3991 4020 4027 
3970 5 3826 3834 3890 4017 4032 
3971 5 2514 2536 2650 3866 4049 
3972 5 3861 3865 4024 4026 4038 
3973 6 3821 3849 3882 3901 3939 3960 
3974 3 3866 3928 3940 
3975 5 3844 3872 3920 3936 4016 
3976 6 3821 3856 3949 3956 4004 4012 
3977 4 3848 3879 3920 4016 
3978 5 3893 3927 3997 3998 4039 
3979 7 3823 3875 3941 3992 4042 4044 4045 
3980 5 909 3887 3930 3950 3963 
3981 4 3840 3868 4015 4032 
3982 5 3918 3958 3967 4002 4020 
3983 5 3869 3933 3962 4030 4043 
3984 7 870 933 995 1037 1157 3894 4041 
3985 3 3914 3946 3959 
3986 6 3884 3894 3917 3951 3988 4043 
3987 5 3450 3494 3820 4020 4040 
3988 6 3913 3917 3933 3986 4010 4043 
3989 7 3828 3832 3853 3926 4001 4013 4018 
3990 4 3858 3969 3991 4014 
3991 6 3854 3958 3967 3969 3990 4014 
3992 5 3823 3897 3941 3979 4022 
3993 8 3398 3837 3853 3908 3926 3932 3934 7994 
3994 4 3863 3900 3957 4016 
3995 6 3824 3888 3907 3911 3919 4011 
3996 2 3925 3950 
3997 6 3854 3927 3941 3978 3998 4042 
3998 5 3854 3893 3978 3997 4014 
3999 4 3398 3829 3853 4018 
4000 5 3829 3921 3943 4001 4018 
4001 6 3828 3832 3943 3989 4000 4018 
4002 5 3904 3918 3982 4020 4040 
4003 6 870 995 3942 4041 6434 6499 
4004 10 3843 3856 3909 3910 3956 3976 4012 4024 4026 4047 
4005 3 3903 4036 6536 
4006 2 3884 4043 
4007 5 3855 3867 3935 4023 4035 
4008 4 3835 3898 3927 4037 
4009 5 3857 3859 3949 3968 4030 
4010 8 922 3869 3917 3930 3933 3937 3963 3988 
4011 5 3824 3907 3919 3966 3995 
4012 7 3821 3843 3856 3902 3916 3976 4004 
4013 5 3828 3907 3911 3926 3989 
4014 6 3854 3858 3893 3990 3991 3998 
4015 8 3834 3836 3840 3868 3921 3981 4019 4032 
4016 11 3822 3848 3863 3900 3920 3921 3936 3938 3975 3977 3994 
4017 5 3826 3890 3935 3970 4035 
4018 7 3398 3829 3853 3989 3999 4000 4001 
4019 4 3868 3890 3921 4015 
4020 12 3336 3450 3476 3494 3904 3918 3958 3969 3982 3987 4002 4040 
4021 10 3886 3931 3945 3953 4038 6390 6415 6461 6506 6507 
4022 8 3835 3845 3847 3897 3898 3928 3941 3992 
4023 6 3850 3855 3862 3867 3923 4007 
4024 9 3886 3910 3912 3944 3945 3972 4004 4026 4038 
4025 8 3354 3428 3842 3871 3877 3922 4027 4028 
4026 5 3843 3865 3972 4004 4024 
4027 5 3428 3842 3858 3969 4025 
4028 6 3846 3871 3873 3877 3922 4025 
4029 6 3844 3861 3865 3880 3905 3936 
4030 7 3859 3874 3949 3962 3983 4009 4043 
4031 7 3820 3839 3849 3876 3904 3918 3929 
4032 6 3834 3868 3890 3970 3981 4015 
4033 7 3880 3905 3916 3923 3938 3957 3964 
4034 5 3827 3965 4036 6518 6528 
4035 7 3830 3863 3867 3890 3935 4007 4017 
4036 10 3827 3872 3892 3899 3903 3952 4005 4034 6518 6536 
4037 6 3835 3896 3924 3927 4008 4039 
4038 7 3861 3865 3931 3945 3972 4021 4024 
4039 7 3841 3893 3895 3924 3927 3978 4037 
4040 7 3820 3876 3904 3929 3987 4002 4020 
4041 8 995 3884 3894 3910 3942 3944 3984 4003 
4042 7 3854 3875 3941 3958 3979 3997 4044 
4043 13 3874 3884 3913 3933 3949 3956 3962 3983 3986 3988 4006 4030 4047 
4044 9 3875 3889 3947 3948 3954 3959 3979 4042 4045 
4045 7 3823 3883 3947 3959 3979 4044 4046 
4046 7 878 1050 3883 3906 3940 3959 4045 
4047 6 3884 3909 3913 3956 4004 4043 
4048 6 3352 3477 3501 3510 3829 3921 
4049 4 961 2650 3866 3971 
4050 5 9 22 33 38 4185 
4051 7 4056 4068 4115 4137 4145 4782 4867 
4052 7 4096 4150 4202 6181 6236 6245 6314 
4053 8 4084 4126 4131 4144 4166 4177 4222 6353 
4054 6 4055 4100 4108 4133 4149 4187 
4055 6 4054 4100 4133 4145 4169 4209 
4056 8 4051 4069 4102 4115 4168 4774 4782 4840 
4057 5 4060 4070 4085 4170 4659 
4058 7 4071 4088 4099 4101 4123 4148 4195 
4059 5 4128 4139 4148 4199 4204 
4060 11 4057 4070 4096 4119 4170 4681 4687 4694 4722 4786 4865 
4061 7 4131 4147 4153 4161 4194 4196 4206 
4062 3 4091 4098 4120 
4063 12 4080 4081 4140 4142 4153 4160 4167 4175 4192 4194 4205 4219 
4064 4 4065 4086 4148 4199 
4065 6 4064 4079 4086 4093 4139 4199 
4066 8 4077 4107 4121 4144 4154 4164 4171 4180 
4067 10 4077 4078 4121 4146 4162 4164 4165 4200 4211 4214 
4068 3 4051 4145 4782 
4069 7 4056 4102 4154 4162 4168 4211 4774 
4070 6 4057 4060 4085 4119 4162 4165 
4071 5 4058 4073 4123 4124 4148 
4072 10 4075 4076 4086 4089 4090 4101 4109 4148 4212 4217 
4073 11 4071 4074 4092 4097 4099 4123 4124 4172 4181 4182 4208 
4074 6 4073 4092 4105 4155 4191 4208 
4075 7 4072 4080 4086 4090 4134 4142 4217 
4076 6 4072 4109 4159 4175 4192 4212 
4077 6 4066 4067 4078 4121 4154 4200 
4078 3 4067 4077 4121 
4079 4 4065 4093 4139 4178 
4080 5 4063 4075 4134 4142 4160 
4081 7 4063 4158 4167 4205 4218 4220 6282 
4082 2 21 4120 
4083 7 21 4117 4124 4157 4172 4174 4185 
4084 5 4053 4130 4131 4147 4166 
4085 8 4057 4070 4162 4165 4632 4659 4832 4839 
4086 8 4064 4065 4072 4075 4090 4093 4134 4148 
4087 6 1203 1307 1348 1485 4110 4216 
4088 4 4058 4089 4101 4195 
4089 8 4072 4088 4099 4101 4141 4195 4212 4213 
4090 4 4072 4075 4086 4148 
4091 6 4062 4098 4105 4120 4191 4221 
4092 6 4073 4074 4097 4182 4191 4221 
4093 9 4065 4079 4086 4106 4134 4152 4160 4178 4194 
4094 5 1219 1342 4111 4112 4114 
4095 8 9 18 4113 4128 4151 4174 4197 4201 
4096 8 4052 4060 4119 4129 4202 4722 6181 8079 
4097 6 4073 4092 4123 4172 4182 4221 
4098 7 1342 4062 4091 4105 4120 4173 4207 
4099 7 4058 4073 4089 4123 4141 4181 4195 
4100 6 4054 4055 4136 4149 4169 4189 
4101 5 4058 4072 4088 4089 4148 
4102 5 4056 4069 4115 4154 4168 
4103 6 4119 4129 4146 4202 4214 6316 
4104 3 4118 4181 4183 
4105 8 4074 4091 4098 4112 4155 4173 4191 4198 
4106 7 4093 4127 4143 4152 4178 4186 4188 
4107 6 4066 4144 4146 4164 6316 6360 
4108 7 4054 4133 4143 4149 4151 4186 4187 
4109 5 4072 4076 4175 4192 4217 
4110 9 1203 1275 4087 4156 4159 4175 4203 4216 4223 
4111 7 1182 1184 1219 1368 4094 4112 4198 
4112 7 1342 4094 4105 4111 4114 4173 4198 
4113 6 18 23 25 4095 4137 4151 
4114 4 1342 4094 4112 4173 
4115 6 4051 4056 4102 4145 4154 4179 
4116 5 4131 4138 4161 4163 4210 
4117 5 21 4083 4120 4157 4172 
4118 10 1312 1406 4104 4122 4135 4181 4183 4193 4208 4215 
4119 7 4060 4070 4096 4103 4129 4165 4214 
4120 11 21 1342 4062 4082 4091 4098 4117 4157 4172 4207 4221 
4121 6 4066 4067 4077 4078 4164 4180 
4122 4 4118 4135 4155 4208 
4123 5 4058 4071 4073 4097 4099 
4124 6 4071 4073 4083 4148 4172 4174 
4125 3 4148 4174 4201 
4126 5 4053 4144 4177 4189 4222 
4127 4 4106 4143 4151 4188 
4128 7 4059 4095 4148 4151 4188 4201 4204 
4129 5 4096 4103 4119 4202 4214 
4130 5 4084 4147 4166 4177 4196 
4131 8 4053 4061 4084 4116 4138 4147 4161 6353 
4132 5 4136 4145 4169 4179 4189 
4133 6 4054 4055 4108 4137 4151 4209 
4134 5 4075 4080 4086 4093 4160 
4135 5 4118 4122 4155 4193 4198 
4136 4 4100 4132 4169 4189 
4137 10 23 24 32 4051 4113 4133 4145 4151 4209 4867 
4138 8 4116 4131 4210 4218 6296 6317 6323 6353 
4139 6 4059 4065 4079 4178 4199 4204 
4140 6 1354 4063 4175 4216 4219 6247 
4141 6 4089 4099 4159 4181 4184 4213 
4142 5 4063 4075 4080 4192 4217 
4143 5 4106 4108 4127 4151 4186 
4144 10 4053 4066 4107 4126 4171 4179 4189 4222 6353 6360 
4145 9 4051 4055 4068 4115 4132 4137 4169 4179 4209 
4146 6 4067 4103 4107 4164 4214 6316 
4147 5 4061 4084 4130 4131 4196 
4148 14 4058 4059 4064 4071 4072 4086 4090 4101 4124 4125 4128 4174 4199 4201 
4149 6 4054 4100 4108 4187 4189 4206 
4150 5 4052 4202 6236 6316 6342 
4151 9 4095 4108 4113 4127 4128 4133 4137 4143 4188 
4152 7 4093 4106 4178 4186 4187 4194 4206 
4153 6 4061 4063 4161 4163 4167 4194 
4154 10 4066 4069 4077 4102 4115 4168 4171 4179 4200 4211 
4155 6 4074 4105 4122 4135 4198 4208 
4156 8 1406 4110 4159 4183 4184 4203 4215 4223 
4157 4 4083 4117 4120 4172 
4158 5 4081 4163 4167 4210 4218 
4159 9 4076 4110 4141 4156 4175 4184 4212 4213 4216 
4160 5 4063 4080 4093 4134 4194 
4161 5 4061 4116 4131 4153 4163 
4162 8 4067 4069 4070 4085 4165 4211 4774 4839 
4163 6 4116 4153 4158 4161 4167 4210 
4164 6 4066 4067 4107 4121 4146 4180 
4165 6 4067 4070 4085 4119 4162 4214 
4166 4 4053 4084 4130 4177 
4167 6 4063 4081 4153 4158 4163 4210 
4168 4 4056 4069 4102 4154 
4169 5 4055 4100 4132 4136 4145 
4170 5 4057 4060 4659 4724 4786 
4171 4 4066 4144 4154 4179 
4172 9 4073 4083 4097 4117 4120 4124 4157 4182 4221 
4173 6 1342 4098 4105 4112 4114 4207 
4174 9 9 4083 4095 4124 4125 4148 4185 4197 4201 
4175 9 4063 4076 4109 4110 4140 4159 4192 4212 4216 
4176 4 1252 1400 1490 4198 
4177 8 4053 4126 4130 4166 4189 4190 4196 4206 
4178 7 4079 4093 4106 4139 4152 4188 4204 
4179 7 4115 4132 4144 4145 4154 4171 4189 
4180 3 4066 4121 4164 
4181 8 4073 4099 4104 4118 4141 4183 4184 4208 
4182 4 4073 4092 4097 4172 
4183 6 4104 4118 4156 4181 4184 4215 
4184 5 4141 4156 4159 4181 4183 
4185 6 9 21 33 4050 4083 4174 
4186 5 4106 4108 4143 4152 4187 
4187 6 4054 4108 4149 4152 4186 4206 
4188 6 4106 4127 4128 4151 4178 4204 
4189 10 4100 4126 4132 4136 4144 4149 4177 4179 4190 4206 
4190 2 4177 4189 
4191 5 4074 4091 4092 4105 4221 
4192 6 4063 4076 4109 4142 4175 4217 
4193 6 1252 1312 1407 4118 4135 4198 
4194 7 4061 4063 4093 4152 4153 4160 4206 
4195 4 4058 4088 4089 4099 
4196 5 4061 4130 4147 4177 4206 
4197 3 9 4095 4174 
4198 10 1182 1252 1490 4105 4111 4112 4135 4155 4176 4193 
4199 5 4059 4064 4065 4139 4148 
4200 4 4067 4077 4154 4211 
4201 5 4095 4125 4128 4148 4174 
4202 6 4052 4096 4103 4129 4150 6316 
4203 7 1212 1275 1406 4110 4156 4215 4223 
4204 5 4059 4128 4139 4178 4188 
4205 5 4063 4081 4219 4220 6282 
4206 8 4061 4149 4152 4177 4187 4189 4194 4196 
4207 4 1342 4098 4120 4173 
4208 6 4073 4074 4118 4122 4155 4181 
4209 4 4055 4133 4137 4145 
4210 6 4116 4138 4158 4163 4167 4218 
4211 5 4067 4069 4154 4162 4200 
4212 6 4072 4076 4089 4159 4175 4213 
4213 4 4089 4141 4159 4212 
4214 6 4067 4103 4119 4129 4146 4165 
4215 8 1210 1212 1406 1494 4118 4156 4183 4203 
4216 7 1307 1354 4087 4110 4140 4159 4175 
4217 5 4072 4075 4109 4142 4192 
4218 8 4081 4138 4158 4210 6282 6311 6323 6357 
4219 7 4063 4140 4205 4220 6241 6247 6357 
4220 5 4081 4205 4219 6282 6357 
4221 6 4091 4092 4097 4120 4172 4191 
4222 3 4053 4126 4144 
4223 3 4110 4156 4203 
4224 7 4225 4238 4253 4256 4266 4285 4287 
4225 4 4224 4242 4253 4285 
4226 5 4255 4262 4282 5302 5329 
4227 7 4229 4234 4241 4257 4268 4275 4289 
4228 4 4242 4250 4273 4283 
4229 7 4227 4235 4249 4257 4259 4284 4289 
4230 6 4238 4243 4245 4261 4278 4287 
4231 5 4247 4254 4264 4269 4280 
4232 6 4239 4263 4948 4965 4976 5329 
4233 6 4234 4238 4251 4261 4266 4268 
4234 6 4227 4233 4237 4251 4268 4289 
4235 9 3616 3641 3786 3788 3796 4229 4257 4259 4267 
4236 5 4242 4248 4285 4288 4290 
4237 6 4234 4246 4249 4251 4265 4289 
4238 6 4224 4230 4233 4261 4266 4287 
4239 5 4232 4263 4280 4282 5329 
4240 7 3618 3703 4247 4267 4269 4272 4277 
4241 9 4227 4257 4258 4270 4275 5008 5009 5043 5052 
4242 7 4225 4228 4236 4250 4253 4285 4290 
4243 8 2204 2207 4230 4245 4246 4251 4261 4262 
4244 5 2175 2194 4245 4256 4287 
4245 8 2129 2157 2175 2204 4230 4243 4244 4287 
4246 7 4237 4243 4251 4255 4262 4265 4271 
4247 6 4231 4240 4264 4269 4277 4279 
4248 3 4236 4285 4288 
4249 7 4229 4237 4265 4277 4279 4284 4289 
4250 5 4228 4242 4253 4276 4283 
4251 6 4233 4234 4237 4243 4246 4261 
4252 5 4266 4268 4270 4275 4276 
4253 6 4224 4225 4242 4250 4266 4276 
4254 7 4231 4263 4269 4274 4280 4281 4912 
4255 5 4226 4246 4262 4271 4282 
4256 7 2169 2194 4224 4244 4260 4285 4287 
4257 6 3641 4227 4229 4235 4241 5009 
4258 4 4241 4982 5008 5009 
4259 4 4229 4235 4267 4284 
4260 5 2169 4256 4285 4286 4288 
4261 6 4230 4233 4238 4243 4251 4278 
4262 8 2171 2203 2207 4226 4243 4246 4255 5302 
4263 7 4232 4239 4254 4280 4281 4941 4948 
4264 7 4231 4247 4265 4271 4279 4280 4282 
4265 6 4237 4246 4249 4264 4271 4279 
4266 7 4224 4233 4238 4252 4253 4268 4276 
4267 7 3618 3788 4235 4240 4259 4277 4284 
4268 6 4227 4233 4234 4252 4266 4275 
4269 7 4231 4240 4247 4254 4272 4274 4277 
4270 7 4241 4252 4275 4276 4283 5044 5052 
4271 5 4246 4255 4264 4265 4282 
4272 9 3703 4240 4269 4274 4927 4933 4952 4961 4977 
4273 4 4228 4283 4998 5055 
4274 6 4254 4269 4272 4912 4952 4959 
4275 5 4227 4241 4252 4268 4270 
4276 6 4250 4252 4253 4266 4270 4283 
4277 7 4240 4247 4249 4267 4269 4279 4284 
4278 2 4230 4261 
4279 5 4247 4249 4264 4265 4277 
4280 6 4231 4239 4254 4263 4264 4282 
4281 6 4254 4263 4912 4941 4946 4969 
4282 7 4226 4239 4255 4264 4271 4280 5329 
4283 7 4228 4250 4270 4273 4276 5044 5055 
4284 5 4229 4249 4259 4267 4277 
4285 8 4224 4225 4236 4242 4248 4256 4260 4288 
4286 3 2169 4260 4288 
4287 6 4224 4230 4238 4244 4245 4256 
4288 5 4236 4248 4260 4285 4286 
4289 5 4227 4229 4234 4237 4249 
4290 2 4236 4242 
4291 6 4314 4360 4399 4411 4423 6004 
4292 4 4331 4343 4390 4431 
4293 7 4324 4397 4405 5887 5916 6028 6036 
4294 3 4307 4384 6822 
4295 10 2890 4302 4322 4343 4371 4415 4422 4431 4437 4455 
4296 3 4368 4390 4419 
4297 7 4312 4348 4364 4368 4380 4400 4464 
4298 8 4341 4386 4418 4454 4457 4458 6879 6937 
4299 8 4331 4335 4343 4349 4374 4414 4419 4445 
4300 4 4336 4337 4358 4378 
4301 6 2954 3012 4388 4389 4396 4462 
4302 5 4295 4338 4421 4422 4455 
4303 15 4330 4333 4342 4430 6793 6795 6802 6830 6882 6901 6903 6941 6948 6975 6981 
4304 7 4323 4365 4379 4395 4408 4417 4450 
4305 3 4377 4380 4384 
4306 5 3115 4329 4392 4403 4409 
4307 6 4294 4377 4384 4424 6819 6822 
4308 7 4313 4335 4336 4362 4370 4378 4381 
4309 4 4333 4395 4440 4463 
4310 3 4403 4409 4468 
4311 7 4320 4329 4392 4434 4436 4467 4468 
4312 5 4297 4369 4400 4459 4464 
4313 5 4308 4335 4370 4378 4381 
4314 5 4291 4354 4423 5882 6004 
4315 4 2871 3012 4345 4438 
4316 5 4404 4425 4459 4461 4464 
4317 8 4352 4353 4354 4399 4423 4465 4467 4468 
4318 6 4324 4352 4357 4373 4382 4441 
4319 6 4320 4357 4382 4406 4441 4452 
4320 6 4311 4319 4406 4434 4441 4467 
4321 5 520 4327 4413 4418 6794 
4322 5 4295 4343 4347 4371 4439 
4323 5 4304 4365 4395 4401 4448 
4324 8 4293 4318 4352 4353 4366 4373 4397 4405 
4325 7 2871 4389 4429 4438 4448 4462 4463 
4326 3 4340 6861 6956 
4327 9 464 601 4321 4413 6789 6794 6897 6909 6911 
4328 5 4336 4375 4381 5930 6020 
4329 5 4306 4311 4392 4409 4468 
4330 6 4303 4342 4417 4430 4444 6941 
4331 5 4292 4299 4343 4390 4419 
4332 6 4341 4346 4383 4386 4410 4458 
4333 10 4303 4309 4342 4440 4453 4463 6895 6901 6903 6974 
4334 4 4344 4351 4443 4460 
4335 13 4299 4308 4313 4357 4362 4368 4370 4373 4393 4414 4419 4427 4469 
4336 8 4300 4308 4328 4337 4358 4375 4378 4381 
4337 5 4300 4336 4351 4358 4378 
4338 6 4302 4387 4396 4421 4449 4455 
4339 2 4368 4415 
4340 6 4326 4356 4424 4432 6861 6956 
4341 4 4298 4332 4386 4458 
4342 8 4303 4330 4333 4379 4417 4430 4440 4453 
4343 8 4292 4295 4299 4322 4331 4347 4431 4445 
4344 8 4334 4351 4358 4383 4410 4416 4443 4466 
4345 7 2245 2249 2447 2871 4315 4350 4438 
4346 3 4332 4383 4410 
4347 6 3092 4322 4343 4407 4439 4445 
4348 8 4297 4355 4363 4364 4377 4380 4391 4398 
4349 4 4299 4374 4445 4447 
4350 6 2447 4345 4438 4456 4463 6936 
4351 10 4334 4337 4344 4358 4362 4378 4412 4416 4435 4460 
4352 6 4317 4318 4324 4353 4441 4467 
4353 6 4317 4324 4352 4366 4385 4465 
4354 6 4314 4317 4423 4465 5882 5969 
4355 6 4348 4364 4368 4398 4408 4417 
4356 6 4340 4363 4377 4391 4424 4432 
4357 8 4318 4319 4335 4373 4382 4393 4451 4452 
4358 9 548 4300 4336 4337 4344 4351 4375 4416 5930 
4359 4 2908 4376 4402 4403 
4360 6 4291 4361 4367 4399 4411 4426 
4361 5 4360 4367 4376 4402 4426 
4362 6 4308 4335 4351 4368 4378 4435 
4363 4 4348 4356 4377 4391 
4364 4 4297 4348 4355 4368 
4365 7 4304 4323 4372 4401 4415 4437 4450 
4366 7 4324 4353 4385 4397 5870 5983 6043 
4367 5 4360 4361 4399 4402 4468 
4368 16 4296 4297 4335 4339 4355 4362 4364 4369 4390 4400 4408 4412 4415 4419 4435 4469 
4369 6 4312 4368 4400 4412 4459 4460 
4370 8 4308 4313 4335 4378 4381 4405 4427 6020 
4371 6 2890 3125 4295 4322 4422 4439 
4372 4 4365 4408 4415 4450 
4373 6 4318 4324 4335 4357 4405 4427 
4374 7 4299 4349 4393 4414 4428 4447 4451 
4375 4 4328 4336 4358 5930 
4376 5 2908 4359 4361 4402 4426 
4377 8 4305 4307 4348 4356 4363 4380 4384 4424 
4378 9 4300 4308 4313 4336 4337 4351 4362 4370 4435 
4379 5 4304 4342 4395 4417 4440 
4380 6 4297 4305 4348 4377 4384 4464 
4381 6 4308 4313 4328 4336 4370 6020 
4382 4 4318 4319 4357 4441 
4383 8 4332 4344 4346 4404 4410 4443 4458 4461 
4384 9 4294 4305 4307 4377 4380 4425 4457 4464 6822 
4385 5 4353 4366 4465 5870 5945 
4386 7 429 4298 4332 4341 4394 4410 4418 
4387 6 4338 4388 4396 4401 4449 4462 
4388 4 4301 4387 4396 4462 
4389 6 2871 3012 4301 4325 4448 4462 
4390 7 4292 4296 4331 4368 4415 4419 4431 
4391 6 4348 4356 4363 4398 4432 4433 
4392 6 3104 3115 4306 4311 4329 4436 
4393 5 4335 4357 4374 4414 4451 
4394 2 4386 4418 
4395 8 4304 4309 4323 4379 4429 4440 4448 4463 
4396 9 2941 2954 2982 3037 4301 4338 4387 4388 4421 
4397 7 4293 4324 4366 5916 5983 6036 6043 
4398 6 4348 4355 4391 4417 4433 4444 
4399 6 4291 4317 4360 4367 4423 4468 
4400 4 4297 4312 4368 4369 
4401 7 4323 4365 4387 4437 4448 4449 4462 
4402 6 4359 4361 4367 4376 4403 4468 
4403 10 2903 2908 3100 3115 4306 4310 4359 4402 4409 4468 
4404 5 4316 4383 4443 4459 4461 
4405 11 4293 4324 4370 4373 4427 5887 5997 6020 6028 6040 6044 
4406 5 4319 4320 4434 4451 4452 
4407 8 2910 2956 3092 4347 4428 4439 4445 4447 
4408 7 4304 4355 4368 4372 4415 4417 4450 
4409 5 4306 4310 4329 4403 4468 
4410 9 429 4332 4344 4346 4383 4386 4420 4442 4466 
4411 6 4291 4360 4426 5903 6004 6029 
4412 5 4351 4368 4369 4435 4460 
4413 7 427 520 588 601 602 4321 4327 
4414 4 4299 4335 4374 4393 
4415 9 4295 4339 4365 4368 4372 4390 4408 4431 4437 
4416 6 548 4344 4351 4358 4420 4466 
4417 8 4304 4330 4342 4355 4379 4398 4408 4444 
4418 9 429 520 602 4298 4321 4386 4394 4454 6794 
4419 6 4296 4299 4331 4335 4368 4390 
4420 7 532 548 4410 4416 4442 4466 5930 
4421 6 3037 3042 4302 4338 4396 4422 
4422 7 2890 2935 3042 4295 4302 4371 4421 
4423 5 4291 4314 4317 4354 4399 
4424 6 4307 4340 4356 4377 6819 6956 
4425 5 4316 4384 4457 4461 4464 
4426 6 2908 4360 4361 4376 4411 6029 
4427 4 4335 4370 4373 4405 
4428 8 2910 3104 4374 4407 4434 4446 4447 4451 
4429 5 4325 4395 4438 4448 4463 
4430 3 4303 4330 4342 
4431 5 4292 4295 4343 4390 4415 
4432 5 4340 4356 4391 4433 6861 
4433 7 4391 4398 4432 4444 6844 6861 6980 
4434 7 3104 4311 4320 4406 4428 4436 4451 
4435 5 4351 4362 4368 4378 4412 
4436 4 3104 4311 4392 4434 
4437 6 4295 4365 4401 4415 4449 4455 
4438 7 2871 4315 4325 4345 4350 4429 4463 
4439 7 3092 3110 3125 4322 4347 4371 4407 
4440 6 4309 4333 4342 4379 4395 4463 
4441 6 4318 4319 4320 4352 4382 4467 
4442 6 429 470 532 565 4410 4420 
4443 6 4334 4344 4383 4404 4459 4460 
4444 6 4330 4398 4417 4433 6844 6941 
4445 6 4299 4343 4347 4349 4407 4447 
4446 3 2910 3104 4428 
4447 6 2910 4349 4374 4407 4428 4445 
4448 7 4323 4325 4389 4395 4401 4429 4462 
4449 5 4338 4387 4401 4437 4455 
4450 4 4304 4365 4372 4408 
4451 8 3104 4357 4374 4393 4406 4428 4434 4452 
4452 4 4319 4357 4406 4451 
4453 2 4333 4342 
4454 4 4298 4418 6794 6937 
4455 5 4295 4302 4338 4437 4449 
4456 3 4350 4463 6936 
4457 8 4298 4384 4425 4458 4461 6822 6879 6959 
4458 6 4298 4332 4341 4383 4457 4461 
4459 7 4312 4316 4369 4404 4443 4460 4464 
4460 6 4334 4351 4369 4412 4443 4459 
4461 6 4316 4383 4404 4425 4457 4458 
4462 7 4301 4325 4387 4388 4389 4401 4448 
4463 11 4309 4325 4333 4350 4395 4429 4438 4440 4456 6936 6974 
4464 7 4297 4312 4316 4380 4384 4425 4459 
4465 6 4317 4353 4354 4385 5945 5969 
4466 4 4344 4410 4416 4420 
4467 6 4311 4317 4320 4352 4441 4468 
4468 10 4310 4311 4317 4329 4367 4399 4402 4403 4409 4467 
4469 2 4335 4368 
4470 9 2059 2087 2097 4484 4528 4541 6086 6098 6154 
4471 4 2689 4502 4547 4567 
4472 7 2779 2834 4473 4512 4547 4564 4565 
4473 4 4472 4512 4547 4551 
4474 3 4488 4554 4562 
4475 3 4493 4498 4533 
4476 6 4477 4494 4507 4536 4539 4569 
4477 4 4476 4507 4511 4539 
4478 8 4495 4499 4519 4531 4535 4540 4551 4562 
4479 5 4501 4504 4557 6109 6162 
4480 6 4481 4484 4507 4508 4536 4570 
4481 8 4480 4484 4487 4505 4507 4509 4548 4561 
4482 5 4509 4511 4527 4558 4568 
4483 8 4490 4491 4497 4521 4532 4533 4534 4552 
4484 18 2059 4470 4480 4481 4486 4487 4501 4508 4512 4516 4524 4528 4541 4556 4561 4563 4564 4570 
4485 3 4503 4514 4554 
4486 6 2779 4484 4563 4564 4565 4566 
4487 8 4481 4484 4500 4501 4504 4505 4509 4557 
4488 8 4474 4502 4503 4553 4554 4555 4562 4567 
4489 1 4552 
4490 3 4483 4491 4532 
4491 6 4483 4490 4493 4515 4532 4533 
4492 7 4520 4529 4530 4534 4538 4546 4549 
4493 5 4475 4491 4498 4515 4533 
4494 4 4476 4523 4539 4569 
4495 4 4478 4519 4562 4567 
4496 2 4531 4562 
4497 6 1807 4483 4515 4532 4543 4552 
4498 7 4475 4493 4510 4515 4525 4526 4533 
4499 8 4478 4513 4519 4536 4540 4547 4551 4560 
4500 6 4487 4504 4509 4552 4568 4572 
4501 7 4479 4484 4487 4556 4557 6109 6134 
4502 5 2689 4471 4488 4555 4567 
4503 7 2689 4485 4488 4514 4553 4554 4555 
4504 12 1769 1791 1801 4479 4487 4500 4517 4552 4557 4572 6080 6162 
4505 3 4481 4487 4509 
4506 5 4529 4534 4546 4549 4552 
4507 8 4476 4477 4480 4481 4509 4511 4536 4548 
4508 5 4480 4484 4512 4536 4570 
4509 9 4481 4482 4487 4500 4505 4507 4511 4548 4568 
4510 8 1788 1800 1812 4498 4520 4525 4526 4537 
4511 9 4477 4482 4507 4509 4527 4539 4542 4545 4548 
4512 8 4472 4473 4484 4508 4513 4536 4551 4564 
4513 5 4499 4512 4519 4536 4551 
4514 8 2689 2799 4485 4503 4522 4544 4554 4559 
4515 12 1768 1787 1788 1805 1807 4491 4493 4497 4498 4525 4532 4543 
4516 5 2059 2073 4484 4518 4563 
4517 3 4504 4552 4572 
4518 5 2073 2086 2107 4516 4563 
4519 7 4478 4495 4499 4513 4547 4551 4567 
4520 6 4492 4510 4526 4533 4534 4538 
4521 3 4483 4533 4534 
4522 3 4514 4544 4559 
4523 2 4494 4539 
4524 4 4484 4528 4556 6154 
4525 4 1788 4498 4510 4515 
4526 4 4498 4510 4520 4533 
4527 4 4482 4511 4542 4558 
4528 5 4470 4484 4524 4541 6154 
4529 4 4492 4506 4546 4549 
4530 6 4492 4538 4542 4545 4546 4558 
4531 4 4478 4496 4535 4562 
4532 5 4483 4490 4491 4497 4515 
4533 9 4475 4483 4491 4493 4498 4520 4521 4526 4534 
4534 8 4483 4492 4506 4520 4521 4533 4549 4552 
4535 5 4478 4531 4540 4550 4562 
4536 11 4476 4480 4499 4507 4508 4512 4513 4540 4550 4560 4569 
4537 3 1800 1812 4510 
4538 5 4492 4520 4530 4539 4545 
4539 7 4476 4477 4494 4511 4523 4538 4545 
4540 6 4478 4499 4535 4536 4550 4560 
4541 3 4470 4484 4528 
4542 5 4511 4527 4530 4545 4558 
4543 5 1786 1807 4497 4515 4552 
4544 5 2693 2799 4514 4522 4559 
4545 5 4511 4530 4538 4539 4542 
4546 6 4492 4506 4529 4530 4552 4558 
4547 9 2689 2834 4471 4472 4473 4499 4519 4551 4567 
4548 4 4481 4507 4509 4511 
4549 4 4492 4506 4529 4534 
4550 5 4535 4536 4540 4560 4562 
4551 7 4473 4478 4499 4512 4513 4519 4547 
4552 19 1769 1786 1791 1801 1803 4483 4489 4497 4500 4504 4506 4517 4534 4543 4546 4558 4568 4571 4572 
4553 3 4488 4503 4555 
4554 7 4474 4485 4488 4503 4514 4559 4562 
4555 5 2689 4488 4502 4503 4553 
4556 6 4484 4501 4524 6134 6144 6154 
4557 5 4479 4487 4501 4504 6109 
4558 7 4482 4527 4530 4542 4546 4552 4568 
4559 5 4514 4522 4544 4554 4562 
4560 4 4499 4536 4540 4550 
4561 2 4481 4484 
4562 11 4474 4478 4488 4495 4496 4531 4535 4550 4554 4559 4567 
4563 6 2086 4484 4486 4516 4518 4566 
4564 5 4472 4484 4486 4512 4565 
4565 4 2779 4472 4486 4564 
4566 4 2086 2779 4486 4563 
4567 7 4471 4488 4495 4502 4519 4547 4562 
4568 5 4482 4500 4509 4552 4558 
4569 3 4476 4494 4536 
4570 3 4480 4484 4508 
4571 4 1785 1786 1791 4552 
4572 4 4500 4504 4517 4552 
4573 6 151 163 236 242 4592 4594 
4574 6 4583 4591 4592 4594 4599 4606 
4575 2 350 4596 
4576 2 4586 4601 
4577 1 4602 
4578 2 4596 4611 
4579 6 4586 4590 4597 4599 4610 4614 
4580 6 4593 4595 4598 4601 4602 4611 
4581 5 4590 4597 4599 4612 4614 
4582 2 236 4602 
4583 6 4574 4592 4599 4603 4606 4612 
4584 2 4589 4601 
4585 5 88 4589 4591 4600 4601 
4586 8 4576 4579 4601 4602 4603 4606 4610 4614 
4587 5 373 2812 4589 4596 4600 
4588 7 4593 4598 4602 4607 4609 4613 4617 
4589 6 4584 4585 4587 4596 4600 4601 
4590 4 4579 4581 4597 4614 
4591 6 88 4574 4585 4594 4601 4606 
4592 8 236 4573 4574 4583 4594 4599 4602 4616 
4593 5 4580 4588 4598 4602 4609 
4594 11 55 84 88 102 107 242 4573 4574 4591 4592 4615 
4595 3 4580 4601 4602 
4596 12 328 350 373 374 4575 4578 4587 4589 4598 4601 4605 4611 
4597 4 4579 4581 4590 4599 
4598 5 4580 4588 4593 4596 4611 
4599 9 4574 4579 4581 4583 4592 4597 4602 4610 4612 
4600 8 88 93 106 123 2812 4585 4587 4589 
4601 13 4576 4580 4584 4585 4586 4589 4591 4595 4596 4602 4604 4606 4611 
4602 16 236 277 4577 4580 4582 4586 4588 4592 4593 4595 4599 4601 4607 4609 4610 4616 
4603 5 4583 4586 4606 4612 4614 
4604 1 4601 
4605 3 328 374 4596 
4606 6 4574 4583 4586 4591 4601 4603 
4607 6 277 4588 4602 4608 4609 4617 
4608 2 277 4607 
4609 5 4588 4593 4602 4607 4617 
4610 4 4579 4586 4599 4602 
4611 5 4578 4580 4596 4598 4601 
4612 5 4581 4583 4599 4603 4614 
4613 1 4588 
4614 6 4579 4581 4586 4590 4603 4612 
4615 6 60 76 102 242 275 4594 
4616 3 236 4592 4602 
4617 3 4588 4607 4609 
4618 4 4742 4794 4801 4807 
4619 4 4628 4630 4771 4876 
4620 3 4621 4751 4857 
4621 6 4620 4645 4729 4751 4857 4872 
4622 6 4658 4697 4714 4791 4817 4873 
4623 9 4665 4685 4695 4723 4825 4848 7890 7989 8079 
4624 4 4693 4706 4797 4850 
4625 9 13 32 4643 4660 4680 4733 4758 4779 4867 
4626 7 4686 4741 4763 4776 4829 4833 4858 
4627 5 3155 3165 4806 4856 4876 
4628 8 4619 4630 4658 4714 4742 4756 4785 4876 
4629 4 4697 4769 4817 4840 
4630 5 4619 4628 4717 4756 4876 
4631 6 4756 4765 4783 4794 4801 4821 
4632 7 4085 4683 4721 4769 4819 4832 4839 
4633 3 4718 4818 4883 
4634 6 4667 4715 4757 4803 4805 4852 
4635 6 4655 4662 4706 4800 4845 4850 
4636 1 4775 
4637 15 3141 3148 3194 3200 3211 3228 4644 4648 4654 4672 4701 4708 4740 4755 4761 
4638 4 4717 4756 4760 4876 
4639 6 4734 4746 4770 4842 4875 4879 
4640 7 4703 4705 4726 4749 4773 4818 4853 
4641 5 3171 3180 3207 3209 4734 
4642 8 4740 4743 4744 4748 4761 4811 4876 4885 
4643 4 4625 4660 4664 4867 
4644 5 4637 4701 4708 4740 4755 
4645 9 4621 4675 4709 4729 4732 4773 4775 4816 4857 
4646 11 4663 4678 4716 4762 4777 4782 4792 4821 4835 4840 4871 
4647 2 4653 4697 
4648 7 3162 3194 3200 3228 4637 4761 4766 
4649 2 4848 4865 
4650 4 4651 4732 4812 4813 
4651 5 4650 4729 4732 4813 4872 
4652 5 4664 4696 4713 4835 4847 
4653 6 4647 4663 4697 4742 4777 4840 
4654 3 4637 4740 4755 
4655 8 4635 4662 4731 4759 4784 4800 4824 4843 
4656 3 4738 4778 4823 
4657 4 4743 4753 4803 4852 
4658 5 4622 4628 4697 4714 4742 
4659 6 4057 4085 4170 4724 4819 4832 
4660 5 13 4625 4643 4664 4846 
4661 4 3155 4701 4747 4876 
4662 7 4635 4655 4673 4731 4809 4845 4854 
4663 4 4646 4653 4777 4871 
4664 9 4643 4652 4660 4713 4762 4782 4846 4847 4867 
4665 6 4623 4685 4790 4849 7987 8079 
4666 8 4707 4719 4743 4754 4761 4766 4830 4852 
4667 10 4634 4671 4698 4699 4709 4715 4757 4852 4855 4880 
4668 4 4808 4822 4834 4851 
4669 4 4738 4823 4869 4878 
4670 4 4759 4769 4788 4843 
4671 5 4667 4698 4699 4837 4842 
4672 2 4637 4761 
4673 7 4662 4693 4726 4844 4845 4850 4854 
4674 5 4695 4725 4825 4865 8080 
4675 6 4645 4709 4732 4812 4828 4864 
4676 6 4728 4730 4798 4827 4868 8060 
4677 4 4703 4739 4818 4874 
4678 4 4646 4762 4821 4835 
4679 5 4723 4725 4825 4848 4865 
4680 4 12 4625 4733 4779 
4681 4 4060 4786 4865 4870 
4682 5 4780 4795 4808 4865 4870 
4683 5 4632 4769 4774 4839 4840 
4684 9 4686 4727 4781 4796 4836 4865 7913 8058 8076 
4685 7 4623 4665 4790 4793 4848 4849 8079 
4686 7 4626 4684 4727 4752 4829 4833 8076 
4687 4 4060 4694 4848 4865 
4688 4 4798 4826 8060 8073 
4689 3 4694 4722 4848 
4690 4 7 3165 4806 4876 
4691 6 4737 4738 4778 4784 4873 4876 
4692 4 4700 4702 4737 4878 
4693 13 4624 4673 4702 4726 4764 4797 4810 4818 4823 4850 4862 4878 4888 
4694 5 4060 4687 4689 4722 4848 
4695 6 4623 4674 4825 7989 8020 8080 
4696 6 4652 4713 4783 4787 4792 4835 
4697 9 4622 4629 4647 4653 4658 4742 4791 4817 4840 
4698 6 4667 4671 4804 4837 4852 4860 
4699 6 4667 4671 4770 4842 4866 4875 
4700 4 4692 4737 4869 4878 
4701 7 3141 3155 4637 4644 4661 4708 4876 
4702 6 4692 4693 4735 4737 4810 4878 
4703 6 4640 4677 4715 4739 4773 4818 
4704 3 4746 4837 4842 
4705 7 4640 4726 4789 4844 4853 4854 4886 
4706 5 4624 4635 4797 4800 4850 
4707 5 4666 4719 4734 4754 4830 
4708 5 4637 4644 4701 4740 4876 
4709 5 4645 4667 4675 4715 4773 
4710 6 4712 4751 4802 4815 4863 4868 
4711 5 4720 4727 4767 4768 4851 
4712 5 4710 4751 4815 4838 4868 
4713 5 4652 4664 4696 4787 4846 
4714 5 4622 4628 4658 4873 4876 
4715 8 4634 4667 4703 4709 4718 4739 4773 4805 
4716 8 4646 4765 4792 4801 4807 4821 4841 4871 
4717 4 4630 4638 4756 4876 
4718 9 4633 4715 4739 4753 4803 4805 4818 4874 4883 
4719 4 4666 4707 4734 4766 
4720 6 4711 4727 4741 4763 4767 4829 
4721 7 4632 4769 4780 4788 4808 4819 4843 
4722 6 4060 4096 4689 4694 4848 8079 
4723 4 4623 4679 4825 4848 
4724 6 4170 4659 4780 4786 4819 4870 
4725 4 4674 4679 4825 4865 
4726 8 4640 4673 4693 4705 4818 4844 4886 4888 
4727 7 4684 4686 4711 4720 4796 4829 4851 
4728 6 4676 4736 4798 4838 4857 4868 
4729 6 4621 4645 4651 4732 4816 4872 
4730 6 3333 3393 4676 4745 4827 8060 
4731 6 4655 4662 4767 4809 4814 4824 
4732 7 4645 4650 4651 4675 4729 4812 4816 
4733 4 12 13 4625 4680 
4734 12 3162 3171 3203 3207 4639 4641 4707 4719 4754 4766 4770 4879 
4735 6 4702 4737 4810 4811 4831 4876 
4736 3 4728 4838 4868 
4737 10 4691 4692 4700 4702 4735 4738 4771 4831 4869 4876 
4738 8 4656 4669 4691 4737 4778 4823 4831 4869 
4739 5 4677 4703 4715 4718 4874 
4740 9 4637 4642 4644 4654 4708 4744 4755 4761 4876 
4741 10 4626 4720 4749 4763 4767 4776 4789 4809 4853 4858 
4742 10 4618 4628 4653 4658 4697 4756 4777 4785 4794 4871 
4743 8 4642 4657 4666 4748 4753 4761 4852 4885 
4744 3 4642 4740 4876 
4745 5 3333 4730 4827 4861 4863 
4746 8 4639 4704 4754 4804 4837 4842 4860 4879 
4747 4 3155 4661 4856 4876 
4748 8 4642 4743 4753 4810 4811 4883 4885 4887 
4749 7 4640 4741 4773 4775 4853 4858 4859 
4750 1 4802 
4751 9 4620 4621 4710 4712 4802 4815 4838 4857 4872 
4752 5 4686 4772 4833 4877 8076 
4753 6 4657 4718 4743 4748 4803 4883 
4754 8 4666 4707 4734 4746 4830 4852 4860 4879 
4755 4 4637 4644 4654 4740 
4756 13 13 42 4628 4630 4631 4638 4717 4742 4760 4783 4785 4794 4881 
4757 3 4634 4667 4852 
4758 8 12 15 23 24 32 46 4625 4779 
4759 7 4655 4670 4769 4784 4788 4817 4843 
4760 4 42 4638 4756 4876 
4761 9 4637 4642 4648 4666 4672 4740 4743 4766 4889 
4762 6 4646 4664 4678 4782 4835 4847 
4763 5 4626 4720 4741 4776 4829 
4764 4 4693 4800 4823 4862 
4765 4 4631 4716 4801 4821 
4766 6 3162 4648 4666 4719 4734 4761 
4767 10 4711 4720 4731 4741 4768 4809 4814 4824 4834 4843 
4768 4 4711 4767 4834 4851 
4769 9 4629 4632 4670 4683 4721 4759 4788 4817 4840 
4770 7 3185 3203 4639 4699 4734 4866 4875 
4771 3 4619 4737 4876 
4772 4 4752 4776 4833 4877 
4773 8 4640 4645 4703 4709 4715 4749 4775 4859 
4774 6 4056 4069 4162 4683 4839 4840 
4775 7 4636 4645 4749 4773 4857 4858 4859 
4776 8 4626 4741 4763 4772 4826 4833 4858 4877 
4777 6 4646 4653 4663 4742 4840 4871 
4778 5 4656 4691 4738 4784 4823 
4779 5 12 32 4625 4680 4758 
4780 6 4682 4721 4724 4808 4819 4870 
4781 4 4684 4795 4836 4865 
4782 9 4051 4056 4068 4646 4664 4762 4840 4847 4867 
4783 9 4631 4696 4756 4787 4792 4799 4821 4841 4881 
4784 8 4655 4691 4759 4778 4800 4817 4823 4873 
4785 3 4628 4742 4756 
4786 5 4060 4170 4681 4724 4870 
4787 5 4696 4713 4783 4799 4846 
4788 5 4670 4721 4759 4769 4843 
4789 5 4705 4741 4809 4853 4854 
4790 6 4665 4685 4849 7987 8019 8079 
4791 3 4622 4697 4817 
4792 6 4646 4696 4716 4783 4835 4841 
4793 2 4685 4848 
4794 5 4618 4631 4742 4756 4801 
4795 6 4682 4781 4808 4822 4836 4865 
4796 4 4684 4727 4836 4851 
4797 5 4624 4693 4706 4800 4862 
4798 6 4676 4688 4728 4826 4857 8060 
4799 5 13 4783 4787 4846 4881 
4800 8 4635 4655 4706 4764 4784 4797 4823 4862 
4801 6 4618 4631 4716 4765 4794 4807 
4802 6 4710 4750 4751 4812 4863 4872 
4803 6 4634 4657 4718 4753 4805 4852 
4804 4 4698 4746 4837 4860 
4805 4 4634 4715 4718 4803 
4806 3 4627 4690 4876 
4807 4 4618 4716 4801 4871 
4808 8 4668 4682 4721 4780 4795 4822 4834 4843 
4809 7 4662 4731 4741 4767 4789 4814 4854 
4810 9 4693 4702 4735 4748 4811 4818 4882 4887 4888 
4811 5 4642 4735 4748 4810 4876 
4812 8 4650 4675 4732 4802 4813 4828 4864 4872 
4813 4 4650 4651 4812 4872 
4814 3 4731 4767 4809 
4815 4 4710 4712 4751 4868 
4816 3 4645 4729 4732 
4817 8 4622 4629 4697 4759 4769 4784 4791 4873 
4818 14 4633 4640 4677 4693 4703 4718 4726 4810 4874 4882 4883 4884 4887 4888 
4819 6 4632 4659 4721 4724 4780 4832 
4820 4 7959 8015 8076 8095 
4821 7 4631 4646 4678 4716 4765 4783 4841 
4822 5 4668 4795 4808 4836 4851 
4823 9 4656 4669 4693 4738 4764 4778 4784 4800 4878 
4824 4 4655 4731 4767 4843 
4825 6 4623 4674 4679 4695 4723 4725 
4826 7 4688 4776 4798 4857 4858 4877 8073 
4827 6 4676 4730 4745 4861 4863 4868 
4828 3 4675 4812 4864 
4829 5 4626 4686 4720 4727 4763 
4830 3 4666 4707 4754 
4831 4 4735 4737 4738 4869 
4832 4 4085 4632 4659 4819 
4833 8 4626 4686 4752 4772 4776 4877 8076 8096 
4834 6 4668 4767 4768 4808 4843 4851 
4835 7 4646 4652 4678 4696 4762 4792 4847 
4836 7 4684 4781 4795 4796 4822 4851 4865 
4837 6 4671 4698 4704 4746 4804 4842 
4838 6 4712 4728 4736 4751 4857 4868 
4839 5 4085 4162 4632 4683 4774 
4840 10 4056 4629 4646 4653 4683 4697 4769 4774 4777 4782 
4841 4 4716 4783 4792 4821 
4842 7 4639 4671 4699 4704 4746 4837 4875 
4843 9 4655 4670 4721 4759 4767 4788 4808 4824 4834 
4844 5 4673 4705 4726 4854 4886 
4845 4 4635 4662 4673 4850 
4846 6 13 4660 4664 4713 4787 4799 
4847 5 4652 4664 4762 4782 4835 
4848 12 4623 4649 4679 4685 4687 4689 4694 4722 4723 4793 4865 8079 
4849 3 4665 4685 4790 
4850 6 4624 4635 4673 4693 4706 4845 
4851 8 4668 4711 4727 4768 4796 4822 4834 4836 
4852 10 4634 4657 4666 4667 4698 4743 4754 4757 4803 4860 
4853 5 4640 4705 4741 4749 4789 
4854 6 4662 4673 4705 4789 4809 4844 
4855 2 4667 4880 
4856 4 3155 4627 4747 4876 
4857 10 4620 4621 4645 4728 4751 4775 4798 4826 4838 4858 
4858 7 4626 4741 4749 4775 4776 4826 4857 
4859 3 4749 4773 4775 
4860 5 4698 4746 4754 4804 4852 
4861 3 4745 4827 4863 
4862 4 4693 4764 4797 4800 
4863 6 4710 4745 4802 4827 4861 4868 
4864 3 4675 4812 4828 
4865 17 4060 4649 4674 4679 4681 4682 4684 4687 4725 4781 4795 4836 4848 4870 7930 8058 8080 
4866 3 3185 4699 4770 
4867 8 29 32 4051 4137 4625 4643 4664 4782 
4868 9 4676 4710 4712 4728 4736 4815 4827 4838 4863 
4869 6 4669 4700 4737 4738 4831 4878 
4870 6 4681 4682 4724 4780 4786 4865 
4871 6 4646 4663 4716 4742 4777 4807 
4872 7 4621 4651 4729 4751 4802 4812 4813 
4873 6 4622 4691 4714 4784 4817 4876 
4874 4 4677 4718 4739 4818 
4875 4 4639 4699 4770 4842 
4876 25 42 4619 4627 4628 4630 4638 4642 4661 4690 4691 4701 4708 4714 4717 4735 4737 4740 4744 4747 4760 4771 4806 4811 4856 4873 
4877 7 4752 4772 4776 4826 4833 8073 8096 
4878 7 4669 4692 4693 4700 4702 4823 4869 
4879 4 4639 4734 4746 4754 
4880 2 4667 4855 
4881 4 13 4756 4783 4799 
4882 3 4810 4818 4888 
4883 7 4633 4718 4748 4753 4818 4884 4887 
4884 2 4818 4883 
4885 3 4642 4743 4748 
4886 3 4705 4726 4844 
4887 4 4748 4810 4818 4883 
4888 5 4693 4726 4810 4818 4882 
4889 1 4761 
4890 8 4903 4925 4936 4944 4956 4966 4968 4979 
4891 6 4915 4934 4943 4954 4965 4976 
4892 5 4909 4911 4916 4922 4958 
4893 8 4900 4902 4907 4929 4935 5295 5301 5307 
4894 4 4901 4905 4917 4921 
4895 5 4930 4940 4951 4956 4973 
4896 4 4925 4932 4944 4978 
4897 5 4909 4936 4943 4964 4970 
4898 6 3703 4906 4949 4962 4972 4977 
4899 4 4907 4914 4929 4958 
4900 6 4893 4902 4924 5300 5306 5307 
4901 4 4894 4905 4921 4951 
4902 5 4893 4900 4908 4924 4929 
4903 5 4890 4913 4936 4956 4973 
4904 5 4927 4933 4949 4972 4975 
4905 4 4894 4901 4940 4951 
4906 7 3622 3670 3721 4898 4962 4972 7736 
4907 6 4893 4899 4929 4935 4958 5295 
4908 7 4902 4924 4929 4934 4950 4963 4965 
4909 8 4892 4897 4911 4913 4922 4936 4957 4970 
4910 7 4923 4928 4939 4960 4974 4980 4981 
4911 5 4892 4909 4914 4958 4970 
4912 7 4254 4274 4281 4918 4938 4959 4969 
4913 6 4903 4909 4936 4955 4957 4973 
4914 7 4899 4911 4929 4954 4958 4963 4970 
4915 5 4891 4943 4947 4948 4976 
4916 5 4892 4922 4953 4958 5296 
4917 7 4894 4921 4928 4939 4942 4967 4971 
4918 7 4912 4928 4933 4938 4952 4959 4981 
4919 2 4930 4931 
4920 5 4926 4932 4941 4944 4947 
4921 10 4894 4901 4917 4925 4951 4956 4966 4967 4971 4979 
4922 6 4892 4909 4916 4953 4955 4957 
4923 5 4910 4937 4960 4975 4981 
4924 7 4900 4902 4908 4950 5298 5300 5306 
4925 7 4890 4896 4921 4944 4966 4967 4978 
4926 5 4920 4932 4938 4941 4946 
4927 5 4272 4904 4933 4949 4961 
4928 8 4910 4917 4918 4938 4939 4967 4978 4981 
4929 7 4893 4899 4902 4907 4908 4914 4963 
4930 5 4895 4919 4931 4940 4973 
4931 3 4919 4930 4940 
4932 6 4896 4920 4926 4938 4944 4978 
4933 7 4272 4904 4918 4927 4952 4975 4981 
4934 5 4891 4908 4954 4963 4965 
4935 6 4893 4907 4958 5293 5295 5296 
4936 8 4890 4897 4903 4909 4913 4956 4964 4968 
4937 5 4923 4975 7672 7678 7729 
4938 8 4912 4918 4926 4928 4932 4946 4969 4978 
4939 5 4910 4917 4928 4942 4974 
4940 5 4895 4905 4930 4931 4951 
4941 7 4263 4281 4920 4926 4946 4947 4948 
4942 3 4917 4939 4974 
4943 7 4891 4897 4915 4947 4954 4964 4970 
4944 8 4890 4896 4920 4925 4932 4947 4964 4968 
4945 3 4953 4955 5296 
4946 5 4281 4926 4938 4941 4969 
4947 7 4915 4920 4941 4943 4944 4948 4964 
4948 6 4232 4263 4915 4941 4947 4976 
4949 6 4898 4904 4927 4961 4972 4977 
4950 5 4908 4924 4965 5298 5329 
4951 7 4895 4901 4905 4921 4940 4956 4979 
4952 5 4272 4274 4918 4933 4959 
4953 5 4916 4922 4945 4955 5296 
4954 6 4891 4914 4934 4943 4963 4970 
4955 6 4913 4922 4945 4953 4957 4973 
4956 8 4890 4895 4903 4921 4936 4951 4973 4979 
4957 4 4909 4913 4922 4955 
4958 8 4892 4899 4907 4911 4914 4916 4935 5296 
4959 4 4274 4912 4918 4952 
4960 3 4910 4923 4980 
4961 4 4272 4927 4949 4977 
4962 6 3646 3703 3721 3758 4898 4906 
4963 5 4908 4914 4929 4934 4954 
4964 6 4897 4936 4943 4944 4947 4968 
4965 8 4232 4891 4908 4934 4950 4976 5298 5329 
4966 4 4890 4921 4925 4979 
4967 6 4917 4921 4925 4928 4971 4978 
4968 4 4890 4936 4944 4964 
4969 4 4281 4912 4938 4946 
4970 6 4897 4909 4911 4914 4943 4954 
4971 3 4917 4921 4967 
4972 6 4898 4904 4906 4949 4975 7736 
4973 6 4895 4903 4913 4930 4955 4956 
4974 4 4910 4939 4942 4980 
4975 8 4904 4923 4933 4937 4972 4981 7729 7736 
4976 5 4232 4891 4915 4948 4965 
4977 5 3703 4272 4898 4949 4961 
4978 6 4896 4925 4928 4932 4938 4967 
4979 5 4890 4921 4951 4956 4966 
4980 3 4910 4960 4974 
4981 6 4910 4918 4923 4928 4933 4975 
4982 8 4258 4992 5008 5009 5010 5029 5054 5058 
4983 9 3642 3720 3770 3817 4996 5013 5014 5018 5048 
4984 5 3706 3715 4993 5026 5031 
4985 3 4997 5001 5006 
4986 5 5007 5040 5049 5053 5054 
4987 4 5013 5021 5041 5047 
4988 6 4998 4999 5004 5010 5056 5058 
4989 7 3715 5017 5024 5027 5776 5783 5849 
4990 4 5021 5030 5046 5057 
4991 7 4997 5007 5011 5032 5035 5040 5050 
4992 6 3791 4982 5003 5009 5049 5054 
4993 6 3715 4984 5017 5024 5026 5037 
4994 3 5000 5026 5037 
4995 3 5001 5005 5006 
4996 6 3696 3720 4983 5030 5031 5048 
4997 5 4985 4991 5001 5011 5050 
4998 6 4273 4988 5004 5051 5055 5056 
4999 4 4988 5004 5022 5058 
5000 4 4994 5026 5030 5057 
5001 7 4985 4995 4997 5005 5006 5011 5016 
5002 4 5015 5020 5032 5040 
5003 6 3709 3710 3711 3791 4992 5009 
5004 4 4988 4998 4999 5051 
5005 6 4995 5001 5016 5046 5047 5057 
5006 3 4985 4995 5001 
5007 9 4986 4991 5025 5033 5035 5040 5045 5053 5059 
5008 6 4241 4258 4982 5029 5042 5043 
5009 8 3641 3711 4241 4257 4258 4982 4992 5003 
5010 6 4982 4988 5029 5042 5056 5058 
5011 5 4991 4997 5001 5016 5035 
5012 5 5018 5023 5025 5041 5047 
5013 7 4983 4987 5018 5021 5030 5041 5048 
5014 7 3739 3757 3817 4983 5018 5034 5039 
5015 5 5002 5022 5040 5054 5058 
5016 6 5001 5005 5011 5025 5035 5047 
5017 7 4989 4993 5024 5027 5028 5036 5037 
5018 9 4983 5012 5013 5014 5019 5025 5038 5039 5041 
5019 5 5018 5034 5038 5039 5045 
5020 3 5002 5032 5050 
5021 7 4987 4990 5013 5030 5046 5047 5057 
5022 3 4999 5015 5058 
5023 2 5012 5047 
5024 4 3715 4989 4993 5017 
5025 8 5007 5012 5016 5018 5035 5038 5045 5047 
5026 7 4984 4993 4994 5000 5030 5031 5037 
5027 4 4989 5017 5028 5849 
5028 8 5017 5027 5036 5794 5795 5810 5849 5856 
5029 4 4982 5008 5010 5042 
5030 9 4990 4996 5000 5013 5021 5026 5031 5048 5057 
5031 7 3631 3696 3706 4984 4996 5026 5030 
5032 5 4991 5002 5020 5040 5050 
5033 5 5007 5034 5045 5053 5059 
5034 7 3739 5014 5019 5033 5039 5045 5053 
5035 5 4991 5007 5011 5016 5025 
5036 3 5017 5028 5856 
5037 4 4993 4994 5017 5026 
5038 4 5018 5019 5025 5045 
5039 4 5014 5018 5019 5034 
5040 7 4986 4991 5002 5007 5015 5032 5054 
5041 5 4987 5012 5013 5018 5047 
5042 5 5008 5010 5029 5043 5056 
5043 5 4241 5008 5042 5052 5056 
5044 4 4270 4283 5052 5055 
5045 6 5007 5019 5025 5033 5034 5038 
5046 5 4990 5005 5021 5047 5057 
5047 10 4987 5005 5012 5016 5021 5023 5025 5041 5046 5057 
5048 4 4983 4996 5013 5030 
5049 7 3635 3739 3791 4986 4992 5053 5054 
5050 4 4991 4997 5020 5032 
5051 2 4998 5004 
5052 6 4241 4270 5043 5044 5055 5056 
5053 7 3739 4986 5007 5033 5034 5049 5059 
5054 7 4982 4986 4992 5015 5040 5049 5058 
5055 6 4273 4283 4998 5044 5052 5056 
5056 7 4988 4998 5010 5042 5043 5052 5055 
5057 7 4990 5000 5005 5021 5030 5046 5047 
5058 7 4982 4988 4999 5010 5015 5022 5054 
5059 3 5007 5033 5053 
5060 4 5072 5100 5119 5235 
5061 6 5099 5115 5217 5226 5232 5247 
5062 13 1405 1486 5063 5078 5086 5102 5150 5166 5182 5191 5853 5854 5855 
5063 6 1405 1454 5062 5125 5169 5191 
5064 6 5103 5164 5210 7260 7312 7450 
5065 5 5067 5161 5163 5177 5183 
5066 9 5157 5188 5202 5241 7301 7306 7377 7420 7456 
5067 8 5065 5070 5145 5161 5179 5183 5199 5225 
5068 8 1467 1468 5074 5104 5106 5153 5197 5213 
5069 4 5186 5217 5220 5246 
5070 12 1248 1373 5067 5109 5142 5193 5199 5201 5204 5218 5225 5242 
5071 5 5121 5152 5157 5188 5224 
5072 6 5060 5116 5119 5123 5235 7447 
5073 8 5087 5108 5117 5160 5176 5181 5198 5206 
5074 10 5068 5098 5104 5126 5128 5153 5197 5208 5213 5240 
5075 6 5113 5127 5136 5196 5200 5229 
5076 6 5100 5119 5140 5157 5202 5224 
5077 4 5099 5226 5231 5249 
5078 4 5062 5086 5182 5184 
5079 6 5087 5107 5144 5150 5170 5178 
5080 10 5119 5129 5140 5145 5155 5159 5179 5183 5224 5239 
5081 5 5095 5143 7336 7408 7466 
5082 3 1446 1486 5855 
5083 4 5092 5100 5143 5241 
5084 5 5118 5130 5142 5175 5193 
5085 7 5105 5123 5212 7315 7323 7444 7458 
5086 7 5062 5078 5102 5184 5250 5793 5853 
5087 10 5073 5079 5107 5108 5170 5178 5198 5206 5211 5215 
5088 3 5158 5174 5234 
5089 7 5091 5094 5101 5180 5227 5234 5238 
5090 5 5125 5154 5185 5189 5226 
5091 5 5089 5094 5101 5180 5228 
5092 6 5083 5095 5100 5143 5235 7321 
5093 4 5155 5228 5230 5248 
5094 9 5089 5091 5148 5186 5207 5220 5228 5238 5244 
5095 6 5081 5092 5143 7321 7408 7442 
5096 8 5102 5108 5111 5150 5156 5176 5192 5203 
5097 7 1371 1468 5104 5124 5213 7285 7311 
5098 4 5074 5208 5210 5213 
5099 6 5061 5077 5217 5226 5236 5249 
5100 8 5060 5076 5083 5092 5119 5202 5235 5241 
5101 10 5089 5091 5134 5162 5180 5187 5221 5230 5234 5248 
5102 14 3626 5062 5086 5096 5111 5147 5150 5165 5182 5184 5203 5209 5250 5857 
5103 9 5064 5110 5113 5127 5164 5200 5208 5210 7430 
5104 6 1468 5068 5074 5097 5124 5213 
5105 8 5085 5123 5141 5168 5187 5212 5214 5248 
5106 6 1376 1419 1466 5068 5153 5197 
5107 11 5079 5087 5112 5133 5144 5149 5150 5178 5215 5226 5237 
5108 8 5073 5087 5096 5117 5150 5170 5176 5198 
5109 8 1248 5070 5126 5153 5171 5201 5204 5218 
5110 5 5103 5164 7365 7390 7430 
5111 4 5096 5102 5150 5156 
5112 5 5107 5133 5149 5169 5195 
5113 9 5075 5103 5152 5188 5200 5229 7308 7377 7430 
5114 4 1198 1419 1501 5153 
5115 5 5061 5125 5189 5232 5247 
5116 6 5072 5119 5123 5141 5155 5248 
5117 7 3654 3815 5073 5108 5160 5176 5219 
5118 8 5084 5139 5161 5163 5175 5193 5199 5246 
5119 8 5060 5072 5076 5080 5100 5116 5140 5155 
5120 5 5129 5145 5152 5205 5222 
5121 5 5071 5129 5152 5224 5239 
5122 7 3611 3654 3776 5138 5192 5209 5219 
5123 8 5072 5085 5105 5116 5141 5235 7323 7447 
5124 8 5097 5104 5210 5213 7285 7298 7313 7415 
5125 15 1246 1335 1415 1454 1534 5063 5090 5115 5133 5154 5169 5185 5189 5195 5247 
5126 7 5074 5109 5128 5171 5197 5201 5216 
5127 5 5075 5103 5196 5200 5208 
5128 4 5074 5126 5201 5240 
5129 6 5080 5120 5121 5145 5152 5239 
5130 6 1316 1364 5084 5132 5142 5175 
5131 7 3654 3734 5134 5146 5162 5190 5234 
5132 6 1364 5130 5139 5151 5175 5247 
5133 7 5107 5112 5125 5144 5150 5169 5191 
5134 5 5101 5131 5146 5162 5234 
5135 4 5177 5220 5233 5244 
5136 7 5075 5152 5173 5196 5222 5225 5229 
5137 4 5155 5159 5183 5244 
5138 3 5122 5192 5219 
5139 5 5118 5132 5175 5246 5247 
5140 5 5076 5080 5119 5224 5239 
5141 4 5105 5116 5123 5248 
5142 7 1316 1373 5070 5084 5130 5193 5242 
5143 7 5081 5083 5092 5095 5241 7336 7342 
5144 5 5079 5107 5133 5150 5156 
5145 7 5067 5080 5120 5129 5179 5205 5225 
5146 6 3672 3681 3734 5131 5134 5162 
5147 3 5102 5182 5184 
5148 4 5094 5194 5207 5238 
5149 4 5107 5112 5195 5226 
5150 12 5062 5079 5096 5102 5107 5108 5111 5133 5144 5156 5170 5191 
5151 4 1335 1364 5132 5247 
5152 9 5071 5113 5120 5121 5129 5136 5188 5222 5229 
5153 17 1248 1376 1414 1419 1437 1467 1468 1489 1501 5068 5074 5106 5109 5114 5171 5197 5216 
5154 4 5090 5125 5195 5226 
5155 9 5080 5093 5116 5119 5137 5159 5228 5244 5248 
5156 4 5096 5111 5144 5150 
5157 6 5066 5071 5076 5188 5202 5224 
5158 7 5088 5172 5174 5181 5190 5223 5234 
5159 4 5080 5137 5155 5183 
5160 6 3815 5073 5117 5167 5181 5245 
5161 5 5065 5067 5118 5163 5199 
5162 7 3672 5101 5131 5134 5146 5214 5221 
5163 5 5065 5118 5161 5177 5246 
5164 5 5064 5103 5110 7312 7365 
5165 2 5102 5250 
5166 3 1486 5062 5855 
5167 5 5160 5181 5190 5223 5245 
5168 4 5105 5187 5214 5221 
5169 6 5063 5112 5125 5133 5191 5195 
5170 4 5079 5087 5108 5150 
5171 4 5109 5126 5153 5216 
5172 5 5158 5174 5181 5194 5249 
5173 5 5136 5196 5208 5225 5240 
5174 6 5088 5158 5172 5194 5227 5234 
5175 5 5084 5118 5130 5132 5139 
5176 6 5073 5096 5108 5117 5192 5219 
5177 7 5065 5135 5163 5183 5233 5244 5246 
5178 4 5079 5087 5107 5215 
5179 4 5067 5080 5145 5183 
5180 5 5089 5091 5101 5228 5230 
5181 10 5073 5158 5160 5167 5172 5206 5211 5223 5237 5249 
5182 5 5062 5078 5102 5147 5184 
5183 8 5065 5067 5080 5137 5159 5177 5179 5244 
5184 5 5078 5086 5102 5147 5182 
5185 3 5090 5125 5189 
5186 6 5069 5094 5207 5217 5220 5236 
5187 5 5101 5105 5168 5221 5248 
5188 6 5066 5071 5113 5152 5157 7377 
5189 6 5090 5115 5125 5185 5226 5232 
5190 8 3654 3815 5131 5158 5167 5223 5234 5245 
5191 5 5062 5063 5133 5150 5169 
5192 7 5096 5122 5138 5176 5203 5209 5219 
5193 5 5070 5084 5118 5142 5199 
5194 7 5148 5172 5174 5207 5227 5238 5249 
5195 6 5112 5125 5149 5154 5169 5226 
5196 5 5075 5127 5136 5173 5208 
5197 7 1376 5068 5074 5106 5126 5153 5216 
5198 3 5073 5087 5108 
5199 5 5067 5070 5118 5161 5193 
5200 4 5075 5103 5113 5127 
5201 6 5070 5109 5126 5128 5225 5240 
5202 5 5066 5076 5100 5157 5241 
5203 4 5096 5102 5192 5209 
5204 4 1248 5070 5109 5218 
5205 4 5120 5145 5222 5225 
5206 4 5073 5087 5181 5211 
5207 6 5094 5148 5186 5194 5236 5249 
5208 8 5074 5098 5103 5127 5173 5196 5210 5240 
5209 7 3626 3776 5102 5122 5192 5203 5857 
5210 9 5064 5098 5103 5124 5208 5213 7260 7298 7415 
5211 5 5087 5181 5206 5215 5237 
5212 5 5085 5105 5214 7399 7444 
5213 7 5068 5074 5097 5098 5104 5124 5210 
5214 8 3672 3681 5105 5162 5168 5212 5221 7399 
5215 6 5087 5107 5178 5211 5226 5237 
5216 5 1376 5126 5153 5171 5197 
5217 7 5061 5069 5099 5186 5236 5246 5247 
5218 3 5070 5109 5204 
5219 6 3654 5117 5122 5138 5176 5192 
5220 7 5069 5094 5135 5186 5233 5244 5246 
5221 6 5101 5162 5168 5187 5214 5248 
5222 5 5120 5136 5152 5205 5225 
5223 4 5158 5167 5181 5190 
5224 7 5071 5076 5080 5121 5140 5157 5239 
5225 9 5067 5070 5136 5145 5173 5201 5205 5222 5240 
5226 13 5061 5077 5090 5099 5107 5149 5154 5189 5195 5215 5231 5232 5237 
5227 5 5089 5174 5194 5234 5238 
5228 7 5091 5093 5094 5155 5180 5230 5244 
5229 4 5075 5113 5136 5152 
5230 5 5093 5101 5180 5228 5248 
5231 4 5077 5226 5237 5249 
5232 4 5061 5115 5189 5226 
5233 4 5135 5177 5220 5246 
5234 9 5088 5089 5101 5131 5134 5158 5174 5190 5227 
5235 7 5060 5072 5092 5100 5123 7321 7447 
5236 5 5099 5186 5207 5217 5249 
5237 7 5107 5181 5211 5215 5226 5231 5249 
5238 5 5089 5094 5148 5194 5227 
5239 5 5080 5121 5129 5140 5224 
5240 6 5074 5128 5173 5201 5208 5225 
5241 7 5066 5083 5100 5143 5202 7342 7456 
5242 3 1373 5070 5142 
5243 3 1414 1489 1527 
5244 8 5094 5135 5137 5155 5177 5183 5220 5228 
5245 4 3815 5160 5167 5190 
5246 9 5069 5118 5139 5163 5177 5217 5220 5233 5247 
5247 9 1335 5061 5115 5125 5132 5139 5151 5217 5246 
5248 9 5093 5101 5105 5116 5141 5155 5187 5221 5230 
5249 9 5077 5099 5172 5181 5194 5207 5231 5236 5237 
5250 7 5086 5102 5165 5793 5811 5814 5857 
5251 2 5255 5259 
5252 4 5261 5269 5272 5281 
5253 3 5257 5267 5280 
5254 2 5268 5274 
5255 6 5251 5259 5263 5270 5275 5282 
5256 4 5258 5263 5266 5277 
5257 4 5253 5265 5267 5280 
5258 4 5256 5263 5277 5282 
5259 4 5251 5255 5263 5273 
5260 1 5274 
5261 3 5252 5276 5281 
5262 3 5269 5270 5275 
5263 7 5255 5256 5258 5259 5273 5275 5282 
5264 1 5267 
5265 2 5257 5280 
5266 4 5256 5271 5276 5277 
5267 3 5253 5257 5264 
5268 4 5254 5274 5278 5279 
5269 6 5252 5262 5272 5275 5281 5283 
5270 3 5255 5262 5275 
5271 5 5266 5276 5277 5281 5283 
5272 3 5252 5269 5281 
5273 2 5259 5263 
5274 4 5254 5260 5268 5279 
5275 7 5255 5262 5263 5269 5270 5282 5283 
5276 4 5261 5266 5271 5281 
5277 6 5256 5258 5266 5271 5282 5283 
5278 3 5268 5279 5284 
5279 4 5268 5274 5278 5284 
5280 3 5253 5257 5265 
5281 7 5252 5261 5269 5271 5272 5276 5283 
5282 6 5255 5258 5263 5275 5277 5283 
5283 6 5269 5271 5275 5277 5281 5282 
5284 2 5278 5279 
5285 3 5293 5296 5316 
5286 6 5291 5310 5314 5320 5322 5323 
5287 4 5303 5317 5318 5336 
5288 3 5292 5308 5311 
5289 7 5294 5297 5314 5322 5338 5342 5343 
5290 3 5309 5328 5343 
5291 6 5286 5297 5299 5314 5320 5345 
5292 2 5288 5311 
5293 7 4935 5285 5295 5296 5312 5316 5332 
5294 3 5289 5338 5342 
5295 6 4893 4907 4935 5293 5301 5312 
5296 7 4916 4935 4945 4953 4958 5285 5293 
5297 5 5289 5291 5299 5314 5338 
5298 5 4924 4950 4965 5306 5329 
5299 11 2138 2189 2206 2213 5291 5297 5300 5326 5334 5338 5345 
5300 7 4900 4924 5299 5306 5307 5334 5345 
5301 7 4893 5295 5307 5312 5319 5325 5335 
5302 6 2203 4226 4262 5306 5329 5341 
5303 6 5287 5317 5321 5336 5337 5339 
5304 1 5333 
5305 1 5330 
5306 8 4900 4924 5298 5300 5302 5329 5334 5341 
5307 6 4893 4900 5300 5301 5325 5345 
5308 4 5288 5311 5320 5340 
5309 5 5290 5310 5323 5328 5333 
5310 6 5286 5309 5322 5323 5328 5343 
5311 4 5288 5292 5308 5340 
5312 7 5293 5295 5301 5313 5319 5324 5332 
5313 2 5312 5324 
5314 6 5286 5289 5291 5297 5320 5322 
5315 5 5319 5321 5324 5327 5339 
5316 4 5285 5293 5324 5332 
5317 3 5287 5303 5339 
5318 3 5287 5330 5336 
5319 6 5301 5312 5315 5324 5327 5335 
5320 9 5286 5291 5308 5314 5323 5325 5335 5340 5345 
5321 6 5303 5315 5324 5331 5337 5339 
5322 5 5286 5289 5310 5314 5343 
5323 5 5286 5309 5310 5320 5333 
5324 8 5312 5313 5315 5316 5319 5321 5331 5332 
5325 5 5301 5307 5320 5335 5345 
5326 3 2189 5299 5338 
5327 4 5315 5319 5335 5339 
5328 4 5290 5309 5310 5343 
5329 9 4226 4232 4239 4282 4950 4965 5298 5302 5306 
5330 3 5305 5318 5336 
5331 4 5321 5324 5332 5337 
5332 6 5293 5312 5316 5324 5331 5337 
5333 3 5304 5309 5323 
5334 5 2138 5299 5300 5306 5341 
5335 5 5301 5319 5320 5325 5327 
5336 5 5287 5303 5318 5330 5337 
5337 5 5303 5321 5331 5332 5336 
5338 8 2158 2189 2196 5289 5294 5297 5299 5326 
5339 5 5303 5315 5317 5321 5327 
5340 3 5308 5311 5320 
5341 7 2132 2138 2203 2209 5302 5306 5334 
5342 3 5289 5294 5343 
5343 7 5289 5290 5310 5322 5328 5342 5344 
5344 1 5343 
5345 6 5291 5299 5300 5307 5320 5325 
5346 5 5408 5601 5617 5631 5642 
5347 7 1595 1678 1689 1699 5512 5634 5703 
5348 4 5592 5594 5613 5637 
5349 8 5373 5400 5496 5511 5608 5653 5686 5689 
5350 4 5360 5472 5477 5681 
5351 3 5356 5459 5586 
5352 8 417 580 628 5446 5500 5509 5563 5623 
5353 9 5366 5450 5454 5480 5513 5546 5648 5661 5677 
5354 6 5371 5431 5440 5447 5607 5647 
5355 9 1651 5403 5489 5507 5525 5527 5530 5544 5614 
5356 3 5351 5428 5586 
5357 7 5441 5443 5453 5480 5545 5575 5673 
5358 10 5390 5411 5418 5442 5492 5499 5532 5591 5657 5659 
5359 3 5515 5521 5706 
5360 4 5350 5681 5682 5684 
5361 4 5365 5407 5409 5538 
5362 10 5378 5553 5554 5559 5644 5649 5672 7660 7805 7817 
5363 6 5389 5403 5433 5596 5642 5646 
5364 4 5372 5379 5652 5704 
5365 9 5361 5383 5404 5409 5484 5495 5538 5582 5616 
5366 5 5353 5480 5546 5564 5655 
5367 6 5415 5421 5545 5560 5574 5683 
5368 7 5377 5385 5424 5523 5540 5602 5619 
5369 4 5437 5487 5583 5605 
5370 10 5401 5425 5467 5481 5518 5598 5609 5617 5640 5678 
5371 8 5354 5431 5447 5508 5514 5535 5588 5631 
5372 9 5364 5379 5498 5581 5618 5620 5652 5667 5705 
5373 6 5349 5511 5628 5653 7648 7826 
5374 6 5450 5475 5476 5493 5500 5546 
5375 5 5498 5501 5555 5620 7703 
5376 5 5383 5420 5567 5582 5700 
5377 7 5368 5410 5422 5523 5540 5602 5648 
5378 4 5362 5551 5644 5672 
5379 4 5364 5372 5620 5704 
5380 6 510 5475 5493 5570 5605 5641 
5381 6 5433 5438 5479 5614 5632 5680 
5382 3 5633 5634 5703 
5383 7 5365 5376 5443 5495 5537 5582 5700 
5384 5 5430 5469 5552 5607 5613 
5385 8 5368 5412 5417 5424 5449 5474 5599 5619 
5386 5 5393 5457 5490 5541 5646 
5387 6 5485 5608 5662 5665 5686 5701 
5388 7 5392 5434 5522 5603 5629 5675 5692 
5389 7 5363 5433 5438 5549 5596 5615 5664 
5390 12 597 1621 5358 5411 5416 5418 5465 5542 5547 5591 5610 5668 
5391 5 5402 5466 5534 5565 5636 
5392 7 5388 5435 5491 5504 5552 5603 5629 
5393 7 5386 5425 5541 5601 5609 5642 5646 
5394 5 5463 5487 5531 5565 5583 
5395 5 5445 5467 5514 5595 5688 
5396 9 5414 5423 5440 5451 5468 5488 5497 5597 5630 
5397 5 5435 5469 5552 5698 5702 
5398 2 5592 5682 
5399 5 5421 5505 5510 5545 5574 
5400 5 5349 5496 5590 5608 5691 
5401 5 5370 5445 5467 5481 5569 
5402 7 5391 5454 5513 5534 5536 5540 5636 
5403 8 5355 5363 5433 5508 5530 5544 5588 5642 
5404 4 5365 5484 5582 5697 
5405 4 5471 5486 5543 5624 
5406 7 5515 5522 5571 5662 5665 5692 5706 
5407 8 5361 5409 5429 5538 5568 5602 5622 5687 
5408 5 5346 5467 5514 5617 5631 
5409 9 5361 5365 5407 5410 5495 5506 5568 5616 5677 
5410 7 5377 5409 5422 5506 5568 5648 5677 
5411 5 5358 5390 5547 5656 5657 
5412 6 5385 5417 5424 5474 5518 5598 
5413 4 5462 5516 5663 5667 
5414 4 5396 5423 5459 5497 
5415 7 5367 5420 5560 5584 5683 5699 5707 
5416 9 597 1621 1639 1650 1726 5390 5418 5542 5591 
5417 6 5385 5412 5517 5598 5599 5640 
5418 5 1621 5358 5390 5416 5591 
5419 7 467 481 5556 5643 5676 7316 7794 
5420 10 5376 5415 5460 5567 5584 5676 5699 5700 7621 7794 
5421 7 443 456 5367 5399 5510 5560 5574 
5422 5 5377 5410 5568 5602 5622 
5423 7 5396 5414 5440 5451 5459 5477 5600 
5424 17 5368 5385 5412 5449 5461 5474 5483 5518 5558 5581 5599 5602 5618 5619 5670 5679 5705 
5425 8 5370 5393 5541 5601 5609 5617 5669 5678 
5426 5 5456 5463 5470 5487 5627 
5427 3 5525 5614 5632 
5428 5 5356 5468 5550 5562 5586 
5429 7 5407 5484 5538 5566 5606 5672 5687 
5430 8 5384 5440 5595 5600 5607 5613 5681 5684 
5431 4 5354 5371 5514 5607 
5432 5 5507 5524 5527 5639 5680 
5433 7 5363 5381 5389 5403 5438 5544 5614 
5434 5 5388 5521 5522 5675 5706 
5435 9 5392 5397 5455 5469 5485 5552 5603 5692 5702 
5436 5 1559 1568 5499 5532 5572 
5437 8 510 5369 5486 5487 5589 5605 5624 5641 
5438 6 5381 5389 5433 5479 5664 5680 
5439 9 5445 5458 5481 5577 5585 5611 5621 5685 5693 
5440 12 5354 5396 5423 5430 5451 5561 5600 5607 5633 5634 5647 5703 
5441 4 5357 5545 5575 5650 
5442 7 5358 5444 5492 5526 5580 5639 5659 
5443 6 5357 5383 5453 5495 5537 5673 
5444 7 5442 5492 5526 5580 5612 5625 5656 
5445 8 5395 5401 5439 5467 5481 5569 5585 5688 
5446 5 489 628 5352 5493 5500 
5447 4 5354 5371 5535 5647 
5448 8 5452 5482 5501 5517 5611 5640 5690 5694 
5449 6 5385 5424 5474 5558 5602 5679 
5450 5 5353 5374 5454 5476 5546 
5451 6 5396 5423 5440 5488 5512 5561 
5452 5 5448 5611 5621 5693 5694 
5453 6 5357 5443 5480 5495 5506 5677 
5454 6 5353 5402 5450 5476 5513 5636 
5455 4 5435 5485 5662 5692 
5456 8 5426 5463 5470 5490 5528 5627 5635 5651 
5457 6 5386 5490 5503 5549 5615 5646 
5458 6 5439 5577 5590 5654 5685 5691 
5459 7 5351 5414 5423 5472 5477 5497 5586 
5460 5 5420 5553 5559 5567 7621 
5461 5 5424 5558 5581 5667 5679 
5462 5 5413 5652 5660 5663 5667 
5463 7 5394 5426 5456 5487 5520 5565 5635 
5464 1 5491 
5465 6 5390 5494 5502 5610 5638 5668 
5466 5 5391 5519 5565 5570 5636 
5467 9 5370 5395 5401 5408 5445 5481 5514 5569 5617 
5468 7 5396 5428 5497 5562 5573 5586 5597 
5469 6 5384 5397 5435 5552 5607 5698 
5470 7 5426 5456 5471 5487 5587 5627 5658 
5471 7 5405 5470 5486 5487 5502 5543 5587 
5472 3 5350 5459 5477 
5473 6 5505 5563 5564 5623 5650 5655 
5474 7 5385 5412 5424 5449 5558 5599 5619 
5475 5 5374 5380 5476 5493 5570 
5476 6 5374 5450 5454 5475 5570 5636 
5477 6 5350 5423 5459 5472 5600 5681 
5478 5 496 510 586 5548 5589 
5479 7 5381 5438 5524 5526 5625 5664 5680 
5480 8 5353 5357 5366 5453 5564 5575 5650 5677 
5481 8 5370 5401 5439 5445 5467 5569 5611 5640 
5482 7 5448 5501 5654 5685 5693 5694 5695 
5483 5 5424 5517 5599 5670 5690 
5484 6 5365 5404 5429 5538 5566 5697 
5485 6 5387 5435 5455 5662 5701 5702 
5486 5 5405 5437 5471 5487 5624 
5487 10 5369 5394 5426 5437 5463 5470 5471 5486 5583 5587 
5488 4 5396 5451 5512 5630 
5489 5 1585 1651 5355 5507 5639 
5490 7 5386 5456 5457 5503 5528 5541 5635 
5491 6 5392 5464 5504 5594 5629 5637 
5492 5 5358 5442 5444 5656 5657 
5493 8 392 489 510 5374 5380 5446 5475 5500 
5494 7 400 563 597 5465 5542 5638 5668 
5495 6 5365 5383 5409 5443 5453 5677 
5496 4 5349 5400 5511 5590 
5497 5 5396 5414 5459 5468 5586 
5498 7 5372 5375 5501 5618 5620 5670 5690 
5499 8 1545 1559 1759 5358 5436 5532 5639 5659 
5500 7 5352 5374 5446 5493 5546 5563 5655 
5501 10 5375 5448 5482 5498 5690 5695 7592 7595 7624 7703 
5502 7 5465 5471 5543 5579 5587 5610 5638 
5503 5 5457 5490 5528 5615 5651 
5504 6 5392 5491 5552 5594 5613 5637 
5505 7 5399 5473 5510 5545 5604 5623 5650 
5506 4 5409 5410 5453 5677 
5507 5 5355 5432 5489 5527 5639 
5508 7 5371 5403 5530 5535 5588 5633 5647 
5509 4 417 5352 5604 5623 
5510 7 406 456 485 5399 5421 5505 5604 
5511 6 5349 5373 5496 5529 5590 5628 
5512 7 1699 5347 5451 5488 5561 5630 5703 
5513 5 5353 5402 5454 5540 5661 
5514 8 5371 5395 5408 5431 5467 5595 5607 5631 
5515 5 5359 5406 5571 5578 5706 
5516 9 5413 5533 5551 5557 5663 5667 5672 5679 5687 
5517 7 5417 5448 5483 5599 5611 5640 5690 
5518 7 5370 5412 5424 5598 5619 5669 5678 
5519 4 5466 5531 5565 5570 
5520 7 5463 5534 5541 5565 5619 5635 5671 
5521 4 5359 5434 5675 5706 
5522 5 5388 5406 5434 5692 5706 
5523 3 5368 5377 5540 
5524 6 5432 5479 5526 5580 5639 5680 
5525 6 5355 5427 5527 5614 5632 5680 
5526 6 5442 5444 5479 5524 5580 5625 
5527 5 5355 5432 5507 5525 5680 
5528 4 5456 5490 5503 5651 
5529 7 5511 5590 5628 5695 7624 7754 7756 
5530 6 1651 5355 5403 5508 5633 5634 
5531 6 5394 5519 5565 5570 5583 5605 
5532 6 1568 5358 5436 5499 5572 5591 
5533 4 5516 5606 5672 5687 
5534 6 5391 5402 5520 5536 5565 5619 
5535 5 5371 5447 5508 5633 5647 
5536 4 5402 5534 5540 5619 
5537 5 5383 5443 5673 5699 5700 
5538 6 5361 5365 5407 5429 5484 5687 
5539 4 5585 5688 5701 5702 
5540 9 5368 5377 5402 5513 5523 5536 5619 5648 5661 
5541 8 5386 5393 5425 5490 5520 5635 5669 5671 
5542 5 597 5390 5416 5494 5668 
5543 5 5405 5471 5502 5624 5638 
5544 4 5355 5403 5433 5614 
5545 9 5357 5367 5399 5441 5505 5574 5650 5673 5683 
5546 6 5353 5366 5374 5450 5500 5655 
5547 5 5390 5411 5579 5610 5656 
5548 6 466 586 619 5478 5589 5645 
5549 5 5389 5457 5596 5615 5646 
5550 4 1616 1748 5428 5562 
5551 6 5378 5516 5557 5644 5649 5672 
5552 10 5384 5392 5397 5435 5469 5504 5595 5607 5613 5698 
5553 7 5362 5460 5554 5559 5567 5582 5697 
5554 4 5362 5553 5672 5697 
5555 7 5375 5620 5626 5660 5704 7592 7703 
5556 5 467 5419 5584 5676 5707 
5557 5 5516 5551 5644 5649 5663 
5558 5 5424 5449 5461 5474 5581 
5559 5 5362 5460 5553 7621 7805 
5560 6 443 5367 5415 5421 5593 5707 
5561 4 5440 5451 5512 5703 
5562 8 1547 1616 1627 1707 5428 5468 5550 5573 
5563 5 5352 5473 5500 5623 5655 
5564 5 5366 5473 5480 5650 5655 
5565 9 5391 5394 5463 5466 5519 5520 5531 5534 5583 
5566 4 5429 5484 5672 5697 
5567 5 5376 5420 5460 5553 5582 
5568 5 5407 5409 5410 5422 5622 
5569 4 5401 5445 5467 5481 
5570 8 5380 5466 5475 5476 5519 5531 5605 5636 
5571 6 5406 5515 5578 5665 5674 5689 
5572 4 1568 5436 5532 5591 
5573 6 1627 1714 5468 5562 5597 5696 
5574 4 5367 5399 5421 5545 
5575 4 5357 5441 5480 5650 
5576 4 5577 5585 5691 5701 
5577 5 5439 5458 5576 5585 5691 
5578 3 5515 5571 5689 
5579 6 5502 5547 5587 5610 5656 5666 
5580 5 5442 5444 5524 5526 5639 
5581 6 5372 5424 5461 5558 5667 5705 
5582 7 5365 5376 5383 5404 5553 5567 5697 
5583 6 5369 5394 5487 5531 5565 5605 
5584 5 5415 5420 5556 5676 5707 
5585 7 5439 5445 5539 5576 5577 5688 5701 
5586 6 5351 5356 5428 5459 5468 5497 
5587 7 5470 5471 5487 5502 5579 5658 5666 
5588 5 5371 5403 5508 5631 5642 
5589 7 491 510 5437 5478 5548 5624 5645 
5590 8 5400 5458 5496 5511 5529 5654 5691 5695 
5591 8 1568 1621 5358 5390 5416 5418 5532 5572 
5592 4 5348 5398 5613 5682 
5593 5 443 467 557 5560 5707 
5594 5 5348 5491 5504 5613 5637 
5595 7 5395 5430 5514 5552 5607 5688 5698 
5596 4 5363 5389 5549 5646 
5597 6 1615 5396 5468 5573 5630 5696 
5598 5 5370 5412 5417 5518 5640 
5599 6 5385 5417 5424 5474 5483 5517 
5600 5 5423 5430 5440 5477 5681 
5601 6 5346 5393 5425 5609 5617 5642 
5602 9 5368 5377 5407 5422 5424 5449 5622 5679 5687 
5603 4 5388 5392 5435 5692 
5604 6 417 485 5505 5509 5510 5623 
5605 7 5369 5380 5437 5531 5570 5583 5641 
5606 4 5429 5533 5672 5687 
5607 10 5354 5384 5430 5431 5440 5469 5514 5552 5595 5647 
5608 6 5349 5387 5400 5686 5691 5701 
5609 5 5370 5393 5425 5601 5678 
5610 6 5390 5465 5502 5547 5579 5668 
5611 7 5439 5448 5452 5481 5517 5621 5640 
5612 7 5444 5615 5625 5627 5651 5656 5664 
5613 9 5348 5384 5430 5504 5552 5592 5594 5682 5684 
5614 7 5355 5381 5427 5433 5525 5544 5632 
5615 7 5389 5457 5503 5549 5612 5651 5664 
5616 2 5365 5409 
5617 6 5346 5370 5408 5425 5467 5601 
5618 5 5372 5424 5498 5670 5705 
5619 11 5368 5385 5424 5474 5518 5520 5534 5536 5540 5669 5671 
5620 6 5372 5375 5379 5498 5555 5704 
5621 4 5439 5452 5611 5693 
5622 4 5407 5422 5568 5602 
5623 6 5352 5473 5505 5509 5563 5604 
5624 7 491 5405 5437 5486 5543 5589 5638 
5625 5 5444 5479 5526 5612 5664 
5626 5 5555 5660 7592 7692 7724 
5627 8 5426 5456 5470 5612 5651 5656 5658 5666 
5628 5 5373 5511 5529 7756 7826 
5629 4 5388 5392 5491 5675 
5630 6 1615 1699 5396 5488 5512 5597 
5631 6 5346 5371 5408 5514 5588 5642 
5632 5 5381 5427 5525 5614 5680 
5633 8 5382 5440 5508 5530 5535 5634 5647 5703 
5634 9 1595 1651 5347 5382 5440 5530 5633 5647 5703 
5635 5 5456 5463 5490 5520 5541 
5636 6 5391 5402 5454 5466 5476 5570 
5637 4 5348 5491 5504 5594 
5638 9 491 535 563 5465 5494 5502 5543 5624 5668 
5639 10 1585 1759 5432 5442 5489 5499 5507 5524 5580 5659 
5640 7 5370 5417 5448 5481 5517 5598 5611 
5641 4 510 5380 5437 5605 
5642 8 5346 5363 5393 5403 5588 5601 5631 5646 
5643 4 5419 7316 7413 7794 
5644 5 5362 5378 5551 5557 5649 
5645 6 466 476 479 491 5548 5589 
5646 7 5363 5386 5393 5457 5549 5596 5642 
5647 8 5354 5440 5447 5508 5535 5607 5633 5634 
5648 6 5353 5377 5410 5540 5661 5677 
5649 9 5362 5551 5557 5644 5660 5663 7642 7680 7817 
5650 7 5441 5473 5480 5505 5545 5564 5575 
5651 6 5456 5503 5528 5612 5615 5627 
5652 6 5364 5372 5462 5660 5667 5704 
5653 4 5349 5373 5689 7648 
5654 5 5458 5482 5590 5685 5695 
5655 6 5366 5473 5500 5546 5563 5564 
5656 9 5411 5444 5492 5547 5579 5612 5627 5657 5666 
5657 4 5358 5411 5492 5656 
5658 4 5470 5587 5627 5666 
5659 4 5358 5442 5499 5639 
5660 9 5462 5555 5626 5649 5652 5663 5704 7642 7692 
5661 4 5353 5513 5540 5648 
5662 6 5387 5406 5455 5485 5665 5692 
5663 6 5413 5462 5516 5557 5649 5660 
5664 6 5389 5438 5479 5612 5615 5625 
5665 6 5387 5406 5571 5662 5674 5686 
5666 5 5579 5587 5627 5656 5658 
5667 8 5372 5413 5461 5462 5516 5581 5652 5679 
5668 6 5390 5465 5494 5542 5610 5638 
5669 6 5425 5518 5541 5619 5671 5678 
5670 5 5424 5483 5498 5618 5690 
5671 4 5520 5541 5619 5669 
5672 10 5362 5378 5429 5516 5533 5551 5554 5566 5606 5697 
5673 6 5357 5443 5537 5545 5683 5699 
5674 4 5571 5665 5686 5689 
5675 4 5388 5434 5521 5629 
5676 5 5419 5420 5556 5584 7794 
5677 8 5353 5409 5410 5453 5480 5495 5506 5648 
5678 5 5370 5425 5518 5609 5669 
5679 7 5424 5449 5461 5516 5602 5667 5687 
5680 8 5381 5432 5438 5479 5524 5525 5527 5632 
5681 6 5350 5360 5430 5477 5600 5684 
5682 5 5360 5398 5592 5613 5684 
5683 5 5367 5415 5545 5673 5699 
5684 5 5360 5430 5613 5681 5682 
5685 5 5439 5458 5482 5654 5693 
5686 6 5349 5387 5608 5665 5674 5689 
5687 8 5407 5429 5516 5533 5538 5602 5606 5679 
5688 7 5395 5445 5539 5585 5595 5698 5702 
5689 7 5349 5571 5578 5653 5674 5686 7648 
5690 6 5448 5483 5498 5501 5517 5670 
5691 7 5400 5458 5576 5577 5590 5608 5701 
5692 7 5388 5406 5435 5455 5522 5603 5662 
5693 6 5439 5452 5482 5621 5685 5694 
5694 4 5448 5452 5482 5693 
5695 6 5482 5501 5529 5590 5654 7624 
5696 4 1615 1714 5573 5597 
5697 7 5404 5484 5553 5554 5566 5582 5672 
5698 6 5397 5469 5552 5595 5688 5702 
5699 6 5415 5420 5537 5673 5683 5700 
5700 5 5376 5383 5420 5537 5699 
5701 8 5387 5485 5539 5576 5585 5608 5691 5702 
5702 7 5397 5435 5485 5539 5688 5698 5701 
5703 7 5347 5382 5440 5512 5561 5633 5634 
5704 6 5364 5379 5555 5620 5652 5660 
5705 4 5372 5424 5581 5618 
5706 6 5359 5406 5434 5515 5521 5522 
5707 6 467 5415 5556 5560 5584 5593 
5708 4 5713 5726 5733 5759 
5709 2 5728 5757 
5710 3 5728 5743 5757 
5711 4 5718 5727 5733 5746 
5712 3 5719 5724 5733 
5713 3 5708 5742 5759 
5714 3 5723 5734 5740 
5715 3 5716 5734 5744 
5716 3 5715 5734 5760 
5717 2 5747 5749 
5718 6 5711 5732 5739 5746 5748 5758 
5719 3 5712 5727 5733 
5720 2 5755 5761 
5721 3 5731 5734 5760 
5722 4 5729 5747 5749 5751 
5723 3 5714 5734 5736 
5724 4 5712 5733 5742 5759 
5725 3 5729 5733 5741 
5726 4 5708 5729 5733 5747 
5727 3 5711 5719 5733 
5728 4 5709 5710 5743 5757 
5729 5 5722 5725 5726 5733 5747 
5730 4 5739 5745 5750 5753 
5731 4 5721 5734 5752 5754 
5732 3 5718 5748 5758 
5733 15 5708 5711 5712 5719 5724 5725 5726 5727 5729 5735 5738 5741 5746 5747 5759 
5734 12 5714 5715 5716 5721 5723 5731 5736 5737 5740 5744 5754 5760 
5735 2 5733 5738 
5736 3 5723 5734 5754 
5737 3 5734 5740 5744 
5738 3 5733 5735 5741 
5739 5 5718 5730 5745 5748 5750 
5740 3 5714 5734 5737 
5741 3 5725 5733 5738 
5742 3 5713 5724 5759 
5743 2 5710 5728 
5744 3 5715 5734 5737 
5745 2 5730 5739 
5746 4 5711 5718 5733 5758 
5747 7 5717 5722 5726 5729 5733 5749 5751 
5748 4 5718 5732 5739 5750 
5749 4 5717 5722 5747 5751 
5750 3 5730 5739 5748 
5751 3 5722 5747 5749 
5752 2 5731 5754 
5753 1 5730 
5754 4 5731 5734 5736 5752 
5755 2 5720 5761 
5756 1 5757 
5757 4 5709 5710 5728 5756 
5758 3 5718 5732 5746 
5759 5 5708 5713 5724 5733 5742 
5760 3 5716 5721 5734 
5761 2 5720 5755 
5762 6 5773 5785 5821 5829 5837 5851 
5763 6 5791 5797 5799 5819 5828 5863 
5764 4 5765 5786 5787 5830 
5765 9 5764 5771 5782 5786 5787 5800 5807 5827 5847 
5766 4 5767 5790 5808 5840 
5767 5 5766 5772 5790 5804 5808 
5768 4 5806 5825 5828 5844 
5769 4 5777 5803 5813 5860 
5770 4 5784 5790 5792 5863 
5771 7 5765 5793 5807 5812 5831 5838 5847 
5772 4 5767 5804 5822 5823 
5773 6 5762 5802 5821 5827 5851 5852 
5774 7 5783 5795 5811 5814 5816 5824 5857 
5775 5 5824 5827 5847 5850 5852 
5776 6 3626 3715 4989 5783 5816 5857 
5777 5 5769 5813 5834 5836 5860 
5778 7 1193 1484 5788 5800 5826 5831 5838 
5779 5 5786 5802 5821 5830 5848 
5780 5 5813 5817 5835 5839 5860 
5781 6 5791 5797 7484 7547 7562 7563 
5782 5 5765 5786 5802 5827 5847 
5783 7 4989 5774 5776 5795 5810 5816 5849 
5784 4 5770 5796 5799 5863 
5785 4 5762 5829 5851 5852 
5786 7 5764 5765 5779 5782 5802 5830 5848 
5787 6 5764 5765 5800 5817 5830 5839 
5788 7 5778 5793 5820 5826 5838 5853 5854 
5789 6 5801 5803 5823 5825 5828 5845 
5790 6 5766 5767 5770 5792 5804 5840 
5791 6 5763 5781 5797 5819 7484 7563 
5792 6 5770 5790 5804 5823 5845 5863 
5793 9 5086 5250 5771 5788 5814 5838 5847 5850 5853 
5794 6 5028 5795 5824 5841 5852 5856 
5795 6 5028 5774 5783 5794 5810 5824 
5796 3 5784 5797 5799 
5797 5 5763 5781 5791 5796 5799 
5798 6 5803 5806 5809 5825 5835 5860 
5799 5 5763 5784 5796 5797 5863 
5800 10 1339 1484 5765 5778 5787 5807 5831 5832 5839 5858 
5801 3 5789 5803 5823 
5802 6 5773 5779 5782 5786 5821 5827 
5803 7 5769 5789 5798 5801 5809 5825 5860 
5804 5 5767 5772 5790 5792 5823 
5805 3 5813 5815 5846 
5806 6 5768 5798 5825 5828 5833 5835 
5807 6 5765 5771 5800 5812 5831 5838 
5808 3 5766 5767 5840 
5809 4 5798 5803 5835 5860 
5810 4 5028 5783 5795 5849 
5811 4 5250 5774 5814 5857 
5812 4 5771 5807 5831 5838 
5813 9 5769 5777 5780 5805 5815 5817 5834 5848 5860 
5814 6 5250 5774 5793 5811 5824 5850 
5815 5 5805 5813 5837 5846 5848 
5816 4 5774 5776 5783 5857 
5817 6 5780 5787 5813 5830 5839 5848 
5818 5 5819 5828 5844 7498 7527 
5819 7 5763 5791 5818 5828 5863 7498 7563 
5820 1 5788 
5821 6 5762 5773 5779 5802 5837 5848 
5822 2 5772 5823 
5823 7 5772 5789 5792 5801 5804 5822 5845 
5824 7 5774 5775 5794 5795 5814 5850 5852 
5825 6 5768 5789 5798 5803 5806 5828 
5826 6 1181 1193 1484 5778 5788 5854 
5827 7 5765 5773 5775 5782 5802 5847 5852 
5828 11 5763 5768 5789 5806 5818 5819 5825 5833 5844 5845 5863 
5829 2 5762 5785 
5830 6 5764 5779 5786 5787 5817 5848 
5831 6 5771 5778 5800 5807 5812 5838 
5832 4 1338 1339 5800 5858 
5833 9 1271 5806 5828 5835 5842 5843 5844 5858 5859 
5834 3 5777 5813 5836 
5835 9 5780 5798 5806 5809 5833 5839 5842 5860 5861 
5836 2 5777 5834 
5837 5 5762 5815 5821 5846 5848 
5838 7 5771 5778 5788 5793 5807 5812 5831 
5839 8 5780 5787 5800 5817 5835 5858 5859 5861 
5840 3 5766 5790 5808 
5841 3 5794 5852 5856 
5842 4 5833 5835 5859 5861 
5843 3 5833 5858 5859 
5844 9 1271 1337 1481 5768 5818 5828 5833 7498 7527 
5845 5 5789 5792 5823 5828 5863 
5846 3 5805 5815 5837 
5847 7 5765 5771 5775 5782 5793 5827 5850 
5848 8 5779 5786 5813 5815 5817 5821 5830 5837 
5849 5 4989 5027 5028 5783 5810 
5850 5 5775 5793 5814 5824 5847 
5851 4 5762 5773 5785 5852 
5852 8 5773 5775 5785 5794 5824 5827 5841 5851 
5853 5 5062 5086 5788 5793 5854 
5854 6 1181 5062 5788 5826 5853 5855 
5855 11 1180 1181 1209 1446 1484 1486 1541 5062 5082 5166 5854 
5856 4 5028 5036 5794 5841 
5857 8 3626 5102 5209 5250 5774 5776 5811 5816 
5858 8 1271 1338 5800 5832 5833 5839 5843 5859 
5859 6 5833 5839 5842 5843 5858 5861 
5860 8 5769 5777 5780 5798 5803 5809 5813 5835 
5861 4 5835 5839 5842 5859 
5862 3 7484 7498 7563 
5863 8 5763 5770 5784 5792 5799 5819 5828 5845 
5864 6 5954 5960 5965 6032 6052 6069 
5865 3 5893 5895 6042 
5866 4 5950 6000 6041 6068 
5867 7 5874 5896 5927 5939 5959 6030 6066 
5868 5 5871 5898 5958 5963 6009 
5869 3 5917 6023 6033 
5870 7 4366 4385 5945 5983 5998 6026 6043 
5871 3 5868 5958 5963 
5872 6 1286 1295 5876 5987 5988 6039 
5873 5 5877 5915 5955 5982 5991 
5874 6 5867 5901 5927 5939 5979 6002 
5875 5 5897 5942 5957 5973 7284 
5876 4 1286 1295 1350 5872 
5877 3 5873 5915 5955 
5878 7 5886 5892 5925 5948 5986 6033 6046 
5879 7 5880 5946 5954 5964 5965 6024 6069 
5880 5 5879 5884 5946 6024 6064 
5881 7 5883 5919 5998 6007 6026 6049 6055 
5882 6 4314 4354 5969 5993 5998 6004 
5883 4 5881 6005 6007 6049 
5884 10 5880 5890 5900 5901 5946 5952 6013 6024 6037 6064 
5885 8 2906 5918 5958 6010 6011 6255 6281 6313 
5886 6 5878 5892 5904 5986 6033 6035 
5887 6 4293 4405 5893 5931 6028 6040 
5888 3 5968 5980 6019 
5889 6 5898 5909 5912 5933 5996 6034 
5890 5 5884 5901 5974 5989 6024 
5891 5 5895 5931 5961 6032 6050 
5892 5 5878 5886 5904 5948 6010 
5893 7 5865 5887 5895 5931 5999 6028 6042 
5894 4 5919 5981 6045 6049 
5895 9 5865 5891 5893 5900 5926 5929 5931 6042 6050 
5896 8 5867 5899 5959 5981 6005 6030 6045 6057 
5897 6 5875 5937 5940 5942 5944 5957 
5898 7 5868 5889 5912 5933 5963 5978 6009 
5899 9 5896 5941 5944 5959 6005 6007 6023 6031 6033 
5900 7 5884 5895 5926 5928 5929 6013 6064 
5901 9 5874 5884 5890 5979 5985 5989 6002 6021 6037 
5902 8 5905 5906 5913 5941 5984 6031 6033 6053 
5903 5 4411 6004 6025 6029 6059 
5904 5 5886 5892 5911 6010 6035 
5905 5 5902 5906 5913 5943 6039 
5906 6 5902 5905 5908 5913 6039 6053 
5907 5 5917 6004 6025 6033 6056 
5908 5 5906 5988 6039 6046 6053 
5909 6 5889 5912 5934 5978 5996 6003 
5910 4 5911 5924 6029 6035 
5911 7 2908 5904 5910 6010 6012 6029 6035 
5912 4 5889 5898 5909 5978 
5913 7 5902 5905 5906 5943 5944 5984 6022 
5914 9 5932 5936 5938 5982 5989 6015 6027 6061 6063 
5915 11 393 442 538 5873 5877 5955 5966 5967 5982 6006 6017 
5916 5 4293 4397 5999 6036 6043 
5917 6 5869 5907 6023 6025 6033 6056 
5918 6 5885 5933 5958 6009 6010 6011 
5919 5 5881 5894 6026 6045 6049 
5920 18 5921 5935 5947 5950 5959 5985 5992 6001 6015 6016 6018 6021 6054 6066 7263 7281 7418 7440 
5921 7 5920 5932 5970 6008 6015 6054 7325 
5922 5 5974 5982 5991 5994 6024 
5923 6 393 542 5966 5975 6006 6017 
5924 5 5910 6025 6029 6033 6035 
5925 6 5878 5934 5948 5986 5987 6003 
5926 4 5895 5900 6013 6050 
5927 6 5867 5874 5929 5979 6030 6042 
5928 5 5900 5929 5979 6037 6064 
5929 6 5895 5900 5927 5928 5979 6042 
5930 13 532 548 4328 4358 4375 4420 5962 5990 5995 6020 6058 6067 6070 
5931 7 5887 5891 5893 5895 5961 6040 6044 
5932 6 5914 5921 5938 6008 6015 7325 
5933 7 5889 5898 5918 6009 6010 6011 6034 
5934 5 5909 5925 5948 5996 6003 
5935 4 5920 5950 5992 6000 
5936 6 5914 6027 6063 7259 7319 7373 
5937 6 5897 5940 5942 5944 6022 6041 
5938 5 5914 5932 6015 6061 7325 
5939 5 5867 5874 5985 6002 6066 
5940 5 5897 5937 5942 6041 6068 
5941 5 5899 5902 5944 5984 6031 
5942 7 5875 5897 5937 5940 5973 5992 6068 
5943 6 5905 5913 5944 6022 6039 6051 
5944 13 5897 5899 5913 5937 5941 5943 5957 5959 5984 6014 6022 6041 6051 
5945 5 4385 4465 5870 5969 5998 
5946 6 5879 5880 5884 5952 5965 6052 
5947 3 5920 6001 6018 
5948 7 5878 5892 5925 5934 5996 6010 6034 
5949 4 1286 1369 6003 6062 
5950 6 5866 5920 5935 5959 6000 6041 
5951 3 5952 6050 6052 
5952 6 5884 5946 5951 6013 6050 6052 
5953 4 5977 5990 6060 6065 
5954 6 5864 5879 5960 5965 5968 6069 
5955 7 5873 5877 5915 5967 5972 5991 6024 
5956 2 482 5980 
5957 7 5875 5897 5944 6014 7284 7378 7416 
5958 8 5868 5871 5885 5918 5963 6009 6255 6268 
5959 9 5867 5896 5899 5920 5944 5950 6030 6041 6066 
5960 6 5864 5954 5968 5977 6032 6065 
5961 5 5891 5931 6032 6044 6072 
5962 5 5930 6020 6032 6067 6070 
5963 10 1433 5868 5871 5898 5958 5976 5978 6048 6232 6268 
5964 4 5879 6019 6024 6069 
5965 5 5864 5879 5946 5954 6052 
5966 4 393 5915 5923 6006 
5967 6 383 460 538 5915 5955 6024 
5968 8 5888 5954 5960 5977 5980 6019 6060 6069 
5969 5 4354 4465 5882 5945 5998 
5970 5 5921 6054 7304 7325 7391 
5971 6 5993 5998 6007 6023 6055 6056 
5972 3 5955 5991 6024 
5973 4 5875 5942 5992 7284 
5974 5 5890 5922 5982 5989 6024 
5975 8 542 5923 6017 6027 6038 7262 7373 7393 
5976 7 1283 1341 1369 1433 5963 6048 6062 
5977 6 5953 5960 5968 6032 6060 6065 
5978 7 5898 5909 5912 5963 6003 6048 6062 
5979 6 5874 5901 5927 5928 5929 6037 
5980 9 383 482 566 5888 5956 5968 6019 6024 6060 
5981 6 5894 5896 6005 6045 6049 6057 
5982 9 5873 5914 5915 5922 5974 5989 5991 6006 6027 
5983 4 4366 4397 5870 6043 
5984 4 5902 5913 5941 5944 
5985 7 5901 5920 5939 6001 6002 6021 6066 
5986 5 5878 5886 5925 5987 6046 
5987 7 1286 5872 5925 5986 5988 6003 6046 
5988 6 5872 5908 5987 6003 6039 6046 
5989 7 5890 5901 5914 5974 5982 6015 6021 
5990 6 532 5930 5953 6058 6060 6065 
5991 7 5873 5922 5955 5972 5982 5994 6024 
5992 9 5920 5935 5942 5973 6000 6068 7281 7284 7314 
5993 6 5882 5971 5998 6004 6055 6056 
5994 3 5922 5991 6024 
5995 5 5930 6032 6047 6058 6067 
5996 5 5889 5909 5934 5948 6034 
5997 5 4405 6020 6032 6044 6072 
5998 9 5870 5881 5882 5945 5969 5971 5993 6026 6055 
5999 8 5893 5916 6026 6028 6036 6042 6043 6045 
6000 5 5866 5935 5950 5992 6068 
6001 5 5920 5947 5985 6021 6066 
6002 5 5874 5901 5939 5985 6021 
6003 9 1286 5909 5925 5934 5949 5978 5987 5988 6062 
6004 10 4291 4314 4411 5882 5903 5907 5993 6025 6056 6059 
6005 6 5883 5896 5899 5981 6007 6049 
6006 6 5915 5923 5966 5982 6017 6027 
6007 7 5881 5883 5899 5971 6005 6023 6055 
6008 3 5921 5932 7325 
6009 5 5868 5898 5918 5933 5958 
6010 11 2906 5885 5892 5904 5911 5918 5933 5948 6011 6012 6034 
6011 4 5885 5918 5933 6010 
6012 4 2906 2908 5911 6010 
6013 5 5884 5900 5926 5952 6050 
6014 7 1295 5944 5957 6051 6071 7356 7378 
6015 8 5914 5920 5921 5932 5938 5989 6021 7325 
6016 4 5920 6054 7391 7440 
6017 6 5915 5923 5975 6006 6027 6038 
6018 2 5920 5947 
6019 6 5888 5964 5968 5980 6024 6069 
6020 9 4328 4370 4381 4405 5930 5962 5997 6032 6070 
6021 7 5901 5920 5985 5989 6001 6002 6015 
6022 4 5913 5937 5943 5944 
6023 7 5869 5899 5917 5971 6007 6033 6056 
6024 15 383 5879 5880 5884 5890 5922 5955 5964 5967 5972 5974 5980 5991 5994 6019 
6025 8 5903 5907 5917 5924 6004 6029 6033 6059 
6026 7 5870 5881 5919 5998 5999 6043 6045 
6027 8 5914 5936 5975 5982 6006 6017 6038 7373 
6028 6 4293 4405 5887 5893 5999 6036 
6029 8 2908 4411 4426 5903 5910 5911 5924 6025 
6030 6 5867 5896 5927 5959 6042 6045 
6031 4 5899 5902 5941 6033 
6032 16 5864 5891 5960 5961 5962 5977 5995 5997 6020 6047 6050 6052 6065 6067 6070 6072 
6033 14 5869 5878 5886 5899 5902 5907 5917 5924 6023 6025 6031 6035 6046 6053 
6034 5 5889 5933 5948 5996 6010 
6035 6 5886 5904 5910 5911 5924 6033 
6036 6 4293 4397 5916 5999 6028 6045 
6037 5 5884 5901 5928 5979 6064 
6038 3 5975 6017 6027 
6039 8 1295 5872 5905 5906 5908 5943 5988 6051 
6040 4 4405 5887 5931 6044 
6041 7 5866 5937 5940 5944 5950 5959 6068 
6042 8 5865 5893 5895 5927 5929 5999 6030 6045 
6043 7 4366 4397 5870 5916 5983 5999 6026 
6044 6 4405 5931 5961 5997 6040 6072 
6045 10 5894 5896 5919 5981 5999 6026 6030 6036 6042 6057 
6046 7 5878 5908 5986 5987 5988 6033 6053 
6047 4 5995 6032 6058 6065 
6048 4 5963 5976 5978 6062 
6049 6 5881 5883 5894 5919 5981 6005 
6050 8 5891 5895 5926 5951 5952 6013 6032 6052 
6051 5 1295 5943 5944 6014 6039 
6052 7 5864 5946 5951 5952 5965 6032 6050 
6053 5 5902 5906 5908 6033 6046 
6054 5 5920 5921 5970 6016 7391 
6055 5 5881 5971 5993 5998 6007 
6056 6 5907 5917 5971 5993 6004 6023 
6057 3 5896 5981 6045 
6058 5 5930 5990 5995 6047 6065 
6059 3 5903 6004 6025 
6060 9 482 525 532 627 5953 5968 5977 5980 5990 
6061 7 5914 5938 6063 7253 7325 7329 7360 
6062 6 1369 5949 5976 5978 6003 6048 
6063 5 5914 5936 6061 7319 7329 
6064 5 5880 5884 5900 5928 6037 
6065 7 5953 5960 5977 5990 6032 6047 6058 
6066 6 5867 5920 5939 5959 5985 6001 
6067 4 5930 5962 5995 6032 
6068 6 5866 5940 5942 5992 6000 6041 
6069 6 5864 5879 5954 5964 5968 6019 
6070 4 5930 5962 6020 6032 
6071 6 1295 1351 1476 6014 7289 7356 
6072 4 5961 5997 6032 6044 
6073 3 6113 6118 6140 
6074 8 644 707 2085 6104 6105 6120 6138 6160 
6075 2 6139 6159 
6076 8 6083 6096 6110 6130 6135 6141 6163 6167 
6077 7 6079 6090 6091 6099 6121 6153 6173 
6078 3 6096 6127 6171 
6079 5 6077 6121 6153 6157 6163 
6080 5 1791 4504 6148 6162 6172 
6081 6 3297 6099 6104 6145 6152 6155 
6082 5 6088 6106 6131 6142 6151 
6083 8 6076 6096 6108 6135 6136 6137 6143 6167 
6084 11 1799 1804 3233 3268 6087 6088 6147 6151 6166 6169 6176 
6085 5 3260 6103 6117 6129 6159 
6086 5 2051 2087 2105 4470 6098 
6087 6 6084 6088 6123 6147 6159 6166 
6088 9 6082 6084 6087 6089 6112 6116 6131 6151 6166 
6089 6 6088 6101 6112 6119 6131 6165 
6090 5 6077 6095 6096 6153 6173 
6091 3 6077 6099 6173 
6092 4 1784 6125 6151 6167 
6093 6 6100 6101 6161 6163 6165 6168 
6094 4 2098 6096 6114 6127 
6095 7 6090 6096 6099 6145 6164 6171 6173 
6096 15 6076 6078 6083 6090 6094 6095 6114 6127 6130 6132 6143 6153 6163 6171 6174 
6097 3 3258 6102 6123 
6098 6 2105 4470 6086 6113 6126 6154 
6099 8 6077 6081 6091 6095 6121 6145 6155 6173 
6100 2 6093 6168 
6101 5 6089 6093 6119 6165 6168 
6102 5 3258 3260 6097 6123 6159 
6103 9 3264 3280 3307 6085 6115 6117 6129 6155 6159 
6104 9 683 715 6074 6081 6105 6120 6145 6152 6160 
6105 8 6074 6104 6127 6138 6145 6150 6160 6171 
6106 4 6082 6110 6142 6151 
6107 4 1772 1791 1796 6137 
6108 6 1772 1796 1808 6083 6136 6167 
6109 6 4479 4501 4557 6134 6140 6162 
6110 8 6076 6106 6116 6141 6142 6151 6163 6167 
6111 18 2066 2079 2082 2085 2098 2109 2125 2126 6113 6114 6122 6124 6128 6132 6133 6140 6156 6175 
6112 9 6088 6089 6119 6139 6157 6159 6166 6168 6170 
6113 13 2105 2109 6073 6098 6111 6118 6122 6126 6133 6140 6144 6154 6156 
6114 6 2098 6094 6096 6111 6128 6132 
6115 4 6103 6117 6121 6155 
6116 6 6088 6110 6131 6142 6158 6163 
6117 7 6085 6103 6115 6121 6139 6157 6159 
6118 4 6073 6113 6140 6144 
6119 4 6089 6101 6112 6168 
6120 7 644 683 707 740 774 6074 6104 
6121 7 6077 6079 6099 6115 6117 6155 6157 
6122 4 2105 6111 6113 6133 
6123 6 3258 6087 6097 6102 6147 6159 
6124 3 6111 6132 6140 
6125 7 1773 1784 1787 1804 6092 6151 6177 
6126 2 6098 6113 
6127 8 2098 6078 6094 6096 6105 6146 6150 6171 
6128 3 6111 6114 6175 
6129 7 3240 3246 3260 3277 3280 6085 6103 
6130 3 6076 6096 6174 
6131 7 6082 6088 6089 6116 6142 6158 6165 
6132 8 6096 6111 6114 6124 6137 6140 6143 6149 
6133 4 6111 6113 6122 6156 
6134 5 4501 4556 6109 6140 6144 
6135 3 6076 6083 6167 
6136 4 1796 6083 6108 6137 
6137 10 1791 1796 6083 6107 6132 6136 6143 6148 6149 6172 
6138 4 2085 6074 6105 6150 
6139 6 6075 6112 6117 6157 6159 6170 
6140 13 6073 6109 6111 6113 6118 6124 6132 6134 6144 6149 6156 6162 6172 
6141 3 6076 6110 6167 
6142 6 6082 6106 6110 6116 6131 6163 
6143 4 6083 6096 6132 6137 
6144 6 4556 6113 6118 6134 6140 6154 
6145 6 6081 6095 6099 6104 6105 6171 
6146 4 2085 2098 6127 6150 
6147 6 3258 3268 6084 6087 6123 6169 
6148 5 1791 6080 6137 6149 6172 
6149 5 6132 6137 6140 6148 6172 
6150 5 2085 6105 6127 6138 6146 
6151 10 1804 6082 6084 6088 6092 6106 6110 6125 6167 6176 
6152 6 683 715 716 3297 6081 6104 
6153 5 6077 6079 6090 6096 6163 
6154 7 4470 4524 4528 4556 6098 6113 6144 
6155 7 3297 3307 6081 6099 6103 6115 6121 
6156 4 6111 6113 6133 6140 
6157 8 6079 6112 6117 6121 6139 6161 6163 6168 
6158 4 6116 6131 6163 6165 
6159 12 3260 6075 6085 6087 6102 6103 6112 6117 6123 6139 6166 6170 
6160 3 6074 6104 6105 
6161 4 6093 6157 6163 6168 
6162 6 4479 4504 6080 6109 6140 6172 
6163 12 6076 6079 6093 6096 6110 6116 6142 6153 6157 6158 6161 6165 
6164 2 6095 6171 
6165 6 6089 6093 6101 6131 6158 6163 
6166 5 6084 6087 6088 6112 6159 
6167 11 1784 1808 6076 6083 6092 6108 6110 6135 6141 6151 6178 
6168 7 6093 6100 6101 6112 6119 6157 6161 
6169 3 3268 6084 6147 
6170 3 6112 6139 6159 
6171 7 6078 6095 6096 6105 6127 6145 6164 
6172 6 6080 6137 6140 6148 6149 6162 
6173 5 6077 6090 6091 6095 6099 
6174 2 6096 6130 
6175 3 2098 6111 6128 
6176 2 6084 6151 
6177 2 1787 6125 
6178 1 6167 
6179 5 6220 6221 6235 6322 6349 
6180 7 6184 6196 6205 6240 6252 6283 6329 
6181 10 4052 4096 6231 6244 6245 6292 6359 7866 7939 8079 
6182 6 6185 6223 6301 6305 6322 6346 
6183 7 1217 1262 1308 6249 6254 6268 6313 
6184 6 6180 6194 6205 6275 6329 6361 
6185 8 6182 6192 6219 6223 6243 6264 6301 6330 
6186 4 6188 6204 6228 6230 
6187 5 6200 6324 6325 6338 6352 
6188 6 6186 6204 6228 6239 6270 6354 
6189 5 6193 6200 6223 6287 6305 
6190 4 6203 6293 6353 6358 
6191 4 6194 6279 6280 6283 
6192 5 6185 6198 6216 6219 6264 
6193 5 6189 6239 6287 6305 6354 
6194 9 6184 6191 6201 6257 6275 6280 6283 6318 6329 
6195 9 6203 6204 6258 6262 6296 6302 6310 6354 6358 
6196 12 6180 6205 6206 6214 6240 6243 6252 6274 6298 6328 6348 6355 
6197 7 6246 6264 6300 6320 6331 6333 6356 
6198 10 6192 6200 6216 6219 6223 6291 6294 6295 6325 6333 
6199 6 3027 3071 3113 6205 6207 6304 
6200 8 6187 6189 6198 6219 6223 6287 6324 6325 
6201 10 2877 2985 2991 3008 3129 6194 6275 6318 7851 8074 
6202 5 2893 3057 6207 6211 6308 
6203 6 6190 6195 6204 6251 6293 6358 
6204 8 6186 6188 6195 6203 6230 6239 6251 6354 
6205 9 3071 6180 6184 6196 6199 6222 6304 6355 6361 
6206 5 6196 6222 6274 6345 6355 
6207 9 2862 2888 3027 3057 3085 6199 6202 6304 6308 
6208 5 6209 6211 6299 6326 6341 
6209 4 6208 6326 6341 6343 
6210 5 6215 6244 6292 7866 8050 
6211 13 2893 6202 6208 6222 6233 6259 6299 6303 6306 6308 6326 6343 6345 
6212 6 6220 6221 6242 6309 6327 6332 
6213 4 6290 6320 6330 6347 
6214 6 6196 6243 6289 6290 6330 6348 
6215 8 6210 6238 6291 6292 6322 7904 8043 8050 
6216 5 6192 6198 6264 6295 6356 
6217 4 6256 6258 6305 6346 
6218 11 6253 6254 6265 6286 6299 6309 6313 6327 6340 6341 6350 
6219 5 6185 6192 6198 6200 6223 
6220 9 6179 6212 6221 6242 6284 6285 6322 6327 6336 
6221 6 6179 6212 6220 6263 6309 6349 
6222 7 6205 6206 6211 6304 6308 6345 6355 
6223 7 6182 6185 6189 6198 6200 6219 6305 
6224 7 6257 6272 6279 6280 6320 6331 6347 
6225 5 6246 6300 6307 7883 7885 
6226 4 6227 6281 6303 6306 
6227 7 6226 6253 6281 6303 6306 6313 6350 
6228 6 6186 6188 6230 6270 6271 6344 
6229 8 1229 1495 6266 6286 6288 6315 6319 6336 
6230 6 6186 6204 6228 6251 6293 6344 
6231 8 6181 6236 6245 6261 6273 6292 6314 6339 
6232 5 1433 1474 1491 5963 6268 
6233 4 6211 6259 6274 6345 
6234 5 6236 6260 6271 6342 6344 
6235 5 6179 6263 6322 6349 6357 
6236 8 4052 4150 6231 6234 6271 6314 6339 6342 
6237 6 6246 7870 7889 7931 8091 8115 
6238 7 6215 6291 6307 6333 7985 8043 8088 
6239 6 6188 6193 6204 6270 6287 6354 
6240 8 6180 6196 6248 6252 6283 6289 6321 6348 
6241 6 4219 6247 6278 6312 6322 6357 
6242 4 6212 6220 6327 6332 
6243 6 6185 6196 6214 6298 6301 6330 
6244 4 6181 6210 6292 7866 
6245 4 4052 6181 6231 6314 
6246 9 6197 6225 6237 6257 6300 6331 7885 7889 8091 
6247 7 1354 1408 4140 4219 6241 6322 6357 
6248 6 6240 6272 6279 6289 6290 6321 
6249 6 1299 1308 6183 6250 6254 6319 
6250 6 1289 1299 1308 1380 1402 6249 
6251 4 6203 6204 6230 6293 
6252 3 6180 6196 6240 
6253 4 6218 6227 6313 6350 
6254 6 6183 6218 6249 6286 6313 6319 
6255 5 5885 5958 6268 6277 6313 
6256 4 6217 6258 6262 6346 
6257 7 6194 6224 6246 6280 6331 7889 8044 
6258 6 6195 6217 6256 6262 6305 6354 
6259 6 6211 6233 6274 6298 6328 6343 
6260 4 6234 6271 6342 6344 
6261 4 6231 6273 6334 6339 
6262 8 6195 6256 6258 6302 6311 6322 6346 6351 
6263 7 6221 6235 6298 6301 6309 6322 6349 
6264 7 6185 6192 6197 6216 6320 6330 6356 
6265 4 6218 6299 6303 6350 
6266 7 6229 6286 6319 6327 6335 6336 6340 
6267 5 6291 6292 6294 6297 6325 
6268 10 1217 1375 1491 5958 5963 6183 6232 6255 6277 6313 
6269 2 6281 6313 
6270 6 6188 6228 6239 6271 6287 6324 
6271 11 6228 6234 6236 6260 6270 6324 6334 6338 6339 6342 6344 
6272 6 6224 6248 6279 6280 6290 6347 
6273 6 6231 6261 6292 6297 6334 6352 
6274 6 6196 6206 6233 6259 6328 6345 
6275 8 2863 2877 3072 6184 6194 6201 6276 6361 
6276 4 3071 3072 6275 6361 
6277 3 6255 6268 6313 
6278 4 6241 6312 6322 6357 
6279 7 6191 6224 6248 6272 6280 6283 6321 
6280 9 6191 6194 6224 6257 6272 6279 6318 8001 8044 
6281 8 2904 2906 5885 6226 6227 6269 6306 6313 
6282 5 4081 4205 4218 4220 6357 
6283 7 6180 6191 6194 6240 6279 6321 6329 
6284 1 6220 
6285 1 6220 
6286 7 6218 6229 6254 6266 6319 6335 6340 
6287 6 6189 6193 6200 6239 6270 6324 
6288 4 1229 6229 6322 6336 
6289 5 6214 6240 6248 6290 6348 
6290 7 6213 6214 6248 6272 6289 6330 6347 
6291 8 6198 6215 6238 6267 6292 6294 6322 6333 
6292 10 6181 6210 6215 6231 6244 6267 6273 6291 6297 6322 
6293 7 6190 6203 6230 6251 6316 6344 6353 
6294 4 6198 6267 6291 6325 
6295 4 6198 6216 6333 6356 
6296 8 4138 6195 6310 6317 6323 6337 6353 6358 
6297 5 6267 6273 6292 6325 6352 
6298 8 6196 6243 6259 6263 6301 6309 6328 6343 
6299 6 6208 6211 6218 6265 6303 6341 
6300 5 6197 6225 6246 6307 6333 
6301 6 6182 6185 6243 6263 6298 6322 
6302 4 6195 6262 6310 6351 
6303 7 6211 6226 6227 6265 6299 6306 6350 
6304 5 6199 6205 6207 6222 6308 
6305 8 6182 6189 6193 6217 6223 6258 6346 6354 
6306 10 2893 2904 2964 3001 3074 6211 6226 6227 6281 6303 
6307 6 6225 6238 6300 6333 7883 8088 
6308 5 6202 6207 6211 6222 6304 
6309 9 6212 6218 6221 6263 6298 6327 6332 6341 6343 
6310 5 6195 6296 6302 6337 6351 
6311 6 4218 6262 6322 6323 6351 6357 
6312 3 6241 6278 6357 
6313 11 5885 6183 6218 6227 6253 6254 6255 6268 6269 6277 6281 
6314 4 4052 6231 6236 6245 
6315 4 1299 1495 6229 6319 
6316 10 4103 4107 4146 4150 4202 6293 6342 6344 6353 6360 
6317 3 4138 6296 6353 
6318 7 6194 6201 6280 7851 8001 8074 8087 
6319 7 1299 6229 6249 6254 6266 6286 6315 
6320 7 6197 6213 6224 6264 6330 6331 6347 
6321 4 6240 6248 6279 6283 
6322 20 1229 1408 6179 6182 6215 6220 6235 6241 6247 6262 6263 6278 6288 6291 6292 6301 6311 6336 6346 6357 
6323 6 4138 4218 6296 6311 6337 6351 
6324 7 6187 6200 6270 6271 6287 6334 6338 
6325 7 6187 6198 6200 6267 6294 6297 6352 
6326 4 6208 6209 6211 6343 
6327 9 6212 6218 6220 6242 6266 6309 6332 6336 6340 
6328 4 6196 6259 6274 6298 
6329 4 6180 6184 6194 6283 
6330 7 6185 6213 6214 6243 6264 6290 6320 
6331 6 6197 6224 6246 6257 6320 7889 
6332 4 6212 6242 6309 6327 
6333 8 6197 6198 6238 6291 6295 6300 6307 6356 
6334 7 6261 6271 6273 6324 6338 6339 6352 
6335 3 6266 6286 6340 
6336 6 6220 6229 6266 6288 6322 6327 
6337 4 6296 6310 6323 6351 
6338 5 6187 6271 6324 6334 6352 
6339 5 6231 6236 6261 6271 6334 
6340 5 6218 6266 6286 6327 6335 
6341 6 6208 6209 6218 6299 6309 6343 
6342 7 4150 6234 6236 6260 6271 6316 6344 
6343 7 6209 6211 6259 6298 6309 6326 6341 
6344 8 6228 6230 6234 6260 6271 6293 6316 6342 
6345 5 6206 6211 6222 6233 6274 
6346 6 6182 6217 6256 6262 6305 6322 
6347 5 6213 6224 6272 6290 6320 
6348 4 6196 6214 6240 6289 
6349 4 6179 6221 6235 6263 
6350 5 6218 6227 6253 6265 6303 
6351 6 6262 6302 6310 6311 6323 6337 
6352 6 6187 6273 6297 6325 6334 6338 
6353 11 4053 4131 4138 4144 6190 6293 6296 6316 6317 6358 6360 
6354 7 6188 6193 6195 6204 6239 6258 6305 
6355 4 6196 6205 6206 6222 
6356 5 6197 6216 6264 6295 6333 
6357 11 4218 4219 4220 6235 6241 6247 6278 6282 6311 6312 6322 
6358 5 6190 6195 6203 6296 6353 
6359 3 6181 7939 8079 
6360 4 4107 4144 6316 6353 
6361 5 3071 6184 6205 6275 6276 
6362 7 1030 1148 6450 6468 6473 6480 6530 
6363 7 6381 6389 6391 6440 6491 6500 6523 
6364 5 6366 6368 6451 6505 6529 
6365 4 1941 6423 6496 6516 
6366 10 6364 6441 6444 6451 6463 6484 6494 6505 6521 6526 
6367 4 6369 6413 6509 6515 
6368 9 6364 6370 6372 6403 6442 6483 6489 6505 6529 
6369 8 6367 6379 6413 6432 6462 6493 6515 6580 
6370 11 6368 6376 6392 6394 6410 6414 6442 6474 6475 6488 6529 
6371 5 6395 6468 6479 6521 6530 
6372 4 6368 6403 6483 6505 
6373 5 6457 6471 6486 6508 6513 
6374 3 6464 6510 6522 
6375 7 6423 6439 6496 6515 6539 6540 6542 
6376 5 6370 6410 6418 6474 6529 
6377 6 920 927 1111 6381 6385 6497 
6378 6 6406 6414 6475 6487 6511 6527 
6379 5 6369 6432 6580 6620 6668 
6380 6 6417 6421 6426 6453 6485 6537 
6381 8 920 6363 6377 6385 6389 6435 6497 6500 
6382 6 6397 6420 6447 6467 6502 6507 
6383 8 6393 6402 6425 6470 6535 7936 7982 8018 
6384 4 6416 6430 6443 6446 
6385 6 920 6377 6381 6398 6500 6523 
6386 7 6413 6445 6462 6466 6477 6481 6509 
6387 7 6409 6425 6428 6445 6453 6466 6510 
6388 4 6396 6421 6436 6459 
6389 8 6363 6381 6435 6440 6450 6492 6497 6500 
6390 5 4021 6415 6447 6467 6507 
6391 9 6363 6411 6440 6449 6471 6491 6495 6523 6524 
6392 5 6370 6394 6442 6488 6489 
6393 5 6383 6402 6425 6432 6477 
6394 6 6370 6392 6448 6487 6488 6489 
6395 5 6371 6449 6479 6525 6530 
6396 9 6388 6419 6436 6456 6459 6512 6533 6534 6537 
6397 5 6382 6420 6468 6473 6502 
6398 4 920 6385 6412 6523 
6399 6 6448 6452 6489 6531 6538 6543 
6400 4 6418 6451 6476 6529 
6401 4 6406 6431 6437 6510 
6402 6 6383 6393 6432 6571 6592 7982 
6403 3 6368 6372 6483 
6404 7 6457 6460 6482 6486 6504 6508 6524 
6405 10 1844 1896 1899 1904 6438 6493 6515 6516 6580 6764 
6406 9 6378 6401 6437 6452 6475 6478 6510 6511 6527 
6407 8 6422 6461 6465 6490 6499 6502 6503 6519 
6408 6 6460 6463 6469 6483 6505 6508 
6409 5 6387 6417 6425 6453 6535 
6410 9 6370 6376 6418 6456 6472 6474 6476 6517 6528 
6411 4 6391 6471 6491 6513 
6412 3 920 936 6398 
6413 5 6367 6369 6386 6462 6509 
6414 5 6370 6378 6475 6487 6488 
6415 6 3903 4021 6390 6447 6506 6536 
6416 6 6384 6430 6437 6443 6474 6475 
6417 5 6380 6409 6453 6485 6535 
6418 5 6376 6400 6410 6476 6529 
6419 5 6396 6433 6446 6512 6534 
6420 5 6382 6397 6447 6468 6521 
6421 11 3870 3907 3926 3934 3966 6380 6388 6436 6459 6485 6537 
6422 5 6407 6461 6490 6502 6507 
6423 6 6365 6375 6429 6439 6496 6516 
6424 5 6429 6438 6439 6498 6516 
6425 7 6383 6387 6393 6409 6466 6477 6535 
6426 9 6380 6431 6443 6446 6453 6454 6510 6512 6537 
6427 4 6455 6463 6504 6520 
6428 4 6387 6445 6481 6510 
6429 4 6423 6424 6439 6516 
6430 8 6384 6416 6433 6446 6474 6514 6533 6534 
6431 5 6401 6426 6437 6443 6510 
6432 8 6369 6379 6393 6402 6462 6477 6571 6668 
6433 4 6419 6430 6446 6534 
6434 5 3942 4003 6499 6503 6519 
6435 3 6381 6389 6497 
6436 7 3919 3966 6388 6396 6421 6456 6517 
6437 6 6401 6406 6416 6431 6443 6475 
6438 5 6405 6424 6493 6498 6516 
6439 6 6375 6423 6424 6429 6498 6515 
6440 5 6363 6389 6391 6449 6492 
6441 5 6366 6444 6494 6520 6521 
6442 4 6368 6370 6392 6489 
6443 6 6384 6416 6426 6431 6437 6446 
6444 3 6366 6441 6521 
6445 5 6386 6387 6428 6466 6481 
6446 7 6384 6419 6426 6430 6433 6443 6512 
6447 11 6382 6390 6415 6420 6451 6467 6476 6484 6521 6532 6536 
6448 6 6394 6399 6452 6487 6489 6538 
6449 7 6391 6395 6440 6492 6495 6525 6530 
6450 9 927 1030 1087 1148 6362 6389 6492 6497 6530 
6451 8 6364 6366 6400 6447 6476 6484 6529 6536 
6452 7 6399 6406 6448 6478 6487 6522 6527 
6453 7 6380 6387 6409 6417 6426 6454 6510 
6454 3 6426 6453 6510 
6455 7 6427 6463 6469 6494 6505 6520 6526 
6456 8 6396 6410 6436 6472 6474 6514 6517 6533 
6457 5 6373 6404 6471 6486 6524 
6458 5 6479 6482 6504 6520 6525 
6459 4 6388 6396 6421 6537 
6460 6 6404 6408 6463 6469 6504 6508 
6461 7 3886 3912 4021 6407 6422 6507 6519 
6462 5 6369 6386 6413 6432 6477 
6463 10 6366 6408 6427 6455 6460 6469 6494 6504 6505 6526 
6464 7 6374 6481 6509 6510 6515 6541 6544 
6465 5 883 6407 6499 6501 6502 
6466 5 6386 6387 6425 6445 6477 
6467 4 6382 6390 6447 6507 
6468 7 6362 6371 6397 6420 6473 6521 6530 
6469 5 6408 6455 6460 6463 6526 
6470 5 6383 6485 6535 7938 8018 
6471 6 6373 6391 6411 6457 6513 6524 
6472 4 6410 6456 6474 6514 
6473 6 6362 6397 6468 6480 6501 6502 
6474 9 6370 6376 6410 6416 6430 6456 6472 6475 6514 
6475 8 6370 6378 6406 6414 6416 6437 6474 6511 
6476 8 6400 6410 6418 6447 6451 6518 6528 6536 
6477 6 6386 6393 6425 6432 6462 6466 
6478 5 6406 6452 6510 6522 6527 
6479 6 6371 6395 6458 6520 6521 6525 
6480 6 966 1030 1117 6362 6473 6501 
6481 6 6386 6428 6445 6464 6509 6510 
6482 5 6404 6458 6504 6524 6525 
6483 9 6368 6372 6403 6408 6489 6505 6508 6531 6545 
6484 5 6366 6447 6451 6521 6532 
6485 8 3837 3934 6380 6417 6421 6470 6535 7938 
6486 5 6373 6404 6457 6508 6524 
6487 7 6378 6394 6414 6448 6452 6488 6527 
6488 5 6370 6392 6394 6414 6487 
6489 9 6368 6392 6394 6399 6442 6448 6483 6531 6538 
6490 3 6407 6422 6502 
6491 4 6363 6391 6411 6523 
6492 5 6389 6440 6449 6450 6530 
6493 5 6369 6405 6438 6498 6515 
6494 6 6366 6441 6455 6463 6520 6526 
6495 4 6391 6449 6524 6525 
6496 3 6365 6375 6423 
6497 7 920 927 6377 6381 6389 6435 6450 
6498 5 6424 6438 6439 6493 6515 
6499 8 870 883 1086 4003 6407 6434 6465 6503 
6500 5 6363 6381 6385 6389 6523 
6501 6 883 1117 6465 6473 6480 6502 
6502 9 6382 6397 6407 6422 6465 6473 6490 6501 6507 
6503 4 6407 6434 6499 6519 
6504 7 6404 6427 6458 6460 6463 6482 6520 
6505 9 6364 6366 6368 6372 6408 6455 6463 6483 6526 
6506 5 3892 3903 3953 4021 6415 
6507 7 4021 6382 6390 6422 6461 6467 6502 
6508 8 6373 6404 6408 6460 6483 6486 6531 6545 
6509 6 6367 6386 6413 6464 6481 6515 
6510 13 6374 6387 6401 6406 6426 6428 6431 6453 6454 6464 6478 6481 6522 
6511 3 6378 6406 6475 
6512 5 6396 6419 6426 6446 6537 
6513 3 6373 6411 6471 
6514 5 6430 6456 6472 6474 6533 
6515 13 6367 6369 6375 6405 6439 6464 6493 6498 6509 6541 6542 6544 6580 
6516 10 1902 1904 1924 1941 6365 6405 6423 6424 6429 6438 
6517 6 3919 3965 6410 6436 6456 6528 
6518 5 4034 4036 6476 6528 6536 
6519 6 3912 3942 6407 6434 6461 6503 
6520 8 6427 6441 6455 6458 6479 6494 6504 6521 
6521 10 6366 6371 6420 6441 6444 6447 6468 6479 6484 6520 
6522 4 6374 6452 6478 6510 
6523 6 6363 6385 6391 6398 6491 6500 
6524 8 6391 6404 6457 6471 6482 6486 6495 6525 
6525 7 6395 6449 6458 6479 6482 6495 6524 
6526 6 6366 6455 6463 6469 6494 6505 
6527 5 6378 6406 6452 6478 6487 
6528 6 3965 4034 6410 6476 6517 6518 
6529 7 6364 6368 6370 6376 6400 6418 6451 
6530 7 6362 6371 6395 6449 6450 6468 6492 
6531 6 6399 6483 6489 6508 6543 6545 
6532 2 6447 6484 
6533 5 6396 6430 6456 6514 6534 
6534 5 6396 6419 6430 6433 6533 
6535 6 6383 6409 6417 6425 6470 6485 
6536 8 3903 4005 4036 6415 6447 6451 6476 6518 
6537 6 6380 6396 6421 6426 6459 6512 
6538 3 6399 6448 6489 
6539 5 6375 6540 6541 6542 6544 
6540 2 6375 6539 
6541 5 6464 6515 6539 6542 6544 
6542 4 6375 6515 6539 6541 
6543 2 6399 6531 
6544 4 6464 6515 6539 6541 
6545 3 6483 6508 6531 
6546 6 6550 6565 6629 6660 6699 6709 
6547 7 1833 1900 1918 6670 6751 7023 7247 
6548 7 6572 6589 6596 6734 6746 6748 6779 
6549 6 1944 6611 6648 6672 6702 6743 
6550 6 6546 6598 6645 6660 6677 6699 
6551 3 6573 6688 6696 
6552 8 6562 6704 6711 6730 6734 6746 6748 6768 
6553 6 6569 6573 6652 6688 6756 7967 
6554 35 2288 2382 2446 2933 3024 6563 6584 6588 6595 6614 6639 6647 6649 6650 6657 6684 6686 6689 6698 6711 6719 6720 6721 6725 6730 6735 6736 6737 6738 6749 6753 6754 6761 6766 6771 
6555 6 1893 1918 6670 6685 6727 6731 
6556 5 6631 6661 6688 6692 6696 
6557 9 6591 6610 6612 6651 6666 6683 6685 6691 6762 
6558 12 6559 6569 6594 6609 6652 6674 6726 6741 6760 7909 7935 7982 
6559 10 6558 6566 6569 6583 6594 6611 6637 6648 6672 6697 
6560 8 6596 6613 6629 6699 6705 6706 6736 6779 
6561 13 6598 6604 6626 6628 6636 6653 6658 6677 6700 6707 6773 6775 6781 
6562 4 6552 6704 6711 6719 
6563 6 2382 6554 6625 6657 6738 6767 
6564 3 6619 6701 6747 
6565 8 6546 6636 6651 6660 6683 6709 6762 6775 
6566 8 6559 6569 6573 6621 6631 6673 6696 6697 
6567 5 6568 6633 6655 6724 6742 
6568 5 6567 6655 6669 6724 6732 
6569 7 6553 6558 6559 6566 6573 6652 6697 
6570 9 2387 6597 6714 6751 6986 7021 7026 7186 7247 
6571 5 6402 6432 6592 6620 6668 
6572 6 6548 6589 6596 6665 6722 6779 
6573 6 6551 6553 6566 6569 6688 6696 
6574 5 6713 7857 7881 8051 8124 
6575 6 6624 6663 6667 6729 7941 7979 
6576 5 6590 6606 6632 6728 7864 
6577 6 6593 6599 6619 6642 6722 6752 
6578 4 6593 6619 6742 6747 
6579 5 6593 6624 6633 6662 6667 
6580 6 6369 6379 6405 6515 6620 6764 
6581 6 6602 6615 6616 6635 6716 6750 
6582 7 6585 6693 6739 6740 7884 7926 7949 
6583 6 6559 6611 6673 6678 6697 6733 
6584 2 6554 6647 
6585 9 3030 3039 6582 6599 6680 6693 6712 6740 6752 
6586 7 6655 6679 6688 6708 8000 8008 8042 
6587 5 1887 1915 6611 6755 6773 
6588 4 6554 6698 6711 6719 
6589 6 6548 6572 6680 6722 6734 6768 
6590 5 6576 6593 6606 6632 6739 
6591 5 6557 6610 6634 6685 6759 
6592 5 6402 6571 6620 6674 7982 
6593 12 6577 6578 6579 6590 6619 6632 6633 6642 6662 6739 6740 6742 
6594 6 6558 6559 6609 6637 6648 6750 
6595 1 6554 
6596 8 6548 6560 6572 6613 6730 6748 6774 6779 
6597 7 6570 6605 6623 6714 6718 6758 7186 
6598 6 6550 6561 6645 6653 6660 6677 
6599 6 6577 6585 6642 6722 6740 6752 
6600 8 1894 6601 6636 6656 6676 6687 6755 6773 
6601 4 6600 6636 6707 6773 
6602 4 6581 6615 6648 6750 
6603 5 6641 6645 6675 6706 6717 
6604 7 6561 6607 6631 6646 6700 6744 6781 
6605 6 6597 6623 6718 6758 6776 6777 
6606 7 6576 6590 6728 6739 7884 7949 8102 
6607 5 6604 6682 6700 6744 6781 
6608 4 6659 6726 7935 8068 
6609 5 6558 6594 6616 6741 6750 
6610 5 6557 6591 6612 6617 6634 
6611 14 1867 1890 1915 1944 6549 6559 6583 6587 6628 6672 6678 6702 6733 6773 
6612 6 6557 6610 6617 6683 6705 6709 
6613 6 6560 6596 6614 6730 6736 6774 
6614 6 6554 6613 6647 6730 6736 6774 
6615 7 6581 6602 6635 6648 6681 6716 6743 
6616 6 6581 6609 6635 6741 6750 6765 
6617 7 6610 6612 6627 6634 6705 6714 6736 
6618 5 6654 6661 6669 6688 6708 
6619 8 6564 6577 6578 6593 6665 6701 6722 6747 
6620 9 6379 6571 6580 6592 6668 6674 6745 6763 6764 
6621 4 6566 6631 6646 6673 
6622 3 1879 1894 6676 
6623 7 6597 6605 6714 6736 6758 6776 6777 
6624 8 6575 6579 6632 6662 6663 6667 6769 7969 
6625 4 6563 6738 6767 7077 
6626 6 6561 6630 6645 6658 6675 6700 
6627 3 6617 6705 6736 
6628 6 6561 6611 6646 6678 6773 6781 
6629 5 6546 6560 6699 6705 6709 
6630 6 6626 6675 6682 6700 6717 6757 
6631 8 6556 6566 6604 6621 6646 6692 6696 6744 
6632 7 6576 6590 6593 6624 6662 7864 7969 
6633 6 6567 6579 6593 6655 6667 6742 
6634 5 6591 6610 6617 6714 6759 
6635 7 6581 6615 6616 6638 6710 6716 6765 
6636 8 6561 6565 6600 6601 6687 6707 6762 6775 
6637 3 6559 6594 6648 
6638 6 6635 6710 6745 6763 6764 6765 
6639 1 6554 
6640 4 6701 6742 6770 6780 
6641 3 6603 6706 6717 
6642 4 6577 6593 6599 6740 
6643 5 1855 1895 6691 6695 6723 
6644 5 6681 6703 6710 6716 6764 
6645 9 6550 6598 6603 6626 6653 6658 6675 6699 6706 
6646 7 6604 6621 6628 6631 6673 6678 6781 
6647 3 6554 6584 6614 
6648 10 1944 6549 6559 6594 6602 6615 6637 6672 6743 6750 
6649 3 6554 6650 6771 
6650 3 6554 6649 6771 
6651 4 6557 6565 6683 6762 
6652 9 6553 6558 6569 6713 6726 6756 6778 7881 7967 
6653 4 6561 6598 6645 6658 
6654 7 6618 6661 6669 6682 6692 6732 6780 
6655 8 6567 6568 6586 6633 6667 6669 6679 6708 
6656 4 1894 1932 6600 6687 
6657 3 6554 6563 6738 
6658 4 6561 6626 6645 6653 
6659 4 6608 6713 6726 8068 
6660 6 6546 6550 6565 6598 6677 6775 
6661 5 6556 6618 6654 6688 6692 
6662 4 6579 6593 6624 6632 
6663 4 6575 6624 6769 7941 
6664 6 6718 6753 6777 6986 7077 7227 
6665 6 6572 6619 6701 6717 6722 6779 
6666 7 1855 1933 6557 6687 6691 6715 6762 
6667 9 6575 6579 6624 6633 6655 6679 6729 8042 8119 
6668 4 6379 6432 6571 6620 
6669 6 6568 6618 6654 6655 6708 6732 
6670 6 1918 6547 6555 6714 6731 6751 
6671 4 6682 6701 6757 6780 
6672 4 6549 6559 6611 6648 
6673 6 6566 6583 6621 6646 6678 6697 
6674 7 6558 6592 6620 6760 6763 6765 7982 
6675 5 6603 6626 6630 6645 6717 
6676 6 1879 1887 1894 6600 6622 6755 
6677 5 6550 6561 6598 6660 6775 
6678 5 6583 6611 6628 6646 6673 
6679 4 6586 6655 6667 8042 
6680 7 6585 6589 6694 6712 6722 6752 6768 
6681 6 1872 6615 6644 6703 6716 6743 
6682 9 6607 6630 6654 6671 6692 6700 6744 6757 6780 
6683 5 6557 6565 6612 6651 6709 
6684 1 6554 
6685 8 6555 6557 6591 6691 6723 6727 6731 6759 
6686 1 6554 
6687 8 1932 1942 6600 6636 6656 6666 6715 6762 
6688 11 6551 6553 6556 6573 6586 6618 6661 6696 6708 7967 8000 
6689 1 6554 
6690 4 6729 7956 7979 8119 
6691 6 1855 6557 6643 6666 6685 6723 
6692 6 6556 6631 6654 6661 6682 6744 
6693 9 2902 2966 3039 3136 6582 6585 6740 7926 8099 
6694 7 3030 3070 3087 6680 6712 6768 6772 
6695 4 1895 6643 6723 6727 
6696 6 6551 6556 6566 6573 6631 6688 
6697 5 6559 6566 6569 6583 6673 
6698 5 2875 3024 6554 6588 6719 
6699 6 6546 6550 6560 6629 6645 6706 
6700 6 6561 6604 6607 6626 6630 6682 
6701 11 6564 6619 6640 6665 6671 6717 6742 6747 6757 6779 6780 
6702 3 1944 6549 6611 
6703 6 1845 1872 1896 6644 6681 6764 
6704 5 6552 6562 6719 6768 6772 
6705 7 6560 6612 6617 6627 6629 6709 6736 
6706 7 6560 6603 6641 6645 6699 6717 6779 
6707 5 6561 6601 6636 6773 6775 
6708 5 6586 6618 6655 6669 6688 
6709 6 6546 6565 6612 6629 6683 6705 
6710 5 6635 6638 6644 6716 6764 
6711 6 6552 6554 6562 6588 6719 6730 
6712 4 3030 6585 6680 6694 
6713 8 6574 6652 6659 6726 6778 7857 8068 8124 
6714 10 6570 6597 6617 6623 6634 6670 6731 6736 6751 6759 
6715 4 1933 1942 6666 6687 
6716 7 6581 6615 6635 6644 6681 6710 6764 
6717 9 6603 6630 6641 6665 6675 6701 6706 6757 6779 
6718 6 6597 6605 6664 6777 6986 7186 
6719 9 2875 3087 6554 6562 6588 6698 6704 6711 6772 
6720 1 6554 
6721 6 6554 6736 6738 6753 6776 6777 
6722 8 6572 6577 6589 6599 6619 6665 6680 6752 
6723 5 6643 6685 6691 6695 6727 
6724 5 6567 6568 6732 6742 6770 
6725 1 6554 
6726 7 6558 6608 6652 6659 6713 7909 7935 
6727 9 1851 1868 1893 1895 1936 6555 6685 6695 6723 
6728 7 6576 6606 7864 8017 8101 8102 8117 
6729 5 6575 6667 6690 7979 8119 
6730 8 6552 6554 6596 6613 6614 6711 6748 6774 
6731 5 6555 6670 6685 6714 6759 
6732 6 6568 6654 6669 6724 6770 6780 
6733 2 6583 6611 
6734 5 6548 6552 6589 6746 6768 
6735 2 6554 6737 
6736 11 6554 6560 6613 6614 6617 6623 6627 6705 6714 6721 6776 
6737 2 6554 6735 
6738 7 6554 6563 6625 6657 6721 6753 7077 
6739 6 6582 6590 6593 6606 6740 7884 
6740 7 6582 6585 6593 6599 6642 6693 6739 
6741 6 6558 6609 6616 6750 6760 6765 
6742 9 6567 6578 6593 6633 6640 6701 6724 6747 6770 
6743 7 1872 1884 1944 6549 6615 6648 6681 
6744 5 6604 6607 6631 6682 6692 
6745 4 6620 6638 6763 6764 
6746 4 6548 6552 6734 6748 
6747 5 6564 6578 6619 6701 6742 
6748 5 6548 6552 6596 6730 6746 
6749 1 6554 
6750 7 6581 6594 6602 6609 6616 6648 6741 
6751 6 6547 6570 6670 6714 7021 7247 
6752 5 6577 6585 6599 6680 6722 
6753 6 6554 6664 6721 6738 6777 7077 
6754 1 6554 
6755 5 1887 6587 6600 6676 6773 
6756 2 6553 6652 
6757 5 6630 6671 6682 6701 6717 
6758 3 6597 6605 6623 
6759 5 6591 6634 6685 6714 6731 
6760 4 6558 6674 6741 6765 
6761 1 6554 
6762 7 6557 6565 6636 6651 6666 6687 6775 
6763 5 6620 6638 6674 6745 6765 
6764 10 1896 6405 6580 6620 6638 6644 6703 6710 6716 6745 
6765 7 6616 6635 6638 6674 6741 6760 6763 
6766 2 2446 6554 
6767 4 2382 6563 6625 7077 
6768 7 6552 6589 6680 6694 6704 6734 6772 
6769 6 6624 6663 7876 7941 7969 8055 
6770 5 6640 6724 6732 6742 6780 
6771 3 6554 6649 6650 
6772 5 3087 6694 6704 6719 6768 
6773 9 1887 6561 6587 6600 6601 6611 6628 6707 6755 
6774 4 6596 6613 6614 6730 
6775 7 6561 6565 6636 6660 6677 6707 6762 
6776 5 6605 6623 6721 6736 6777 
6777 7 6605 6623 6664 6718 6721 6753 6776 
6778 4 6652 6713 7857 7881 
6779 8 6548 6560 6572 6596 6665 6701 6706 6717 
6780 7 6640 6654 6671 6682 6701 6732 6770 
6781 5 6561 6604 6607 6628 6646 
6782 7 6804 6837 6863 6876 6887 6904 6943 
6783 5 6795 6802 6831 6908 6975 
6784 6 6797 6805 6849 6913 6927 6948 
6785 3 6817 6938 6985 
6786 3 6809 6905 6949 
6787 7 6801 6852 6926 6930 6935 6942 6950 
6788 8 1756 6790 6798 6809 6891 6905 6918 6952 
6789 4 4327 6841 6897 6909 
6790 7 6788 6798 6801 6809 6845 6888 6891 
6791 4 1756 6814 6845 6883 
6792 7 452 546 6803 6859 6894 6924 6939 
6793 8 4303 6851 6874 6887 6948 6969 6976 6981 
6794 7 4321 4327 4418 4454 6841 6909 6937 
6795 4 4303 6783 6802 6975 
6796 4 6812 6813 6846 6925 
6797 7 6784 6823 6832 6850 6863 6913 6948 
6798 4 1756 6788 6790 6891 
6799 5 6849 6857 6898 6927 6953 
6800 7 6813 6902 6925 6927 6948 6968 6983 
6801 6 6787 6790 6809 6852 6888 6942 
6802 7 4303 6783 6795 6844 6899 6908 6941 
6803 5 478 499 546 6792 6894 
6804 5 6782 6832 6863 6887 6948 
6805 5 6784 6842 6849 6913 6916 
6806 4 6868 6902 6967 6983 
6807 3 6839 6858 6901 
6808 4 2313 2425 6834 6936 
6809 8 6786 6788 6790 6801 6852 6905 6945 6960 
6810 5 1628 6811 6853 6952 6958 
6811 8 420 1628 1723 6810 6853 6862 6905 6963 
6812 6 6796 6822 6836 6846 6925 6962 
6813 5 6796 6800 6846 6925 6968 
6814 6 6791 6845 6883 6888 6919 6942 
6815 5 1994 2017 2043 6867 6966 
6816 5 6824 6828 6848 6866 6897 
6817 7 6785 6818 6842 6875 6916 6938 6985 
6818 8 6817 6869 6875 6880 6916 6931 6932 6973 
6819 6 4307 4424 6822 6861 6956 6978 
6820 4 6840 6875 6880 6938 
6821 4 6828 6856 6897 6906 
6822 12 4294 4307 4384 4457 6812 6819 6836 6879 6951 6959 6962 6978 
6823 6 6797 6850 6863 6876 6896 6913 
6824 7 6816 6825 6848 6854 6866 6924 6934 
6825 5 6824 6866 6912 6934 6945 
6826 8 6838 6840 6860 6866 6869 6880 6884 6917 
6827 8 6861 6865 6907 6925 6967 6978 6982 6984 
6828 6 6816 6821 6860 6866 6897 6906 
6829 7 6873 6885 6894 6912 6934 6940 6944 
6830 3 4303 6901 6981 
6831 4 6783 6908 6967 6975 
6832 4 6797 6804 6863 6948 
6833 6 2043 6867 6886 6955 6957 6979 
6834 10 2425 6808 6851 6864 6915 6936 6964 6965 6971 6977 
6835 5 6847 6878 6920 6954 6961 
6836 6 6812 6822 6865 6907 6925 6978 
6837 4 6782 6887 6904 6969 
6838 5 6826 6840 6860 6906 6938 
6839 5 6807 6851 6858 6901 6977 
6840 5 6820 6826 6838 6880 6938 
6841 8 6789 6794 6856 6871 6897 6909 6923 6937 
6842 5 6805 6817 6849 6916 6985 
6843 3 6893 6928 6950 
6844 6 4433 4444 6802 6899 6941 6980 
6845 6 1756 6790 6791 6814 6888 6891 
6846 9 6796 6812 6813 6857 6898 6914 6937 6962 6968 
6847 5 6835 6878 6913 6916 6954 
6848 6 6816 6824 6897 6900 6911 6924 
6849 7 6784 6799 6805 6842 6927 6953 6985 
6850 4 6797 6823 6913 6948 
6851 12 6793 6834 6839 6858 6864 6874 6929 6946 6970 6972 6976 6977 
6852 6 6787 6801 6809 6917 6930 6945 
6853 5 6810 6811 6862 6905 6952 
6854 5 6824 6873 6894 6924 6934 
6855 7 2007 2019 6878 6889 6892 6893 6933 
6856 6 6821 6841 6871 6897 6906 6938 
6857 5 6799 6846 6898 6927 6968 
6858 9 6807 6839 6851 6886 6901 6970 6972 6976 6981 
6859 8 384 426 445 494 551 6792 6924 6939 
6860 5 6826 6828 6838 6866 6906 
6861 11 4326 4340 4432 4433 6819 6827 6899 6956 6978 6980 6984 
6862 5 420 6811 6853 6905 6952 
6863 6 6782 6797 6804 6823 6832 6876 
6864 5 6834 6851 6929 6946 6964 
6865 4 6827 6836 6907 6925 
6866 8 6816 6824 6825 6826 6828 6860 6884 6945 
6867 8 1994 2043 6815 6833 6946 6955 6964 6966 
6868 5 6806 6882 6902 6967 6975 
6869 6 6818 6826 6880 6917 6932 6973 
6870 3 6886 6904 6979 
6871 8 6841 6856 6898 6914 6923 6937 6938 6985 
6872 4 2019 6876 6904 6979 
6873 5 6829 6854 6894 6934 6944 
6874 6 6793 6851 6886 6904 6969 6970 
6875 5 6817 6818 6820 6880 6938 
6876 10 2019 6782 6823 6863 6872 6896 6904 6920 6943 6961 
6877 4 6885 6940 6945 6960 
6878 8 6835 6847 6855 6889 6916 6931 6933 6961 
6879 6 4298 4457 6822 6937 6951 6959 
6880 6 6818 6820 6826 6840 6869 6875 
6881 5 1975 6915 6921 6922 6947 
6882 5 4303 6868 6902 6948 6975 
6883 6 1561 1592 1756 6791 6814 6919 
6884 4 6826 6866 6917 6945 
6885 7 391 499 6829 6877 6894 6940 6960 
6886 10 6833 6858 6870 6874 6904 6946 6955 6970 6972 6979 
6887 6 6782 6793 6804 6837 6948 6969 
6888 5 6790 6801 6814 6845 6942 
6889 5 6855 6878 6892 6931 6973 
6890 3 391 6905 6910 
6891 5 1756 6788 6790 6798 6845 
6892 6 6855 6889 6893 6932 6935 6973 
6893 11 692 1964 1996 2007 6843 6855 6892 6926 6928 6935 6950 
6894 13 452 494 499 546 6792 6803 6829 6854 6873 6885 6924 6939 6944 
6895 5 4333 6901 6903 6974 6977 
6896 5 6823 6876 6913 6920 6954 
6897 9 4327 6789 6816 6821 6828 6841 6848 6856 6911 
6898 7 6799 6846 6857 6871 6914 6953 6985 
6899 7 6802 6844 6861 6908 6980 6982 6984 
6900 2 6848 6911 
6901 10 4303 4333 6807 6830 6839 6858 6895 6903 6977 6981 
6902 6 6800 6806 6868 6882 6948 6983 
6903 4 4303 4333 6895 6901 
6904 10 6782 6837 6870 6872 6874 6876 6886 6943 6969 6979 
6905 20 391 420 1628 1654 1683 1723 1755 1767 6786 6788 6809 6811 6853 6862 6890 6910 6949 6952 6960 6963 
6906 6 6821 6828 6838 6856 6860 6938 
6907 4 6827 6836 6865 6978 
6908 6 6783 6802 6831 6899 6967 6982 
6909 4 4327 6789 6794 6841 
6910 4 391 6890 6905 6960 
6911 6 464 4327 6848 6897 6900 6924 
6912 5 6825 6829 6934 6940 6945 
6913 10 6784 6797 6805 6823 6847 6850 6896 6916 6948 6954 
6914 4 6846 6871 6898 6937 
6915 6 6834 6881 6921 6922 6965 6971 
6916 9 6805 6817 6818 6842 6847 6878 6913 6931 6973 
6917 7 6826 6852 6869 6884 6930 6932 6945 
6918 2 1756 6788 
6919 4 1561 6814 6883 6942 
6920 5 6835 6876 6896 6954 6961 
6921 7 1952 1975 6881 6915 6964 6965 6966 
6922 5 2308 6881 6915 6947 6971 
6923 3 6841 6871 6937 
6924 9 445 464 6792 6824 6848 6854 6859 6894 6911 
6925 9 6796 6800 6812 6813 6827 6836 6865 6967 6983 
6926 5 6787 6893 6930 6935 6950 
6927 7 6784 6799 6800 6849 6857 6948 6968 
6928 5 1964 6843 6893 6942 6950 
6929 3 6851 6864 6946 
6930 6 6787 6852 6917 6926 6932 6935 
6931 5 6818 6878 6889 6916 6973 
6932 7 6818 6869 6892 6917 6930 6935 6973 
6933 4 2019 6855 6878 6961 
6934 6 6824 6825 6829 6854 6873 6912 
6935 6 6787 6892 6893 6926 6930 6932 
6936 12 2249 2295 2313 2394 2447 4350 4456 4463 6808 6834 6974 6977 
6937 11 4298 4454 6794 6841 6846 6871 6879 6914 6923 6951 6962 
6938 10 6785 6817 6820 6838 6840 6856 6871 6875 6906 6985 
6939 5 452 494 6792 6859 6894 
6940 5 6829 6877 6885 6912 6945 
6941 5 4303 4330 4444 6802 6844 
6942 10 692 1561 1964 6787 6801 6814 6888 6919 6928 6950 
6943 3 6782 6876 6904 
6944 3 6829 6873 6894 
6945 10 6809 6825 6852 6866 6877 6884 6912 6917 6940 6960 
6946 8 6851 6864 6867 6886 6929 6955 6964 6972 
6947 6 1975 2008 2308 2337 6881 6922 
6948 13 4303 6784 6793 6797 6800 6804 6832 6850 6882 6887 6902 6913 6927 
6949 3 6786 6905 6960 
6950 6 6787 6843 6893 6926 6928 6942 
6951 4 6822 6879 6937 6962 
6952 7 1756 6788 6810 6853 6862 6905 6958 
6953 4 6799 6849 6898 6985 
6954 5 6835 6847 6896 6913 6920 
6955 4 6833 6867 6886 6946 
6956 5 4326 4340 4424 6819 6861 
6957 4 1991 2043 6833 6979 
6958 5 1628 1743 1756 6810 6952 
6959 3 4457 6822 6879 
6960 8 391 6809 6877 6885 6905 6910 6945 6949 
6961 6 2019 6835 6876 6878 6920 6933 
6962 5 6812 6822 6846 6937 6951 
6963 2 6811 6905 
6964 7 6834 6864 6867 6921 6946 6965 6966 
6965 4 6834 6915 6921 6964 
6966 6 1952 1994 6815 6867 6921 6964 
6967 9 6806 6827 6831 6868 6908 6925 6975 6982 6983 
6968 5 6800 6813 6846 6857 6927 
6969 5 6793 6837 6874 6887 6904 
6970 5 6851 6858 6874 6886 6976 
6971 5 2308 2425 6834 6915 6922 
6972 4 6851 6858 6886 6946 
6973 7 6818 6869 6889 6892 6916 6931 6932 
6974 5 4333 4463 6895 6936 6977 
6975 7 4303 6783 6795 6831 6868 6882 6967 
6976 5 6793 6851 6858 6970 6981 
6977 7 6834 6839 6851 6895 6901 6936 6974 
6978 6 6819 6822 6827 6836 6861 6907 
6979 9 1983 1991 2019 6833 6870 6872 6886 6904 6957 
6980 4 4433 6844 6861 6899 
6981 6 4303 6793 6830 6858 6901 6976 
6982 5 6827 6899 6908 6967 6984 
6983 5 6800 6806 6902 6925 6967 
6984 4 6827 6861 6899 6982 
6985 8 6785 6817 6842 6849 6871 6898 6938 6953 
6986 9 2387 6570 6664 6718 7072 7077 7186 7227 7237 
6987 8 7008 7076 7116 7135 7172 7183 7203 7240 
6988 4 229 6991 7071 7174 
6989 6 141 148 6991 7027 7053 7169 
6990 4 7006 7095 7178 7229 
6991 9 141 229 6988 6989 7027 7053 7060 7168 7174 
6992 5 7000 7050 7079 7215 7235 
6993 4 7014 7182 7218 7220 
6994 5 6999 7111 7156 7162 7235 
6995 6 7105 7119 7163 7189 7205 7209 
6996 8 7002 7025 7048 7049 7068 7115 7147 7242 
6997 6 7062 7100 7121 7143 7233 7246 
6998 4 7017 7151 7222 7235 
6999 4 6994 7148 7162 7235 
7000 6 6992 7050 7079 7179 7215 7229 
7001 5 7038 7069 7115 7130 7142 
7002 18 6996 7014 7025 7044 7048 7049 7068 7083 7108 7124 7140 7147 7182 7216 7221 7223 7231 7251 
7003 5 1824 1875 1900 7023 7132 
7004 5 7048 7070 7124 7147 7231 
7005 3 7066 7130 7159 
7006 5 6990 7087 7095 7096 7229 
7007 6 7039 7137 7150 7171 7208 7235 
7008 5 6987 7018 7076 7172 7203 
7009 4 1907 7013 7015 7205 
7010 4 7111 7156 7235 7245 
7011 6 7016 7045 7070 7078 7141 7179 
7012 6 7054 7123 7158 7168 7174 7211 
7013 5 1907 1909 1910 7009 7205 
7014 6 6993 7002 7016 7124 7182 7218 
7015 4 1907 7009 7205 7230 
7016 7 7011 7014 7020 7045 7070 7124 7218 
7017 5 6998 7059 7151 7222 7235 
7018 7 7008 7042 7076 7135 7138 7203 7225 
7019 5 7033 7040 7116 7193 7196 
7020 5 7016 7045 7179 7215 7218 
7021 7 6570 6751 7026 7091 7226 7232 7247 
7022 6 7033 7112 7166 7173 7180 7193 
7023 9 1900 6547 7003 7064 7091 7126 7132 7243 7247 
7024 7 7085 7092 7103 7106 7130 7139 7210 
7025 6 6996 7002 7069 7085 7115 7221 
7026 5 2387 6570 7021 7226 7232 
7027 7 6989 6991 7066 7159 7168 7169 7236 
7028 6 222 7042 7075 7135 7160 7204 
7029 9 60 61 71 7056 7103 7129 7191 7224 7248 
7030 8 7047 7089 7104 7117 7130 7136 7194 7216 
7031 5 7089 7116 7131 7181 7216 
7032 7 229 7060 7071 7158 7170 7174 7185 
7033 7 7019 7022 7116 7125 7153 7173 7193 
7034 5 7047 7123 7130 7168 7211 
7035 4 7091 7217 7232 7234 
7036 5 7132 7176 7187 7199 7241 
7037 4 1823 7088 7107 7205 
7038 5 7001 7115 7130 7142 7242 
7039 3 7007 7171 7235 
7040 6 7019 7046 7112 7172 7193 7196 
7041 7 166 210 7075 7170 7185 7195 7206 
7042 5 7018 7028 7135 7160 7225 
7043 3 7086 7107 7205 
7044 6 7002 7068 7128 7131 7216 7223 
7045 5 7011 7016 7020 7179 7218 
7046 5 7040 7112 7172 7183 7193 
7047 7 7030 7034 7089 7117 7130 7185 7211 
7048 7 6996 7002 7004 7070 7124 7147 7231 
7049 3 6996 7002 7068 
7050 3 6992 7000 7215 
7051 1 7116 
7052 1 7132 
7053 3 141 6989 6991 
7054 4 7012 7158 7170 7211 
7055 8 7120 7156 7163 7175 7187 7213 7235 7250 
7056 5 7029 7084 7152 7191 7224 
7057 6 141 147 148 159 194 7169 
7058 4 7092 7103 7164 7191 
7059 4 7017 7222 7235 7245 
7060 6 229 6991 7032 7071 7168 7174 
7061 6 7094 7097 7118 7132 7176 7243 
7062 6 6997 7096 7121 7198 7214 7246 
7063 3 7120 7175 7235 
7064 4 7023 7091 7099 7126 
7065 6 2233 2331 7114 7217 7234 7244 
7066 10 7005 7027 7081 7122 7130 7139 7159 7168 7228 7238 
7067 1 7205 
7068 9 6996 7002 7044 7049 7130 7188 7194 7216 7242 
7069 6 7001 7025 7085 7115 7130 7210 
7070 7 7004 7011 7016 7048 7078 7124 7231 
7071 4 6988 7032 7060 7174 
7072 4 2387 6986 7073 7237 
7073 4 2339 2387 7072 7237 
7074 2 7132 7243 
7075 8 222 7028 7041 7135 7185 7195 7204 7206 
7076 5 6987 7008 7018 7138 7240 
7077 9 2382 6625 6664 6738 6753 6767 6986 7227 7237 
7078 5 7011 7070 7100 7141 7231 
7079 7 6992 7000 7150 7171 7178 7229 7235 
7080 4 7114 7198 7234 7239 
7081 6 7066 7122 7130 7139 7228 7238 
7082 4 64 7084 7127 7198 
7083 7 7002 7090 7110 7140 7182 7200 7251 
7084 9 7056 7082 7100 7127 7129 7152 7198 7224 7246 
7085 6 7024 7025 7069 7092 7210 7221 
7086 5 1823 7043 7088 7107 7205 
7087 8 7006 7095 7096 7144 7154 7175 7199 7235 
7088 5 1823 7037 7086 7107 7205 
7089 7 7030 7031 7047 7135 7181 7185 7216 
7090 6 7083 7108 7110 7140 7220 7223 
7091 12 7021 7023 7035 7064 7099 7126 7133 7198 7226 7232 7234 7247 
7092 7 7024 7058 7085 7103 7164 7210 7221 
7093 5 7118 7133 7198 7214 7219 
7094 7 7061 7096 7118 7133 7176 7199 7241 
7095 6 6990 7006 7087 7154 7178 7235 
7096 9 7006 7062 7087 7094 7118 7121 7199 7214 7229 
7097 7 7061 7118 7132 7133 7134 7219 7243 
7098 2 7116 7125 
7099 7 7064 7091 7126 7132 7133 7134 7243 
7100 11 6997 7078 7084 7141 7143 7152 7161 7197 7231 7233 7246 
7101 4 7175 7187 7199 7250 
7102 1 7162 
7103 11 60 7024 7029 7058 7092 7113 7130 7155 7159 7191 7236 
7104 5 7030 7130 7145 7188 7194 
7105 5 6995 7205 7209 7213 7230 
7106 4 7024 7130 7139 7210 
7107 5 7037 7043 7086 7088 7205 
7108 4 7002 7090 7140 7223 
7109 7 159 161 189 275 7113 7155 7169 
7110 5 7083 7090 7140 7200 7220 
7111 6 6994 7010 7151 7156 7235 7245 
7112 7 7022 7040 7046 7166 7183 7193 7240 
7113 5 60 275 7103 7109 7155 
7114 5 7065 7080 7234 7239 7244 
7115 6 6996 7001 7025 7038 7069 7242 
7116 14 6987 7019 7031 7033 7051 7098 7125 7128 7131 7135 7153 7172 7181 7196 
7117 4 7030 7047 7130 7136 
7118 7 7061 7093 7094 7096 7097 7214 7219 
7119 3 6995 7177 7205 
7120 5 7055 7063 7175 7201 7235 
7121 5 6997 7062 7096 7229 7233 
7122 8 7066 7081 7130 7139 7165 7202 7228 7238 
7123 5 7012 7034 7130 7168 7211 
7124 8 7002 7004 7014 7016 7048 7070 7147 7231 
7125 4 7033 7098 7116 7153 
7126 5 7023 7064 7091 7099 7243 
7127 5 64 128 7082 7084 7129 
7128 5 7044 7116 7131 7216 7223 
7129 7 71 128 7029 7084 7127 7224 7248 
7130 31 7001 7005 7024 7030 7034 7038 7047 7066 7068 7069 7081 7103 7104 7106 7117 7122 7123 7136 7139 7142 7145 7159 7165 7168 7194 7202 7210 7216 7228 7238 7242 
7131 5 7031 7044 7116 7128 7216 
7132 14 1824 7003 7023 7036 7052 7061 7074 7097 7099 7146 7167 7176 7187 7243 
7133 9 7091 7093 7094 7097 7099 7134 7198 7199 7219 
7134 4 7097 7099 7133 7243 
7135 10 6987 7018 7028 7042 7075 7089 7116 7181 7185 7203 
7136 3 7030 7117 7130 
7137 1 7007 
7138 4 7018 7076 7225 7240 
7139 10 7024 7066 7081 7106 7122 7130 7202 7210 7228 7238 
7140 6 7002 7083 7090 7108 7110 7220 
7141 7 7011 7078 7100 7157 7161 7179 7197 
7142 5 7001 7038 7130 7202 7242 
7143 3 6997 7100 7246 
7144 3 7087 7175 7199 
7145 6 7104 7130 7188 7207 7212 7242 
7146 4 1824 7132 7167 7249 
7147 5 6996 7002 7004 7048 7124 
7148 4 6999 7149 7162 7235 
7149 5 7148 7162 7184 7192 7235 
7150 4 7007 7079 7171 7235 
7151 4 6998 7017 7111 7235 
7152 5 7056 7084 7100 7191 7231 
7153 5 7033 7116 7125 7173 7180 
7154 3 7087 7095 7235 
7155 5 7103 7109 7113 7169 7236 
7156 7 6994 7010 7055 7111 7162 7163 7235 
7157 6 7141 7161 7179 7197 7229 7233 
7158 5 7012 7032 7054 7170 7174 
7159 6 7005 7027 7066 7103 7130 7236 
7160 4 222 7028 7042 7225 
7161 5 7100 7141 7157 7197 7233 
7162 9 6994 6999 7102 7148 7149 7156 7163 7192 7235 
7163 9 6995 7055 7156 7162 7189 7192 7205 7209 7213 
7164 5 7058 7092 7191 7221 7231 
7165 4 7122 7130 7228 7238 
7166 7 139 201 239 7022 7112 7180 7240 
7167 5 7132 7146 7187 7213 7249 
7168 9 6991 7012 7027 7034 7060 7066 7123 7130 7174 
7169 8 148 159 6989 7027 7057 7109 7155 7236 
7170 8 210 229 7032 7041 7054 7158 7185 7211 
7171 6 7007 7039 7079 7150 7178 7235 
7172 8 6987 7008 7040 7046 7116 7183 7196 7203 
7173 4 7022 7033 7153 7180 
7174 9 229 6988 6991 7012 7032 7060 7071 7158 7168 
7175 9 7055 7063 7087 7101 7120 7144 7199 7235 7250 
7176 5 7036 7061 7094 7132 7241 
7177 2 7119 7205 
7178 6 6990 7079 7095 7171 7229 7235 
7179 8 7000 7011 7020 7045 7141 7157 7215 7229 
7180 4 7022 7153 7166 7173 
7181 4 7031 7089 7116 7135 
7182 7 6993 7002 7014 7083 7200 7220 7251 
7183 5 6987 7046 7112 7172 7240 
7184 3 7149 7189 7192 
7185 8 7032 7041 7047 7075 7089 7135 7170 7211 
7186 5 2387 6570 6597 6718 6986 
7187 8 7036 7055 7101 7132 7167 7199 7213 7250 
7188 7 7068 7104 7145 7194 7207 7212 7242 
7189 6 6995 7163 7184 7190 7192 7205 
7190 2 7189 7205 
7191 7 7029 7056 7058 7103 7152 7164 7231 
7192 5 7149 7162 7163 7184 7189 
7193 6 7019 7022 7033 7040 7046 7112 
7194 6 7030 7068 7104 7130 7188 7216 
7195 3 7041 7075 7206 
7196 4 7019 7040 7116 7172 
7197 4 7100 7141 7157 7161 
7198 16 56 64 74 75 133 7062 7080 7082 7084 7091 7093 7133 7214 7234 7239 7246 
7199 10 7036 7087 7094 7096 7101 7133 7144 7175 7187 7241 
7200 4 7083 7110 7182 7220 
7201 2 7120 7235 
7202 6 7122 7130 7139 7142 7210 7238 
7203 5 6987 7008 7018 7135 7172 
7204 2 7028 7075 
7205 21 1819 1823 1909 1929 6995 7009 7013 7015 7037 7043 7067 7086 7088 7105 7107 7119 7163 7177 7189 7190 7230 
7206 5 166 222 7041 7075 7195 
7207 4 7145 7188 7212 7242 
7208 2 7007 7235 
7209 4 6995 7105 7163 7213 
7210 8 7024 7069 7085 7092 7106 7130 7139 7202 
7211 7 7012 7034 7047 7054 7123 7170 7185 
7212 4 7145 7188 7207 7242 
7213 9 1907 7055 7105 7163 7167 7187 7209 7230 7249 
7214 5 7062 7093 7096 7118 7198 
7215 7 6992 7000 7020 7050 7179 7218 7235 
7216 10 7002 7030 7031 7044 7068 7089 7128 7130 7131 7194 
7217 6 2233 2393 7035 7065 7232 7234 
7218 8 6993 7014 7016 7020 7045 7215 7220 7235 
7219 4 7093 7097 7118 7133 
7220 8 6993 7090 7110 7140 7182 7200 7218 7235 
7221 6 7002 7025 7085 7092 7164 7231 
7222 4 6998 7017 7059 7235 
7223 5 7002 7044 7090 7108 7128 
7224 5 7029 7056 7084 7129 7248 
7225 6 222 7018 7042 7138 7160 7240 
7226 5 2387 7021 7026 7091 7232 
7227 3 6664 6986 7077 
7228 7 7066 7081 7122 7130 7139 7165 7238 
7229 10 6990 7000 7006 7079 7096 7121 7157 7178 7179 7233 
7230 5 1907 7015 7105 7205 7213 
7231 11 7002 7004 7048 7070 7078 7100 7124 7152 7164 7191 7221 
7232 8 2387 2393 7021 7026 7035 7091 7217 7226 
7233 6 6997 7100 7121 7157 7161 7229 
7234 7 7035 7065 7080 7091 7114 7198 7217 
7235 33 6992 6994 6998 6999 7007 7010 7017 7039 7055 7059 7063 7079 7087 7095 7111 7120 7148 7149 7150 7151 7154 7156 7162 7171 7175 7178 7201 7208 7215 7218 7220 7222 7245 
7236 5 7027 7103 7155 7159 7169 
7237 8 2232 2276 2339 2382 6986 7072 7073 7077 
7238 8 7066 7081 7122 7130 7139 7165 7202 7228 
7239 8 75 130 2320 2330 7080 7114 7198 7244 
7240 10 139 222 271 6987 7076 7112 7138 7166 7183 7225 
7241 4 7036 7094 7176 7199 
7242 10 6996 7038 7068 7115 7130 7142 7145 7188 7207 7212 
7243 8 7023 7061 7074 7097 7099 7126 7132 7134 
7244 6 2330 2331 2358 7065 7114 7239 
7245 4 7010 7059 7111 7235 
7246 6 6997 7062 7084 7100 7143 7198 
7247 6 6547 6570 6751 7021 7023 7091 
7248 3 7029 7129 7224 
7249 5 1824 1907 7146 7167 7213 
7250 4 7055 7101 7175 7187 
7251 3 7002 7083 7182 
7252 7 7265 7320 7347 7388 7397 7434 7469 
7253 7 6061 7272 7319 7325 7329 7354 7360 
7254 8 7264 7275 7299 7344 7357 7453 7459 7630 
7255 6 7288 7296 7351 7406 7413 7790 
7256 6 7324 7332 7337 7340 7354 7360 
7257 4 7337 7340 7359 7369 
7258 6 7274 7303 7358 7359 7369 7421 
7259 6 5936 7262 7272 7319 7354 7373 
7260 5 5064 5210 7415 7446 7450 
7261 4 7302 7407 7432 7475 
7262 9 5975 7259 7328 7354 7373 7379 7387 7393 7402 
7263 4 5920 7281 7305 7418 
7264 6 7254 7398 7449 7459 7630 7825 
7265 6 7252 7294 7388 7414 7417 7469 
7266 6 7297 7299 7334 7423 7445 7473 
7267 5 7287 7409 7457 7731 7813 
7268 11 7269 7320 7331 7397 7411 7412 7417 7434 7436 7454 7469 
7269 5 7268 7417 7436 7437 7469 
7270 3 7336 7344 7357 
7271 6 407 481 7276 7286 7300 7435 
7272 4 7253 7259 7319 7354 
7273 5 1430 7289 7310 7362 7426 
7274 6 7258 7326 7359 7421 7432 7439 
7275 5 7254 7429 7453 7473 7630 
7276 5 7271 7282 7286 7352 7435 
7277 5 7297 7445 7452 7458 7463 
7278 8 7295 7301 7306 7355 7390 7401 7432 7468 
7279 3 7433 7452 7455 
7280 6 7372 7398 7410 7449 7639 7742 
7281 8 5920 5992 7263 7284 7305 7314 7327 7416 
7282 6 7276 7335 7352 7384 7435 7472 
7283 3 7343 7369 7391 
7284 9 5875 5957 5973 5992 7281 7314 7362 7378 7416 
7285 5 5097 5124 7311 7313 7367 
7286 7 481 7271 7276 7288 7316 7351 7352 
7287 5 7267 7361 7457 7706 7813 
7288 6 7255 7286 7316 7351 7352 7413 
7289 6 1351 1430 6071 7273 7356 7362 
7290 6 7312 7353 7365 7425 7450 7470 
7291 3 7334 7422 7423 
7292 2 7417 7474 
7293 4 7394 7409 7471 7799 
7294 11 7265 7336 7349 7363 7388 7410 7417 7424 7431 7443 7451 
7295 5 7278 7380 7432 7441 7468 
7296 11 7255 7361 7368 7396 7406 7412 7448 7611 7783 7790 7803 
7297 6 7266 7277 7334 7445 7452 7455 
7298 6 5124 5210 7313 7415 7425 7446 
7299 7 7254 7266 7309 7344 7445 7453 7473 
7300 5 407 7271 7318 7384 7435 
7301 8 5066 7278 7306 7317 7348 7401 7432 7456 
7302 8 7261 7382 7407 7417 7432 7461 7474 7475 
7303 5 7258 7326 7380 7421 7432 
7304 5 5970 7325 7337 7369 7391 
7305 8 7263 7281 7327 7343 7374 7376 7400 7418 
7306 7 5066 7278 7301 7308 7390 7420 7430 
7307 7 1328 1371 1497 7310 7383 7389 7426 
7308 5 5113 7306 7377 7420 7430 
7309 7 7299 7321 7344 7408 7442 7445 7458 
7310 7 1328 7273 7307 7362 7364 7383 7426 
7311 6 1371 1497 5097 7285 7367 7389 
7312 5 5064 5164 7290 7365 7450 
7313 7 5124 7285 7298 7366 7367 7415 7425 
7314 4 5992 7281 7284 7416 
7315 5 5085 7433 7444 7458 7463 
7316 6 481 5419 5643 7286 7288 7413 
7317 4 7301 7348 7432 7461 
7318 6 407 501 7300 7328 7384 7402 
7319 6 5936 6063 7253 7259 7272 7329 
7320 4 7252 7268 7397 7434 
7321 7 5092 5095 5235 7309 7442 7447 7458 
7322 6 7382 7407 7411 7437 7460 7462 
7323 4 5085 5123 7447 7458 
7324 3 7256 7332 7354 
7325 11 5921 5932 5938 5970 6008 6015 6061 7253 7304 7337 7360 
7326 4 7274 7303 7421 7432 
7327 5 7281 7305 7330 7374 7416 
7328 7 501 570 7262 7318 7350 7387 7402 
7329 4 6061 6063 7253 7319 
7330 4 7327 7362 7374 7416 
7331 5 7268 7347 7434 7454 7457 
7332 9 7256 7324 7340 7354 7359 7371 7405 7428 7438 
7333 3 7411 7436 7437 
7334 14 3647 3679 3685 3699 3782 7266 7291 7297 7386 7422 7423 7429 7455 7473 
7335 12 7282 7345 7370 7371 7379 7384 7385 7402 7404 7435 7438 7472 
7336 15 5081 5143 7270 7294 7342 7344 7349 7357 7363 7408 7427 7431 7432 7443 7466 
7337 7 7256 7257 7304 7325 7340 7360 7369 
7338 5 3686 7339 7341 7399 7433 
7339 5 3678 3686 3734 7338 7399 
7340 6 7256 7257 7332 7337 7359 7428 
7341 5 3685 3686 7338 7386 7433 
7342 5 5143 5241 7336 7427 7456 
7343 8 7283 7305 7358 7369 7391 7400 7418 7419 
7344 8 7254 7270 7299 7309 7336 7357 7408 7466 
7345 5 7335 7354 7370 7379 7476 
7346 3 7410 7443 7449 
7347 8 7252 7331 7361 7388 7409 7434 7454 7457 
7348 4 7301 7317 7432 7456 
7349 5 7294 7336 7363 7427 7432 
7350 6 441 542 596 7328 7387 7393 
7351 9 7255 7286 7288 7352 7368 7385 7406 7411 7472 
7352 6 7276 7282 7286 7288 7351 7472 
7353 5 7290 7376 7403 7425 7470 
7354 13 7253 7256 7259 7262 7272 7324 7332 7345 7360 7370 7371 7379 7476 
7355 6 7278 7390 7441 7465 7468 7470 
7356 5 6014 6071 7289 7362 7378 
7357 7 7254 7270 7336 7344 7443 7449 7459 
7358 5 7258 7343 7369 7419 7421 
7359 8 7257 7258 7274 7332 7340 7369 7428 7439 
7360 6 6061 7253 7256 7325 7337 7354 
7361 8 7287 7296 7347 7396 7412 7454 7457 7706 
7362 10 7273 7284 7289 7310 7330 7356 7364 7374 7378 7416 
7363 8 7294 7336 7349 7395 7417 7432 7461 7474 
7364 6 7310 7362 7366 7374 7383 7425 
7365 7 5110 5164 7290 7312 7390 7465 7470 
7366 5 7313 7364 7367 7383 7425 
7367 6 7285 7311 7313 7366 7383 7389 
7368 5 7296 7351 7406 7411 7412 
7369 9 7257 7258 7283 7304 7337 7343 7358 7359 7391 
7370 5 7335 7345 7354 7371 7476 
7371 5 7332 7335 7354 7370 7438 
7372 5 7280 7410 7451 7464 7639 
7373 5 5936 5975 6027 7259 7262 
7374 7 7305 7327 7330 7362 7364 7376 7425 
7375 5 7381 7765 7793 7796 7822 
7376 6 7305 7353 7374 7400 7403 7425 
7377 5 5066 5113 5188 7308 7420 
7378 6 5957 6014 7284 7356 7362 7416 
7379 6 7262 7335 7345 7354 7402 7476 
7380 5 7295 7303 7421 7432 7441 
7381 5 3774 7375 7690 7765 7822 
7382 6 7302 7322 7407 7417 7432 7460 
7383 7 7307 7310 7364 7366 7367 7389 7426 
7384 6 7282 7300 7318 7335 7402 7435 
7385 5 7335 7351 7404 7411 7472 
7386 5 3685 7334 7341 7433 7455 
7387 6 570 596 7262 7328 7350 7393 
7388 7 7252 7265 7294 7347 7409 7424 7467 
7389 6 1371 1497 7307 7311 7367 7383 
7390 7 5110 7278 7306 7355 7365 7430 7465 
7391 9 5970 6016 6054 7283 7304 7343 7369 7418 7440 
7392 2 7411 7462 
7393 5 542 5975 7262 7350 7387 
7394 7 7293 7464 7467 7471 7607 7799 7814 
7395 3 7363 7414 7417 
7396 5 7296 7361 7448 7706 7783 
7397 4 7252 7268 7320 7469 
7398 6 7264 7280 7449 7742 7816 7825 
7399 8 3681 3734 5212 5214 7338 7339 7433 7444 
7400 5 7305 7343 7376 7403 7419 
7401 3 7278 7301 7432 
7402 6 7262 7318 7328 7335 7379 7384 
7403 6 7353 7376 7400 7419 7441 7470 
7404 5 7335 7385 7405 7411 7438 
7405 6 7332 7404 7411 7428 7438 7462 
7406 4 7255 7296 7351 7368 
7407 7 7261 7302 7322 7382 7411 7432 7462 
7408 7 5081 5095 7309 7336 7344 7442 7466 
7409 9 7267 7293 7347 7388 7457 7467 7471 7731 7799 
7410 7 7280 7294 7346 7372 7443 7449 7451 
7411 15 7268 7322 7333 7351 7368 7385 7392 7404 7405 7407 7412 7436 7437 7454 7462 
7412 6 7268 7296 7361 7368 7411 7454 
7413 8 5643 7255 7288 7316 7621 7627 7790 7794 
7414 3 7265 7395 7417 
7415 6 5124 5210 7260 7298 7313 7446 
7416 8 5957 7281 7284 7314 7327 7330 7362 7378 
7417 15 7265 7268 7269 7292 7294 7302 7363 7382 7395 7414 7432 7437 7460 7469 7474 
7418 6 5920 7263 7305 7343 7391 7440 
7419 6 7343 7358 7400 7403 7421 7441 
7420 4 5066 7306 7308 7377 
7421 8 7258 7274 7303 7326 7358 7380 7419 7441 
7422 6 3679 3774 7291 7334 7423 7429 
7423 4 7266 7291 7334 7422 
7424 5 7294 7388 7451 7464 7467 
7425 10 7290 7298 7313 7353 7364 7366 7374 7376 7446 7450 
7426 6 1328 1430 7273 7307 7310 7383 
7427 5 7336 7342 7349 7432 7456 
7428 6 7332 7340 7359 7405 7439 7462 
7429 6 3774 7275 7334 7422 7473 7630 
7430 6 5103 5110 5113 7306 7308 7390 
7431 3 7294 7336 7443 
7432 24 7261 7274 7278 7295 7301 7302 7303 7317 7326 7336 7348 7349 7363 7380 7382 7401 7407 7417 7427 7439 7456 7461 7462 7475 
7433 10 7279 7315 7338 7341 7386 7399 7444 7452 7455 7463 
7434 5 7252 7268 7320 7331 7347 
7435 6 7271 7276 7282 7300 7335 7384 
7436 5 7268 7269 7333 7411 7437 
7437 7 7269 7322 7333 7411 7417 7436 7460 
7438 5 7332 7335 7371 7404 7405 
7439 5 7274 7359 7428 7432 7462 
7440 4 5920 6016 7391 7418 
7441 8 7295 7355 7380 7403 7419 7421 7468 7470 
7442 4 5095 7309 7321 7408 
7443 7 7294 7336 7346 7357 7410 7431 7449 
7444 5 5085 5212 7315 7399 7433 
7445 6 7266 7277 7297 7299 7309 7458 
7446 5 7260 7298 7415 7425 7450 
7447 6 5072 5123 5235 7321 7323 7458 
7448 3 7296 7396 7783 
7449 8 7264 7280 7346 7357 7398 7410 7443 7459 
7450 6 5064 7260 7290 7312 7425 7446 
7451 5 7294 7372 7410 7424 7464 
7452 6 7277 7279 7297 7433 7455 7463 
7453 4 7254 7275 7299 7473 
7454 6 7268 7331 7347 7361 7411 7412 
7455 6 7279 7297 7334 7386 7433 7452 
7456 7 5066 5241 7301 7342 7348 7427 7432 
7457 6 7267 7287 7331 7347 7361 7409 
7458 9 5085 7277 7309 7315 7321 7323 7445 7447 7463 
7459 4 7254 7264 7357 7449 
7460 4 7322 7382 7417 7437 
7461 6 7302 7317 7363 7432 7474 7475 
7462 8 7322 7392 7405 7407 7411 7428 7432 7439 
7463 5 7277 7315 7433 7452 7458 
7464 7 7372 7394 7424 7451 7467 7639 7814 
7465 4 7355 7365 7390 7470 
7466 4 5081 7336 7344 7408 
7467 6 7388 7394 7409 7424 7464 7471 
7468 4 7278 7295 7355 7441 
7469 6 7252 7265 7268 7269 7397 7417 
7470 7 7290 7353 7355 7365 7403 7441 7465 
7471 4 7293 7394 7409 7467 
7472 5 7282 7335 7351 7352 7385 
7473 6 7266 7275 7299 7334 7429 7453 
7474 5 7292 7302 7363 7417 7461 
7475 4 7261 7302 7432 7461 
7476 4 7345 7354 7370 7379 
7477 11 3 7495 7502 7503 7508 7515 7526 7535 7548 7567 7583 
7478 5 7513 7547 7558 7559 7586 
7479 9 7502 7503 7512 7528 7531 7542 7543 7570 7583 
7480 6 7494 7523 7525 7536 7539 7546 
7481 3 27 7485 7551 
7482 4 7499 7501 7502 7570 
7483 5 7495 7538 7543 7546 7588 
7484 8 1481 5781 5791 5862 7498 7562 7563 7566 
7485 9 27 31 7481 7487 7501 7521 7541 7551 7585 
7486 6 7493 7497 7511 7540 7542 7555 
7487 7 7485 7491 7496 7501 7541 7573 7585 
7488 4 7493 7532 7537 7545 
7489 7 7496 7513 7521 7556 7560 7575 7585 
7490 3 7553 7561 7565 
7491 5 7487 7496 7505 7512 7573 
7492 4 7520 7561 7565 7575 
7493 6 7486 7488 7497 7540 7544 7545 
7494 5 3196 7480 7536 7539 7549 
7495 9 7477 7483 7508 7515 7534 7543 7571 7583 7588 
7496 9 7487 7489 7491 7505 7512 7575 7577 7578 7585 
7497 7 7486 7493 7517 7544 7552 7555 7581 
7498 9 1337 1481 5818 5819 5844 5862 7484 7527 7563 
7499 5 7482 7501 7502 7551 7569 
7500 6 14 49 7502 7551 7564 7569 
7501 10 7482 7485 7487 7499 7512 7541 7551 7568 7570 7573 
7502 12 7477 7479 7482 7499 7500 7503 7531 7535 7548 7564 7569 7570 
7503 6 7477 7479 7502 7526 7535 7583 
7504 3 7509 7524 7525 
7505 4 7491 7496 7512 7578 
7506 3 3172 3222 7536 
7507 1 7524 
7508 8 3 3173 3195 3214 7477 7495 7567 7571 
7509 6 7504 7517 7524 7525 7580 7582 
7510 3 3170 7534 7571 
7511 4 7486 7514 7540 7542 
7512 11 7479 7491 7496 7501 7505 7528 7531 7557 7568 7573 7578 
7513 8 7478 7489 7521 7547 7556 7559 7562 7572 
7514 7 7511 7528 7540 7542 7545 7557 7578 
7515 3 7477 7495 7583 
7516 7 7529 7532 7537 7545 7553 7565 7576 
7517 7 7497 7509 7524 7552 7579 7580 7581 
7518 6 4 8 31 1481 7521 7572 
7519 2 7532 7553 
7520 5 7492 7530 7554 7561 7575 
7521 8 31 7485 7489 7513 7518 7562 7572 7585 
7522 6 7543 7555 7579 7580 7584 7587 
7523 4 7480 7525 7546 7582 
7524 6 7504 7507 7509 7517 7544 7552 
7525 7 7480 7504 7509 7523 7533 7539 7582 
7526 3 7477 7503 7535 
7527 3 5818 5844 7498 
7528 6 7479 7512 7514 7542 7543 7557 
7529 4 7516 7565 7575 7576 
7530 4 7520 7554 7560 7575 
7531 5 7479 7502 7512 7568 7570 
7532 5 7488 7516 7519 7537 7553 
7533 2 7525 7539 
7534 6 3170 7495 7510 7536 7571 7588 
7535 4 7477 7502 7503 7526 
7536 10 3170 3172 3196 3222 7480 7494 7506 7534 7546 7588 
7537 4 7488 7516 7532 7545 
7538 6 7483 7543 7546 7582 7584 7587 
7539 4 7480 7494 7525 7533 
7540 5 7486 7493 7511 7514 7545 
7541 3 7485 7487 7501 
7542 7 7479 7486 7511 7514 7528 7543 7555 
7543 10 7479 7483 7495 7522 7528 7538 7542 7555 7583 7584 
7544 4 7493 7497 7524 7552 
7545 9 7488 7493 7514 7516 7537 7540 7574 7576 7578 
7546 7 7480 7483 7523 7536 7538 7582 7588 
7547 5 5781 7478 7513 7562 7586 
7548 5 3 44 7477 7502 7564 
7549 2 3196 7494 
7550 5 2 8 40 1320 1544 
7551 10 2 8 27 49 7481 7485 7499 7500 7501 7569 
7552 4 7497 7517 7524 7544 
7553 5 7490 7516 7519 7532 7565 
7554 6 7520 7530 7556 7558 7559 7560 
7555 7 7486 7497 7522 7542 7543 7579 7581 
7556 5 7489 7513 7554 7559 7560 
7557 4 7512 7514 7528 7578 
7558 4 7478 7554 7559 7586 
7559 5 7478 7513 7554 7556 7558 
7560 5 7489 7530 7554 7556 7575 
7561 4 7490 7492 7520 7565 
7562 7 5781 7484 7513 7521 7547 7566 7572 
7563 6 5781 5791 5819 5862 7484 7498 
7564 5 14 44 7500 7502 7548 
7565 7 7490 7492 7516 7529 7553 7561 7575 
7566 4 1481 7484 7562 7572 
7567 3 3 7477 7508 
7568 4 7501 7512 7531 7570 
7569 4 7499 7500 7502 7551 
7570 6 7479 7482 7501 7502 7531 7568 
7571 6 3170 3173 7495 7508 7510 7534 
7572 6 1481 7513 7518 7521 7562 7566 
7573 4 7487 7491 7501 7512 
7574 3 7545 7576 7578 
7575 10 7489 7492 7496 7520 7529 7530 7560 7565 7576 7577 
7576 7 7516 7529 7545 7574 7575 7577 7578 
7577 4 7496 7575 7576 7578 
7578 9 7496 7505 7512 7514 7545 7557 7574 7576 7577 
7579 5 7517 7522 7555 7580 7581 
7580 6 7509 7517 7522 7579 7582 7587 
7581 4 7497 7517 7555 7579 
7582 7 7509 7523 7525 7538 7546 7580 7587 
7583 6 7477 7479 7495 7503 7515 7543 
7584 4 7522 7538 7543 7587 
7585 6 31 7485 7487 7489 7496 7521 
7586 3 7478 7547 7558 
7587 5 7522 7538 7580 7582 7584 
7588 5 7483 7495 7534 7536 7546 
7589 6 7617 7662 7684 7731 7737 7799 
7590 4 7653 7746 7747 7779 
7591 4 3610 3740 7602 7808 
7592 6 5501 5555 5626 7595 7703 7724 
7593 4 7637 7665 7696 7815 
7594 4 7712 7727 7831 7836 
7595 7 5501 7592 7610 7624 7656 7724 7754 
7596 4 7673 7700 7718 7836 
7597 5 7626 7702 7704 7823 7836 
7598 6 7606 7608 7695 7769 7770 7833 
7599 4 7647 7667 7679 7785 
7600 5 7663 7671 7680 7764 7817 
7601 5 7603 7629 7633 7717 7810 
7602 5 3610 7591 7776 7807 7808 
7603 8 7601 7609 7629 7633 7684 7735 7786 7815 
7604 6 7634 7645 7687 7689 7719 7755 
7605 8 3650 3651 7614 7641 7658 7766 7776 7789 
7606 6 7598 7758 7769 7800 7819 7833 
7607 8 7394 7617 7622 7629 7684 7735 7799 7814 
7608 9 7598 7628 7661 7686 7760 7769 7770 7802 7819 
7609 5 7603 7665 7696 7786 7815 
7610 10 7595 7624 7647 7656 7679 7701 7713 7727 7754 7826 
7611 6 7296 7659 7671 7721 7790 7803 
7612 6 7613 7646 7669 7695 7710 7777 
7613 5 7612 7616 7646 7695 7710 
7614 4 7605 7620 7766 7776 
7615 6 7670 7744 7745 7773 7775 7807 
7616 6 7613 7646 7657 7695 7714 7818 
7617 4 7589 7607 7684 7799 
7618 5 7638 7692 7724 7727 7820 
7619 5 7649 7693 7716 7751 7795 
7620 8 7614 7670 7693 7766 7771 7775 7776 7795 
7621 8 5420 5460 5559 7413 7627 7659 7794 7805 
7622 6 7607 7629 7763 7806 7810 7814 
7623 7 7676 7677 7688 7715 7767 7772 7801 
7624 6 5501 5529 5695 7595 7610 7754 
7625 6 7638 7704 7723 7726 7727 7820 
7626 7 7597 7631 7668 7674 7702 7704 7723 
7627 4 7413 7621 7659 7790 
7628 4 7608 7661 7761 7819 
7629 7 7601 7603 7607 7622 7735 7806 7810 
7630 7 3774 7254 7264 7275 7429 7822 7825 
7631 3 7626 7704 7723 
7632 7 7739 7743 7749 7761 7782 7812 7814 
7633 4 7601 7603 7717 7786 
7634 4 7604 7687 7689 7698 
7635 6 7664 7720 7736 7740 7748 7753 
7636 4 3610 7683 7773 7807 
7637 8 7593 7655 7696 7699 7809 7815 7823 7836 
7638 9 7618 7625 7642 7643 7680 7692 7723 7768 7820 
7639 5 7280 7372 7464 7742 7814 
7640 8 7673 7696 7699 7700 7709 7752 7786 7791 
7641 6 3651 7605 7675 7697 7711 7789 
7642 6 5649 5660 7638 7643 7680 7692 
7643 5 7638 7642 7663 7680 7768 
7644 3 7704 7726 7836 
7645 5 3765 7604 7689 7711 7755 
7646 6 7612 7613 7616 7657 7710 7781 
7647 6 7599 7610 7679 7713 7785 7826 
7648 4 5373 5653 5689 7826 
7649 6 7619 7650 7693 7716 7781 7821 
7650 5 7649 7716 7750 7781 7824 
7651 7 7666 7677 7715 7738 7750 7781 7797 
7652 5 7682 7687 7779 7787 7835 
7653 9 7590 7676 7712 7732 7746 7757 7801 7804 7827 
7654 4 7683 7705 7734 7773 
7655 4 7637 7783 7809 7815 
7656 4 7595 7610 7724 7727 
7657 6 7616 7646 7714 7741 7781 7834 
7658 5 3650 3740 7605 7776 7808 
7659 7 7611 7621 7627 7660 7671 7790 7805 
7660 5 5362 7659 7671 7805 7817 
7661 8 3807 7608 7628 7760 7761 7793 7796 7812 
7662 5 7589 7684 7691 7737 7815 
7663 7 7600 7643 7674 7680 7733 7764 7768 
7664 4 7635 7736 7753 7788 
7665 4 7593 7609 7696 7815 
7666 6 7651 7746 7750 7757 7778 7797 
7667 4 7599 7679 7708 7785 
7668 5 7626 7674 7702 7733 7780 
7669 6 7612 7685 7710 7759 7777 7830 
7670 5 7615 7620 7775 7776 7807 
7671 8 7600 7611 7659 7660 7721 7764 7798 7817 
7672 3 4937 7678 7748 
7673 5 7596 7640 7700 7752 7836 
7674 6 7626 7663 7668 7723 7733 7768 
7675 4 3651 7641 7711 7725 
7676 7 7623 7653 7677 7715 7757 7797 7801 
7677 5 7623 7651 7676 7715 7797 
7678 5 4937 7672 7729 7736 7748 
7679 6 7599 7610 7647 7667 7701 7708 
7680 7 5649 7600 7638 7642 7643 7663 7817 
7681 5 7702 7780 7783 7809 7823 
7682 6 7652 7687 7750 7778 7779 7824 
7683 7 3610 3716 3735 7636 7654 7734 7773 
7684 7 7589 7603 7607 7617 7662 7735 7815 
7685 5 7669 7717 7759 7810 7830 
7686 5 7608 7705 7745 7770 7802 
7687 8 7604 7634 7652 7682 7698 7719 7740 7824 
7688 5 7623 7700 7718 7767 7772 
7689 7 7604 7634 7645 7698 7711 7725 7751 
7690 13 3612 3657 3716 3735 3774 3807 7381 7734 7760 7765 7784 7793 7802 
7691 4 7662 7737 7783 7815 
7692 6 5626 5660 7618 7638 7642 7724 
7693 6 7619 7620 7649 7771 7795 7821 
7694 7 7707 7714 7745 7774 7775 7818 7834 
7695 8 7598 7612 7613 7616 7770 7777 7818 7833 
7696 7 7593 7609 7637 7640 7665 7699 7786 
7697 7 7641 7711 7725 7751 7766 7789 7795 
7698 5 7634 7687 7689 7751 7824 
7699 5 7637 7640 7696 7791 7836 
7700 9 7596 7640 7673 7688 7709 7718 7730 7759 7772 
7701 7 7610 7679 7708 7727 7804 7811 7831 
7702 6 7597 7626 7668 7681 7780 7823 
7703 4 5375 5501 5555 7592 
7704 8 7597 7625 7626 7631 7644 7723 7726 7836 
7705 8 7654 7686 7734 7744 7745 7773 7784 7802 
7706 6 7287 7361 7396 7783 7813 7832 
7707 4 7694 7741 7774 7834 
7708 6 7667 7679 7701 7785 7804 7827 
7709 4 7640 7700 7730 7786 
7710 8 7612 7613 7646 7669 7728 7738 7759 7781 
7711 8 3651 3765 7641 7645 7675 7689 7697 7725 
7712 8 7594 7653 7732 7767 7801 7811 7831 7836 
7713 3 7610 7647 7826 
7714 5 7616 7657 7694 7818 7834 
7715 7 7623 7651 7676 7677 7728 7738 7772 
7716 5 7619 7649 7650 7751 7824 
7717 7 7601 7633 7685 7730 7759 7786 7810 
7718 5 7596 7688 7700 7767 7836 
7719 5 7604 7687 7740 7753 7755 
7720 3 7635 7740 7748 
7721 5 7611 7671 7783 7798 7803 
7722 1 7783 
7723 7 7625 7626 7631 7638 7674 7704 7768 
7724 7 5626 7592 7595 7618 7656 7692 7727 
7725 5 7675 7689 7697 7711 7751 
7726 5 7625 7644 7704 7727 7836 
7727 11 7594 7610 7618 7625 7656 7701 7724 7726 7820 7831 7836 
7728 5 7710 7715 7738 7759 7772 
7729 4 4937 4975 7678 7736 
7730 5 7700 7709 7717 7759 7786 
7731 8 7267 7409 7589 7737 7799 7813 7829 7832 
7732 4 7653 7712 7804 7811 
7733 6 7663 7668 7674 7764 7780 7798 
7734 6 3735 7654 7683 7690 7705 7784 
7735 4 7603 7607 7629 7684 
7736 11 3670 4906 4972 4975 7635 7664 7678 7729 7748 7762 7788 
7737 6 7589 7662 7691 7731 7783 7829 
7738 5 7651 7710 7715 7728 7781 
7739 5 7632 7743 7812 7816 7822 
7740 5 7635 7687 7719 7720 7753 
7741 7 7657 7707 7771 7774 7781 7821 7834 
7742 5 7280 7398 7639 7814 7816 
7743 4 7632 7739 7814 7816 
7744 4 7615 7705 7745 7773 
7745 8 7615 7686 7694 7705 7744 7770 7775 7818 
7746 6 7590 7653 7666 7757 7778 7779 
7747 4 7590 7779 7787 7835 
7748 5 7635 7672 7678 7720 7736 
7749 7 7632 7758 7761 7782 7800 7806 7828 
7750 7 7650 7651 7666 7682 7778 7781 7824 
7751 9 7619 7689 7697 7698 7716 7725 7766 7795 7824 
7752 4 7640 7673 7791 7836 
7753 7 7635 7664 7719 7740 7755 7762 7788 
7754 6 5529 7595 7610 7624 7756 7826 
7755 7 3670 3765 7604 7645 7719 7753 7762 
7756 4 5529 5628 7754 7826 
7757 5 7653 7666 7676 7746 7797 
7758 5 7606 7749 7800 7806 7833 
7759 8 7669 7685 7700 7710 7717 7728 7730 7772 
7760 6 3657 3807 7608 7661 7690 7802 
7761 7 7628 7632 7661 7749 7800 7812 7819 
7762 5 3670 7736 7753 7755 7788 
7763 4 7622 7806 7814 7828 
7764 5 7600 7663 7671 7733 7798 
7765 4 7375 7381 7690 7793 
7766 7 7605 7614 7620 7697 7751 7789 7795 
7767 6 7623 7688 7712 7718 7801 7836 
7768 5 7638 7643 7663 7674 7723 
7769 5 7598 7606 7608 7819 7833 
7770 6 7598 7608 7686 7695 7745 7818 
7771 6 7620 7693 7741 7774 7775 7821 
7772 6 7623 7688 7700 7715 7728 7759 
7773 7 7615 7636 7654 7683 7705 7744 7807 
7774 5 7694 7707 7741 7771 7775 
7775 7 7615 7620 7670 7694 7745 7771 7774 
7776 8 7602 7605 7614 7620 7658 7670 7807 7808 
7777 6 7612 7669 7695 7806 7830 7833 
7778 5 7666 7682 7746 7750 7779 
7779 7 7590 7652 7682 7746 7747 7778 7835 
7780 6 7668 7681 7702 7733 7783 7798 
7781 10 7646 7649 7650 7651 7657 7710 7738 7741 7750 7821 
7782 4 7632 7749 7814 7828 
7783 18 7296 7396 7448 7655 7681 7691 7706 7721 7722 7737 7780 7792 7798 7803 7809 7815 7829 7832 
7784 4 7690 7705 7734 7802 
7785 5 7599 7647 7667 7708 7827 
7786 8 7603 7609 7633 7640 7696 7709 7717 7730 
7787 3 7652 7747 7835 
7788 4 7664 7736 7753 7762 
7789 4 7605 7641 7697 7766 
7790 6 7255 7296 7413 7611 7627 7659 
7791 4 7640 7699 7752 7836 
7792 1 7783 
7793 6 3807 7375 7661 7690 7765 7796 
7794 6 5419 5420 5643 5676 7413 7621 
7795 6 7619 7620 7693 7697 7751 7766 
7796 5 7375 7661 7793 7812 7822 
7797 5 7651 7666 7676 7677 7757 
7798 6 7671 7721 7733 7764 7780 7783 
7799 7 7293 7394 7409 7589 7607 7617 7731 
7800 5 7606 7749 7758 7761 7819 
7801 5 7623 7653 7676 7712 7767 
7802 6 7608 7686 7690 7705 7760 7784 
7803 4 7296 7611 7721 7783 
7804 6 7653 7701 7708 7732 7811 7827 
7805 5 5362 5559 7621 7659 7660 
7806 10 7622 7629 7749 7758 7763 7777 7810 7828 7830 7833 
7807 8 3610 7602 7615 7636 7670 7773 7776 7808 
7808 6 3740 7591 7602 7658 7776 7807 
7809 5 7637 7655 7681 7783 7823 
7810 7 7601 7622 7629 7685 7717 7806 7830 
7811 5 7701 7712 7732 7804 7831 
7812 6 7632 7661 7739 7761 7796 7822 
7813 5 7267 7287 7706 7731 7832 
7814 12 7394 7464 7607 7622 7632 7639 7742 7743 7763 7782 7816 7828 
7815 10 7593 7603 7609 7637 7655 7662 7665 7684 7691 7783 
7816 7 7398 7739 7742 7743 7814 7822 7825 
7817 6 5362 5649 7600 7660 7671 7680 
7818 6 7616 7694 7695 7714 7745 7770 
7819 6 7606 7608 7628 7761 7769 7800 
7820 4 7618 7625 7638 7727 
7821 5 7649 7693 7741 7771 7781 
7822 9 3774 7375 7381 7630 7739 7796 7812 7816 7825 
7823 6 7597 7637 7681 7702 7809 7836 
7824 7 7650 7682 7687 7698 7716 7750 7751 
7825 5 7264 7398 7630 7816 7822 
7826 8 5373 5628 7610 7647 7648 7713 7754 7756 
7827 4 7653 7708 7785 7804 
7828 5 7749 7763 7782 7806 7814 
7829 4 7731 7737 7783 7832 
7830 5 7669 7685 7777 7806 7810 
7831 5 7594 7701 7712 7727 7811 
7832 5 7706 7731 7783 7813 7829 
7833 7 7598 7606 7695 7758 7769 7777 7806 
7834 5 7657 7694 7707 7714 7741 
7835 4 7652 7747 7779 7787 
7836 16 7594 7596 7597 7637 7644 7673 7699 7704 7712 7718 7726 7727 7752 7767 7791 7823 
7837 6 7838 7852 7910 7917 7925 8002 
7838 7 7837 7845 7873 7910 7925 7948 8003 
7839 4 7887 7890 7944 7983 
7840 5 7908 7921 7923 7932 8083 
7841 5 7875 7946 7956 8092 8118 
7842 5 7847 7890 7896 7945 8077 
7843 5 7915 7956 8029 8092 8123 
7844 8 7879 7899 7940 7955 7963 8038 8090 8125 
7845 6 7838 7910 7948 7988 8005 8023 
7846 5 7847 7896 7945 7983 8045 
7847 5 7842 7846 7890 7896 7983 
7848 2 7918 8068 
7849 5 7899 7977 8033 8052 8090 
7850 5 7863 7866 7895 7971 8108 
7851 6 6201 6318 7900 8001 8074 8087 
7852 5 3099 7837 7917 7925 8084 
7853 8 7897 7937 8022 8032 8035 8048 8113 8129 
7854 8 7860 7861 7903 7908 7923 7933 7974 8010 
7855 4 7918 8068 8106 8124 
7856 8 7874 7893 7911 7916 7922 7931 7952 7957 
7857 4 6574 6713 6778 7881 
7858 5 3378 3471 3489 7894 8037 
7859 6 7875 7881 7946 7967 7970 8047 
7860 5 7854 7861 7862 7923 8083 
7861 7 7854 7860 7862 7903 7928 8004 8054 
7862 6 7860 7861 7923 8004 8064 8083 
7863 6 7850 7866 7890 7895 8077 8078 
7864 6 6576 6632 6728 7969 8017 8055 
7865 7 7914 7953 7958 7961 8071 8085 8121 
7866 11 6181 6210 6244 7850 7863 7904 7971 8050 8078 8079 8093 
7867 7 7904 7919 7961 7985 8027 8043 8121 
7868 7 7892 7928 8004 8006 8016 8054 8071 
7869 6 3362 3506 7981 8014 8049 8104 
7870 7 6237 7889 7900 7916 7931 8001 8044 
7871 3 7997 8039 8073 
7872 3 7930 7978 8026 
7873 8 7838 7925 7990 8003 8013 8024 8099 8112 
7874 13 7856 7893 7902 7907 7911 7914 7931 8007 8012 8081 8105 8110 8115 
7875 9 7841 7859 7946 7956 7970 8000 8008 8061 8119 
7876 6 6769 7915 7941 8055 8111 8120 
7877 4 3371 7975 7997 8039 
7878 6 7929 8024 8067 8099 8101 8102 
7879 6 7844 7880 7955 8033 8041 8125 
7880 6 7879 8011 8040 8041 8097 8125 
7881 13 6574 6652 6778 7857 7859 7920 7947 7967 7993 8047 8051 8106 8124 
7882 10 7943 7988 7991 8025 8030 8064 8070 8083 8107 8114 
7883 5 6225 6307 7885 7985 8088 
7884 4 6582 6606 6739 7949 
7885 7 6225 6246 7883 7919 7985 8088 8091 
7886 4 7930 7978 8058 8095 
7887 4 7839 7944 7983 7989 
7888 5 7950 7977 7983 8046 8080 
7889 6 6237 6246 6257 6331 7870 8044 
7890 14 4623 7839 7842 7847 7863 7895 7898 7944 7983 7986 7989 8077 8079 8108 
7891 5 7962 7992 8009 8010 8011 
7892 5 7868 7958 7995 8016 8071 
7893 5 7856 7874 7911 7931 7952 
7894 6 3438 3489 7858 7909 8037 8068 
7895 5 7850 7863 7890 8079 8108 
7896 4 7842 7846 7847 7945 
7897 6 7853 7947 8022 8032 8113 8125 
7898 2 7890 8079 
7899 5 7844 7849 7940 8033 8090 
7900 5 7851 7870 7916 8001 8074 
7901 3 7924 7992 8125 
7902 12 7874 7914 7943 8006 8030 8031 8069 8070 8071 8081 8085 8114 
7903 6 7854 7861 7933 7976 8054 8059 
7904 8 6215 7866 7867 8027 8043 8050 8078 8094 
7905 5 2866 3003 7906 7960 8074 
7906 7 2952 3003 7905 7917 7957 7960 8002 
7907 6 7874 7911 7952 7957 8012 8021 
7908 7 7840 7854 7923 7932 7974 8029 8092 
7909 11 3398 3438 6558 6726 7894 7927 7935 7936 7982 7994 8068 
7910 5 7837 7838 7845 8002 8023 
7911 5 7856 7874 7893 7907 7952 
7912 6 7930 7981 8072 8080 8125 8126 
7913 4 4684 8058 8076 8095 
7914 7 7865 7874 7902 8007 8085 8115 8121 
7915 6 7843 7876 7941 8029 8120 8123 
7916 7 7856 7870 7900 7922 7931 7960 8074 
7917 6 2952 3099 7837 7852 7906 8002 
7918 3 7848 7855 8068 
7919 5 7867 7885 7985 8091 8121 
7920 1 7881 
7921 9 7840 7932 7965 7984 7998 8025 8057 8083 8086 
7922 4 7856 7916 7957 7960 
7923 6 7840 7854 7860 7862 7908 8083 
7924 2 7901 8125 
7925 7 7837 7838 7852 7873 8024 8084 8099 
7926 5 3136 6582 6693 7949 8099 
7927 3 7909 7935 8068 
7928 7 7861 7868 7943 8004 8006 8054 8069 
7929 9 7878 7990 8017 8024 8053 8101 8102 8117 8122 
7930 10 4865 7872 7886 7912 7934 7978 7981 8026 8058 8080 
7931 7 6237 7856 7870 7874 7893 7916 8115 
7932 6 7840 7908 7921 7984 8029 8120 
7933 13 7854 7903 7976 7980 7995 8010 8011 8016 8054 8056 8059 8077 8125 
7934 2 7930 7981 
7935 6 6558 6608 6726 7909 7927 8068 
7936 5 6383 7909 7982 7994 8018 
7937 5 3324 7853 7999 8035 8113 
7938 5 3837 6470 6485 7994 8018 
7939 5 6181 6359 8065 8079 8089 
7940 4 7844 7899 7955 8033 
7941 7 6575 6663 6769 7876 7915 7979 8123 
7942 4 3312 7981 8026 8127 
7943 8 7882 7902 7928 8004 8031 8064 8069 8070 
7944 4 7839 7887 7890 7989 
7945 6 7842 7846 7896 8045 8056 8077 
7946 7 7841 7859 7875 7962 8047 8103 8118 
7947 8 7881 7897 7993 8028 8037 8051 8113 8125 
7948 6 7838 7845 7991 7998 8003 8005 
7949 7 6582 6606 7884 7926 8067 8099 8102 
7950 6 7888 7983 7989 8020 8046 8080 
7951 4 8037 8051 8068 8106 
7952 5 7856 7893 7907 7911 7957 
7953 5 7865 7958 7961 8071 8082 
7954 5 7972 8065 8079 8093 8108 
7955 4 7844 7879 7940 8033 
7956 8 6690 7841 7843 7875 7979 8092 8119 8123 
7957 8 7856 7906 7907 7922 7952 7960 8002 8021 
7958 6 7865 7892 7953 7995 8071 8082 
7959 5 4820 7973 8015 8039 8095 
7960 6 7905 7906 7916 7922 7957 8074 
7961 6 7865 7867 7953 8027 8082 8121 
7962 7 7891 7946 7992 7996 8010 8103 8118 
7963 4 7844 8075 8090 8125 
7964 3 7970 8000 8061 
7965 6 7921 7990 7998 8013 8053 8086 
7966 2 8058 8095 
7967 7 6553 6652 6688 7859 7881 7970 8000 
7968 9 3324 3327 3404 3455 3478 3483 8035 8063 8126 
7969 6 6624 6632 6769 7864 8017 8055 
7970 6 7859 7875 7964 7967 8000 8061 
7971 6 7850 7866 7972 8079 8093 8108 
7972 5 7954 7971 8062 8079 8093 
7973 5 7959 7975 7978 8039 8095 
7974 6 7854 7908 7996 8010 8092 8118 
7975 8 3344 3371 3439 7877 7973 7978 8039 8127 
7976 3 7903 7933 8059 
7977 6 7849 7888 7983 8033 8052 8080 
7978 8 7872 7886 7930 7973 7975 8026 8095 8127 
7979 6 6575 6690 6729 7941 7956 8123 
7980 2 7933 8056 
7981 15 3312 3404 7869 7912 7930 7934 7942 8014 8026 8034 8036 8066 8072 8104 8128 
7982 7 6383 6402 6558 6592 6674 7909 7936 
7983 11 7839 7846 7847 7887 7888 7890 7950 7977 7989 8033 8045 
7984 7 7921 7932 8053 8086 8111 8120 8122 
7985 7 6238 7867 7883 7885 7919 8043 8088 
7986 1 7890 
7987 5 4665 4790 8019 8079 8109 
7988 8 7845 7882 8005 8012 8023 8030 8107 8114 
7989 8 4623 4695 7887 7890 7944 7950 7983 8020 
7990 6 7873 7929 7965 8013 8024 8053 
7991 7 7882 7948 7998 8005 8025 8057 8107 
7992 6 7891 7901 7962 8011 8103 8125 
7993 5 7881 7947 8047 8103 8125 
7994 9 3398 3485 3837 3908 3993 7909 7936 7938 8018 
7995 6 7892 7933 7958 8016 8077 8082 
7996 4 7962 7974 8010 8118 
7997 5 3371 7871 7877 8039 8073 
7998 8 7921 7948 7965 7991 8003 8013 8057 8112 
7999 6 3324 3378 3417 7937 8037 8113 
8000 8 6586 6688 7875 7964 7967 7970 8008 8061 
8001 7 6280 6318 7851 7870 7900 8044 8087 
8002 8 7837 7906 7910 7917 7957 8012 8021 8023 
8003 5 7838 7873 7948 7998 8112 
8004 6 7861 7862 7868 7928 7943 8064 
8005 5 7845 7948 7988 7991 8107 
8006 5 7868 7902 7928 8069 8071 
8007 3 7874 7914 8115 
8008 5 6586 7875 8000 8042 8119 
8009 3 7891 8010 8011 
8010 9 7854 7891 7933 7962 7974 7996 8009 8011 8125 
8011 9 7880 7891 7933 7992 8009 8010 8056 8097 8125 
8012 9 7874 7907 7988 8002 8021 8023 8030 8081 8110 
8013 5 7873 7965 7990 7998 8112 
8014 8 3312 3339 3362 3439 7869 7981 8049 8066 
8015 5 4820 7959 8039 8076 8098 
8016 5 7868 7892 7933 7995 8054 
8017 8 6728 7864 7929 7969 8053 8055 8117 8122 
8018 5 6383 6470 7936 7938 7994 
8019 4 4790 7987 8079 8109 
8020 4 4695 7950 7989 8080 
8021 4 7907 7957 8002 8012 
8022 3 7853 7897 8113 
8023 5 7845 7910 7988 8002 8012 
8024 6 7873 7878 7925 7929 7990 8099 
8025 5 7882 7921 7991 8057 8083 
8026 6 7872 7930 7942 7978 7981 8127 
8027 5 7867 7904 7961 8082 8094 
8028 3 7947 8037 8113 
8029 6 7843 7908 7915 7932 8092 8120 
8030 7 7882 7902 7988 8012 8081 8110 8114 
8031 3 7902 7943 8069 
8032 4 7853 7897 8048 8125 
8033 11 7849 7879 7899 7940 7955 7977 7983 8040 8041 8045 8056 
8034 4 3404 7981 8072 8126 
8035 7 3324 7853 7937 7968 8063 8125 8129 
8036 7 3320 3425 3506 7981 8049 8104 8128 
8037 10 3378 7858 7894 7947 7951 7999 8028 8051 8068 8113 
8038 2 7844 8125 
8039 10 7871 7877 7959 7973 7975 7997 8015 8073 8096 8098 
8040 5 7880 8033 8041 8056 8097 
8041 4 7879 7880 8033 8040 
8042 5 6586 6667 6679 8008 8119 
8043 5 6215 6238 7867 7904 7985 
8044 5 6257 6280 7870 7889 8001 
8045 5 7846 7945 7983 8033 8056 
8046 5 7888 7950 8052 8080 8090 
8047 6 7859 7881 7946 7993 8103 8125 
8048 4 7853 8032 8125 8129 
8049 6 3425 3506 7869 8014 8036 8104 
8050 4 6210 6215 7866 7904 
8051 6 6574 7881 7947 7951 8037 8106 
8052 5 7849 7977 8046 8080 8090 
8053 7 7929 7965 7984 7990 8017 8086 8122 
8054 7 7861 7868 7903 7928 7933 8016 8059 
8055 7 6769 7864 7876 7969 8017 8111 8122 
8056 9 7933 7945 7980 8011 8033 8040 8045 8077 8097 
8057 4 7921 7991 7998 8025 
8058 7 4684 4865 7886 7913 7930 7966 8095 
8059 4 7903 7933 7976 8054 
8060 7 3371 3393 4676 4688 4730 4798 8073 
8061 4 7875 7964 7970 8000 
8062 2 7972 8079 
8063 4 7968 8035 8125 8126 
8064 5 7862 7882 7943 8004 8083 
8065 4 7939 7954 8079 8089 
8066 4 3312 3362 7981 8014 
8067 4 7878 7949 8099 8102 
8068 14 6608 6659 6713 7848 7855 7894 7909 7918 7927 7935 7951 8037 8106 8124 
8069 5 7902 7928 7943 8006 8031 
8070 4 7882 7902 7943 8114 
8071 8 7865 7868 7892 7902 7953 7958 8006 8085 
8072 4 7912 7981 8034 8126 
8073 9 3371 4688 4826 4877 7871 7997 8039 8060 8096 
8074 9 2866 3129 6201 6318 7851 7900 7905 7916 7960 
8075 4 7963 8090 8100 8125 
8076 10 4684 4686 4752 4820 4833 7913 8015 8095 8096 8098 
8077 10 7842 7863 7890 7933 7945 7995 8056 8078 8082 8094 
8078 5 7863 7866 7904 8077 8094 
8079 25 4096 4623 4665 4685 4722 4790 4848 6181 6359 7866 7890 7895 7898 7939 7954 7971 7972 7987 8019 8062 8065 8089 8093 8108 8109 
8080 13 4674 4695 4865 7888 7912 7930 7950 7977 8020 8046 8052 8090 8125 
8081 6 7874 7902 8012 8030 8105 8110 
8082 7 7953 7958 7961 7995 8027 8077 8094 
8083 8 7840 7860 7862 7882 7921 7923 8025 8064 
8084 6 2939 3099 3136 7852 7925 8099 
8085 4 7865 7902 7914 8071 
8086 4 7921 7965 7984 8053 
8087 3 6318 7851 8001 
8088 5 6238 6307 7883 7885 7985 
8089 3 7939 8065 8079 
8090 9 7844 7849 7899 7963 8046 8052 8075 8080 8125 
8091 6 6237 6246 7885 7919 8115 8121 
8092 7 7841 7843 7908 7956 7974 8029 8118 
8093 6 7866 7954 7971 7972 8079 8108 
8094 5 7904 8027 8077 8078 8082 
8095 9 4820 7886 7913 7959 7966 7973 7978 8058 8076 
8096 6 4833 4877 8039 8073 8076 8098 
8097 4 7880 8011 8040 8056 
8098 4 8015 8039 8076 8096 
8099 10 3136 6693 7873 7878 7925 7926 7949 8024 8067 8084 
8100 2 8075 8125 
8101 5 6728 7878 7929 8102 8117 
8102 7 6606 6728 7878 7929 7949 8067 8101 
8103 6 7946 7962 7992 7993 8047 8125 
8104 4 7869 7981 8036 8049 
8105 2 7874 8081 
8106 6 7855 7881 7951 8051 8068 8124 
8107 4 7882 7988 7991 8005 
8108 7 7850 7890 7895 7954 7971 8079 8093 
8109 3 7987 8019 8079 
8110 4 7874 8012 8030 8081 
8111 5 7876 7984 8055 8120 8122 
8112 4 7873 7998 8003 8013 
8113 8 7853 7897 7937 7947 7999 8022 8028 8037 
8114 5 7882 7902 7988 8030 8070 
8115 7 6237 7874 7914 7931 8007 8091 8121 
8116 2 8125 8126 
8117 4 6728 7929 8017 8101 
8118 6 7841 7946 7962 7974 7996 8092 
8119 7 6667 6690 6729 7875 7956 8008 8042 
8120 7 7876 7915 7932 7984 8029 8111 8122 
8121 7 7865 7867 7914 7919 7961 8091 8115 
8122 7 7929 7984 8017 8053 8055 8111 8120 
8123 5 7843 7915 7941 7956 7979 
8124 6 6574 6713 7855 7881 8068 8106 
8125 28 7844 7879 7880 7897 7901 7912 7924 7933 7947 7963 7992 7993 8010 8011 8032 8035 8038 8047 8048 8063 8075 8080 8090 8100 8103 8116 8126 8129 
8126 8 3404 7912 7968 8034 8063 8072 8116 8125 
8127 6 3312 3439 7942 7975 7978 8026 
8128 5 3320 3404 3506 7981 8036 
8129 4 7853 8035 8048 8125 
8130 0  
8131 0  
